#! /opt/homebrew/Cellar/icarus-verilog/13.0/bin/vvp
:ivl_version "13.0 (stable)" "(v13_0)";
:ivl_delay_selection "TYPICAL";
:vpi_time_precision - 12;
:vpi_module "/opt/homebrew/Cellar/icarus-verilog/13.0/lib/ivl/system.vpi";
:vpi_module "/opt/homebrew/Cellar/icarus-verilog/13.0/lib/ivl/vhdl_sys.vpi";
:vpi_module "/opt/homebrew/Cellar/icarus-verilog/13.0/lib/ivl/vhdl_textio.vpi";
:vpi_module "/opt/homebrew/Cellar/icarus-verilog/13.0/lib/ivl/v2005_math.vpi";
:vpi_module "/opt/homebrew/Cellar/icarus-verilog/13.0/lib/ivl/va_math.vpi";
:vpi_module "/opt/homebrew/Cellar/icarus-verilog/13.0/lib/ivl/v2009.vpi";
S_0x101347fa0 .scope package, "$unit" "$unit" 2 1;
 .timescale 0 0;
S_0x101347ba0 .scope module, "picorv32_axi" "picorv32_axi" 3 2517;
 .timescale -9 -12;
    .port_info 0 /INPUT 1 "clk";
    .port_info 1 /INPUT 1 "resetn";
    .port_info 2 /OUTPUT 1 "trap";
    .port_info 3 /OUTPUT 1 "mem_axi_awvalid";
    .port_info 4 /INPUT 1 "mem_axi_awready";
    .port_info 5 /OUTPUT 32 "mem_axi_awaddr";
    .port_info 6 /OUTPUT 3 "mem_axi_awprot";
    .port_info 7 /OUTPUT 1 "mem_axi_wvalid";
    .port_info 8 /INPUT 1 "mem_axi_wready";
    .port_info 9 /OUTPUT 32 "mem_axi_wdata";
    .port_info 10 /OUTPUT 4 "mem_axi_wstrb";
    .port_info 11 /INPUT 1 "mem_axi_bvalid";
    .port_info 12 /OUTPUT 1 "mem_axi_bready";
    .port_info 13 /OUTPUT 1 "mem_axi_arvalid";
    .port_info 14 /INPUT 1 "mem_axi_arready";
    .port_info 15 /OUTPUT 32 "mem_axi_araddr";
    .port_info 16 /OUTPUT 3 "mem_axi_arprot";
    .port_info 17 /INPUT 1 "mem_axi_rvalid";
    .port_info 18 /OUTPUT 1 "mem_axi_rready";
    .port_info 19 /INPUT 32 "mem_axi_rdata";
    .port_info 20 /OUTPUT 1 "pcpi_valid";
    .port_info 21 /OUTPUT 32 "pcpi_insn";
    .port_info 22 /OUTPUT 32 "pcpi_rs1";
    .port_info 23 /OUTPUT 32 "pcpi_rs2";
    .port_info 24 /INPUT 1 "pcpi_wr";
    .port_info 25 /INPUT 32 "pcpi_rd";
    .port_info 26 /INPUT 1 "pcpi_wait";
    .port_info 27 /INPUT 1 "pcpi_ready";
    .port_info 28 /INPUT 32 "irq";
    .port_info 29 /OUTPUT 32 "eoi";
    .port_info 30 /OUTPUT 1 "trace_valid";
    .port_info 31 /OUTPUT 36 "trace_data";
P_0x1013546a0 .param/l "BARREL_SHIFTER" 0 3 2523, C4<0>;
P_0x1013546e0 .param/l "CATCH_ILLINSN" 0 3 2528, C4<1>;
P_0x101354720 .param/l "CATCH_MISALIGN" 0 3 2527, C4<1>;
P_0x101354760 .param/l "COMPRESSED_ISA" 0 3 2526, C4<0>;
P_0x1013547a0 .param/l "ENABLE_COUNTERS" 0 3 2518, C4<1>;
P_0x1013547e0 .param/l "ENABLE_COUNTERS64" 0 3 2519, C4<1>;
P_0x101354820 .param/l "ENABLE_DIV" 0 3 2532, C4<0>;
P_0x101354860 .param/l "ENABLE_FAST_MUL" 0 3 2531, C4<0>;
P_0x1013548a0 .param/l "ENABLE_IRQ" 0 3 2533, C4<0>;
P_0x1013548e0 .param/l "ENABLE_IRQ_QREGS" 0 3 2534, C4<1>;
P_0x101354920 .param/l "ENABLE_IRQ_TIMER" 0 3 2535, C4<1>;
P_0x101354960 .param/l "ENABLE_MUL" 0 3 2530, C4<0>;
P_0x1013549a0 .param/l "ENABLE_PCPI" 0 3 2529, C4<0>;
P_0x1013549e0 .param/l "ENABLE_REGS_16_31" 0 3 2520, C4<1>;
P_0x101354a20 .param/l "ENABLE_REGS_DUALPORT" 0 3 2521, C4<1>;
P_0x101354a60 .param/l "ENABLE_TRACE" 0 3 2536, C4<0>;
P_0x101354aa0 .param/l "LATCHED_IRQ" 0 3 2539, C4<11111111111111111111111111111111>;
P_0x101354ae0 .param/l "MASKED_IRQ" 0 3 2538, C4<00000000000000000000000000000000>;
P_0x101354b20 .param/l "PROGADDR_IRQ" 0 3 2541, C4<00000000000000000000000000010000>;
P_0x101354b60 .param/l "PROGADDR_RESET" 0 3 2540, C4<00000000000000000000000000000000>;
P_0x101354ba0 .param/l "REGS_INIT_ZERO" 0 3 2537, C4<0>;
P_0x101354be0 .param/l "STACKADDR" 0 3 2542, C4<11111111111111111111111111111111>;
P_0x101354c20 .param/l "TWO_CYCLE_ALU" 0 3 2525, C4<0>;
P_0x101354c60 .param/l "TWO_CYCLE_COMPARE" 0 3 2524, C4<0>;
P_0x101354ca0 .param/l "TWO_STAGE_SHIFT" 0 3 2522, C4<1>;
o0xa52c44310 .functor BUFZ 1, c4<z>; HiZ drive
v0xa52495360_0 .net "clk", 0 0, o0xa52c44310;  0 drivers
v0xa52495400_0 .net "eoi", 31 0, v0xa5248ef80_0;  1 drivers
o0xa52c47130 .functor BUFZ 32, c4<zzzzzzzzzzzzzzzzzzzzzzzzzzzzzzzz>; HiZ drive
v0xa524954a0_0 .net "irq", 31 0, o0xa52c47130;  0 drivers
v0xa52495540_0 .net "mem_addr", 31 0, v0xa524923a0_0;  1 drivers
v0xa524955e0_0 .net "mem_axi_araddr", 31 0, L_0xa530ac230;  1 drivers
v0xa52495680_0 .net "mem_axi_arprot", 2 0, L_0xa53556f80;  1 drivers
o0xa52c443d0 .functor BUFZ 1, c4<z>; HiZ drive
v0xa52495720_0 .net "mem_axi_arready", 0 0, o0xa52c443d0;  0 drivers
v0xa524957c0_0 .net "mem_axi_arvalid", 0 0, L_0xa530ac1c0;  1 drivers
v0xa52495860_0 .net "mem_axi_awaddr", 31 0, L_0xa530ac0e0;  1 drivers
L_0xa52c78010 .functor BUFT 1, C4<000>, C4<0>, C4<0>, C4<0>;
v0xa52495900_0 .net "mem_axi_awprot", 2 0, L_0xa52c78010;  1 drivers
o0xa52c44490 .functor BUFZ 1, c4<z>; HiZ drive
v0xa524959a0_0 .net "mem_axi_awready", 0 0, o0xa52c44490;  0 drivers
v0xa52495a40_0 .net "mem_axi_awvalid", 0 0, L_0xa530ac070;  1 drivers
v0xa52495ae0_0 .net "mem_axi_bready", 0 0, L_0xa530ac4d0;  1 drivers
o0xa52c44520 .functor BUFZ 1, c4<z>; HiZ drive
v0xa52495b80_0 .net "mem_axi_bvalid", 0 0, o0xa52c44520;  0 drivers
o0xa52c44550 .functor BUFZ 32, c4<zzzzzzzzzzzzzzzzzzzzzzzzzzzzzzzz>; HiZ drive
v0xa52495c20_0 .net "mem_axi_rdata", 31 0, o0xa52c44550;  0 drivers
v0xa52495cc0_0 .net "mem_axi_rready", 0 0, L_0xa530ac540;  1 drivers
o0xa52c445b0 .functor BUFZ 1, c4<z>; HiZ drive
v0xa52495d60_0 .net "mem_axi_rvalid", 0 0, o0xa52c445b0;  0 drivers
v0xa52495e00_0 .net "mem_axi_wdata", 31 0, L_0xa530ac380;  1 drivers
o0xa52c44610 .functor BUFZ 1, c4<z>; HiZ drive
v0xa52495ea0_0 .net "mem_axi_wready", 0 0, o0xa52c44610;  0 drivers
v0xa52495f40_0 .net "mem_axi_wstrb", 3 0, L_0xa530ac3f0;  1 drivers
v0xa52495fe0_0 .net "mem_axi_wvalid", 0 0, L_0xa530ac310;  1 drivers
v0xa52496080_0 .net "mem_instr", 0 0, v0xa52492800_0;  1 drivers
v0xa52496120_0 .net "mem_rdata", 31 0, L_0xa530ac5b0;  1 drivers
v0xa524961c0_0 .net "mem_ready", 0 0, L_0xa530ac460;  1 drivers
v0xa52496260_0 .net "mem_valid", 0 0, v0xa52493340_0;  1 drivers
v0xa52496300_0 .net "mem_wdata", 31 0, v0xa524933e0_0;  1 drivers
v0xa524963a0_0 .net "mem_wstrb", 3 0, v0xa52493520_0;  1 drivers
v0xa52496440_0 .net "pcpi_insn", 31 0, v0xa52493b60_0;  1 drivers
o0xa52c47eb0 .functor BUFZ 32, c4<zzzzzzzzzzzzzzzzzzzzzzzzzzzzzzzz>; HiZ drive
v0xa524964e0_0 .net "pcpi_rd", 31 0, o0xa52c47eb0;  0 drivers
o0xa52c47ee0 .functor BUFZ 1, c4<z>; HiZ drive
v0xa52496580_0 .net "pcpi_ready", 0 0, o0xa52c47ee0;  0 drivers
v0xa52496620_0 .net "pcpi_rs1", 31 0, L_0xa530ac930;  1 drivers
v0xa524966c0_0 .net "pcpi_rs2", 31 0, L_0xa530ac9a0;  1 drivers
v0xa52496760_0 .net "pcpi_valid", 0 0, v0xa52494460_0;  1 drivers
o0xa52c47fd0 .functor BUFZ 1, c4<z>; HiZ drive
v0xa52496800_0 .net "pcpi_wait", 0 0, o0xa52c47fd0;  0 drivers
o0xa52c48000 .functor BUFZ 1, c4<z>; HiZ drive
v0xa524968a0_0 .net "pcpi_wr", 0 0, o0xa52c48000;  0 drivers
o0xa52c447c0 .functor BUFZ 1, c4<z>; HiZ drive
v0xa52496940_0 .net "resetn", 0 0, o0xa52c447c0;  0 drivers
v0xa524969e0_0 .net "trace_data", 35 0, v0xa52495180_0;  1 drivers
v0xa52496a80_0 .net "trace_valid", 0 0, v0xa52495220_0;  1 drivers
v0xa52496b20_0 .net "trap", 0 0, v0xa524952c0_0;  1 drivers
S_0xa52958180 .scope module, "axi_adapter" "picorv32_axi_adapter" 3 2619, 3 2731 0, S_0x101347ba0;
 .timescale -9 -12;
    .port_info 0 /INPUT 1 "clk";
    .port_info 1 /INPUT 1 "resetn";
    .port_info 2 /OUTPUT 1 "mem_axi_awvalid";
    .port_info 3 /INPUT 1 "mem_axi_awready";
    .port_info 4 /OUTPUT 32 "mem_axi_awaddr";
    .port_info 5 /OUTPUT 3 "mem_axi_awprot";
    .port_info 6 /OUTPUT 1 "mem_axi_wvalid";
    .port_info 7 /INPUT 1 "mem_axi_wready";
    .port_info 8 /OUTPUT 32 "mem_axi_wdata";
    .port_info 9 /OUTPUT 4 "mem_axi_wstrb";
    .port_info 10 /INPUT 1 "mem_axi_bvalid";
    .port_info 11 /OUTPUT 1 "mem_axi_bready";
    .port_info 12 /OUTPUT 1 "mem_axi_arvalid";
    .port_info 13 /INPUT 1 "mem_axi_arready";
    .port_info 14 /OUTPUT 32 "mem_axi_araddr";
    .port_info 15 /OUTPUT 3 "mem_axi_arprot";
    .port_info 16 /INPUT 1 "mem_axi_rvalid";
    .port_info 17 /OUTPUT 1 "mem_axi_rready";
    .port_info 18 /INPUT 32 "mem_axi_rdata";
    .port_info 19 /INPUT 1 "mem_valid";
    .port_info 20 /INPUT 1 "mem_instr";
    .port_info 21 /OUTPUT 1 "mem_ready";
    .port_info 22 /INPUT 32 "mem_addr";
    .port_info 23 /INPUT 32 "mem_wdata";
    .port_info 24 /INPUT 4 "mem_wstrb";
    .port_info 25 /OUTPUT 32 "mem_rdata";
L_0xa530ac000 .functor AND 1, v0xa52493340_0, L_0xa528e3660, C4<1>, C4<1>;
L_0xa530ac070 .functor AND 1, L_0xa530ac000, L_0xa528e3700, C4<1>, C4<1>;
L_0xa530ac0e0 .functor BUFZ 32, v0xa524923a0_0, C4<00000000000000000000000000000000>, C4<00000000000000000000000000000000>, C4<00000000000000000000000000000000>;
L_0xa530ac150 .functor AND 1, v0xa52493340_0, L_0xa528e37a0, C4<1>, C4<1>;
L_0xa530ac1c0 .functor AND 1, L_0xa530ac150, L_0xa528e3840, C4<1>, C4<1>;
L_0xa530ac230 .functor BUFZ 32, v0xa524923a0_0, C4<00000000000000000000000000000000>, C4<00000000000000000000000000000000>, C4<00000000000000000000000000000000>;
L_0xa530ac2a0 .functor AND 1, v0xa52493340_0, L_0xa528e38e0, C4<1>, C4<1>;
L_0xa530ac310 .functor AND 1, L_0xa530ac2a0, L_0xa528e3980, C4<1>, C4<1>;
L_0xa530ac380 .functor BUFZ 32, v0xa524933e0_0, C4<00000000000000000000000000000000>, C4<00000000000000000000000000000000>, C4<00000000000000000000000000000000>;
L_0xa530ac3f0 .functor BUFZ 4, v0xa52493520_0, C4<0000>, C4<0000>, C4<0000>;
L_0xa530ac460 .functor OR 1, o0xa52c44520, o0xa52c445b0, C4<0>, C4<0>;
L_0xa530ac4d0 .functor AND 1, v0xa52493340_0, L_0xa528e3a20, C4<1>, C4<1>;
L_0xa530ac540 .functor AND 1, v0xa52493340_0, L_0xa528e3ac0, C4<1>, C4<1>;
L_0xa530ac5b0 .functor BUFZ 32, o0xa52c44550, C4<00000000000000000000000000000000>, C4<00000000000000000000000000000000>, C4<00000000000000000000000000000000>;
v0xa52892300_0 .net *"_ivl_1", 0 0, L_0xa528e3660;  1 drivers
v0xa528923a0_0 .net *"_ivl_13", 0 0, L_0xa528e37a0;  1 drivers
v0xa52891360_0 .net *"_ivl_15", 0 0, L_0xa530ac150;  1 drivers
v0xa52892080_0 .net *"_ivl_17", 0 0, L_0xa528e3840;  1 drivers
L_0xa52c78058 .functor BUFT 1, C4<100>, C4<0>, C4<0>, C4<0>;
v0xa52892120_0 .net/2u *"_ivl_22", 2 0, L_0xa52c78058;  1 drivers
L_0xa52c780a0 .functor BUFT 1, C4<000>, C4<0>, C4<0>, C4<0>;
v0xa528921c0_0 .net/2u *"_ivl_24", 2 0, L_0xa52c780a0;  1 drivers
v0xa52892260_0 .net *"_ivl_29", 0 0, L_0xa528e38e0;  1 drivers
v0xa52891f40_0 .net *"_ivl_3", 0 0, L_0xa530ac000;  1 drivers
v0xa52891400_0 .net *"_ivl_31", 0 0, L_0xa530ac2a0;  1 drivers
v0xa52891900_0 .net *"_ivl_33", 0 0, L_0xa528e3980;  1 drivers
v0xa528919a0_0 .net *"_ivl_43", 0 0, L_0xa528e3a20;  1 drivers
v0xa52891a40_0 .net *"_ivl_47", 0 0, L_0xa528e3ac0;  1 drivers
v0xa52891ae0_0 .net *"_ivl_5", 0 0, L_0xa528e3700;  1 drivers
v0xa52891b80_0 .var "ack_arvalid", 0 0;
v0xa52891c20_0 .var "ack_awvalid", 0 0;
v0xa52891cc0_0 .var "ack_wvalid", 0 0;
v0xa52891d60_0 .net "clk", 0 0, o0xa52c44310;  alias, 0 drivers
v0xa52891e00_0 .net "mem_addr", 31 0, v0xa524923a0_0;  alias, 1 drivers
v0xa52890d20_0 .net "mem_axi_araddr", 31 0, L_0xa530ac230;  alias, 1 drivers
v0xa52890dc0_0 .net "mem_axi_arprot", 2 0, L_0xa53556f80;  alias, 1 drivers
v0xa52890e60_0 .net "mem_axi_arready", 0 0, o0xa52c443d0;  alias, 0 drivers
v0xa52890f00_0 .net "mem_axi_arvalid", 0 0, L_0xa530ac1c0;  alias, 1 drivers
v0xa52890fa0_0 .net "mem_axi_awaddr", 31 0, L_0xa530ac0e0;  alias, 1 drivers
v0xa52891040_0 .net "mem_axi_awprot", 2 0, L_0xa52c78010;  alias, 1 drivers
v0xa528910e0_0 .net "mem_axi_awready", 0 0, o0xa52c44490;  alias, 0 drivers
v0xa52891180_0 .net "mem_axi_awvalid", 0 0, L_0xa530ac070;  alias, 1 drivers
v0xa528903c0_0 .net "mem_axi_bready", 0 0, L_0xa530ac4d0;  alias, 1 drivers
v0xa52890460_0 .net "mem_axi_bvalid", 0 0, o0xa52c44520;  alias, 0 drivers
v0xa52890500_0 .net "mem_axi_rdata", 31 0, o0xa52c44550;  alias, 0 drivers
v0xa528905a0_0 .net "mem_axi_rready", 0 0, L_0xa530ac540;  alias, 1 drivers
v0xa52890640_0 .net "mem_axi_rvalid", 0 0, o0xa52c445b0;  alias, 0 drivers
v0xa528906e0_0 .net "mem_axi_wdata", 31 0, L_0xa530ac380;  alias, 1 drivers
v0xa52890780_0 .net "mem_axi_wready", 0 0, o0xa52c44610;  alias, 0 drivers
v0xa52890820_0 .net "mem_axi_wstrb", 3 0, L_0xa530ac3f0;  alias, 1 drivers
v0xa528908c0_0 .net "mem_axi_wvalid", 0 0, L_0xa530ac310;  alias, 1 drivers
v0xa52892440_0 .net "mem_instr", 0 0, v0xa52492800_0;  alias, 1 drivers
v0xa528924e0_0 .net "mem_rdata", 31 0, L_0xa530ac5b0;  alias, 1 drivers
v0xa52892580_0 .net "mem_ready", 0 0, L_0xa530ac460;  alias, 1 drivers
v0xa52892620_0 .net "mem_valid", 0 0, v0xa52493340_0;  alias, 1 drivers
v0xa528926c0_0 .net "mem_wdata", 31 0, v0xa524933e0_0;  alias, 1 drivers
v0xa52892760_0 .net "mem_wstrb", 3 0, v0xa52493520_0;  alias, 1 drivers
v0xa52892800_0 .net "resetn", 0 0, o0xa52c447c0;  alias, 0 drivers
v0xa528928a0_0 .var "xfer_done", 0 0;
E_0xa524784c0 .event posedge, v0xa52891d60_0;
L_0xa528e3660 .reduce/or v0xa52493520_0;
L_0xa528e3700 .reduce/nor v0xa52891c20_0;
L_0xa528e37a0 .reduce/nor v0xa52493520_0;
L_0xa528e3840 .reduce/nor v0xa52891b80_0;
L_0xa53556f80 .functor MUXZ 3, L_0xa52c780a0, L_0xa52c78058, v0xa52492800_0, C4<>;
L_0xa528e38e0 .reduce/or v0xa52493520_0;
L_0xa528e3980 .reduce/nor v0xa52891cc0_0;
L_0xa528e3a20 .reduce/or v0xa52493520_0;
L_0xa528e3ac0 .reduce/nor v0xa52493520_0;
S_0xa52958000 .scope module, "picorv32_core" "picorv32" 3 2674, 3 62 0, S_0x101347ba0;
 .timescale -9 -12;
    .port_info 0 /INPUT 1 "clk";
    .port_info 1 /INPUT 1 "resetn";
    .port_info 2 /OUTPUT 1 "trap";
    .port_info 3 /OUTPUT 1 "mem_valid";
    .port_info 4 /OUTPUT 1 "mem_instr";
    .port_info 5 /INPUT 1 "mem_ready";
    .port_info 6 /OUTPUT 32 "mem_addr";
    .port_info 7 /OUTPUT 32 "mem_wdata";
    .port_info 8 /OUTPUT 4 "mem_wstrb";
    .port_info 9 /INPUT 32 "mem_rdata";
    .port_info 10 /OUTPUT 1 "mem_la_read";
    .port_info 11 /OUTPUT 1 "mem_la_write";
    .port_info 12 /OUTPUT 32 "mem_la_addr";
    .port_info 13 /OUTPUT 32 "mem_la_wdata";
    .port_info 14 /OUTPUT 4 "mem_la_wstrb";
    .port_info 15 /OUTPUT 1 "pcpi_valid";
    .port_info 16 /OUTPUT 32 "pcpi_insn";
    .port_info 17 /OUTPUT 32 "pcpi_rs1";
    .port_info 18 /OUTPUT 32 "pcpi_rs2";
    .port_info 19 /INPUT 1 "pcpi_wr";
    .port_info 20 /INPUT 32 "pcpi_rd";
    .port_info 21 /INPUT 1 "pcpi_wait";
    .port_info 22 /INPUT 1 "pcpi_ready";
    .port_info 23 /INPUT 32 "irq";
    .port_info 24 /OUTPUT 32 "eoi";
    .port_info 25 /OUTPUT 1 "trace_valid";
    .port_info 26 /OUTPUT 36 "trace_data";
P_0x1013554a0 .param/l "BARREL_SHIFTER" 0 3 69, C4<0>;
P_0x1013554e0 .param/l "CATCH_ILLINSN" 0 3 74, C4<1>;
P_0x101355520 .param/l "CATCH_MISALIGN" 0 3 73, C4<1>;
P_0x101355560 .param/l "COMPRESSED_ISA" 0 3 72, C4<0>;
P_0x1013555a0 .param/l "ENABLE_COUNTERS" 0 3 63, C4<1>;
P_0x1013555e0 .param/l "ENABLE_COUNTERS64" 0 3 64, C4<1>;
P_0x101355620 .param/l "ENABLE_DIV" 0 3 78, C4<0>;
P_0x101355660 .param/l "ENABLE_FAST_MUL" 0 3 77, C4<0>;
P_0x1013556a0 .param/l "ENABLE_IRQ" 0 3 79, C4<0>;
P_0x1013556e0 .param/l "ENABLE_IRQ_QREGS" 0 3 80, C4<1>;
P_0x101355720 .param/l "ENABLE_IRQ_TIMER" 0 3 81, C4<1>;
P_0x101355760 .param/l "ENABLE_MUL" 0 3 76, C4<0>;
P_0x1013557a0 .param/l "ENABLE_PCPI" 0 3 75, C4<0>;
P_0x1013557e0 .param/l "ENABLE_REGS_16_31" 0 3 65, C4<1>;
P_0x101355820 .param/l "ENABLE_REGS_DUALPORT" 0 3 66, C4<1>;
P_0x101355860 .param/l "ENABLE_TRACE" 0 3 82, C4<0>;
P_0x1013558a0 .param/l "LATCHED_IRQ" 0 3 85, C4<11111111111111111111111111111111>;
P_0x1013558e0 .param/l "LATCHED_MEM_RDATA" 0 3 67, C4<0>;
P_0x101355920 .param/l "MASKED_IRQ" 0 3 84, C4<00000000000000000000000000000000>;
P_0x101355960 .param/l "PROGADDR_IRQ" 0 3 87, C4<00000000000000000000000000010000>;
P_0x1013559a0 .param/l "PROGADDR_RESET" 0 3 86, C4<00000000000000000000000000000000>;
P_0x1013559e0 .param/l "REGS_INIT_ZERO" 0 3 83, C4<0>;
P_0x101355a20 .param/l "STACKADDR" 0 3 88, C4<11111111111111111111111111111111>;
P_0x101355a60 .param/l "TRACE_ADDR" 1 3 172, C4<001000000000000000000000000000000000>;
P_0x101355aa0 .param/l "TRACE_BRANCH" 1 3 171, C4<000100000000000000000000000000000000>;
P_0x101355ae0 .param/l "TRACE_IRQ" 1 3 173, C4<100000000000000000000000000000000000>;
P_0x101355b20 .param/l "TWO_CYCLE_ALU" 0 3 71, C4<0>;
P_0x101355b60 .param/l "TWO_CYCLE_COMPARE" 0 3 70, C4<0>;
P_0x101355ba0 .param/l "TWO_STAGE_SHIFT" 0 3 68, C4<1>;
P_0x101355be0 .param/l "WITH_PCPI" 1 3 169, C4<0>;
P_0x101355c20 .param/l "cpu_state_exec" 1 3 1176, C4<00001000>;
P_0x101355c60 .param/l "cpu_state_fetch" 1 3 1173, C4<01000000>;
P_0x101355ca0 .param/l "cpu_state_ld_rs1" 1 3 1174, C4<00100000>;
P_0x101355ce0 .param/l "cpu_state_ld_rs2" 1 3 1175, C4<00010000>;
P_0x101355d20 .param/l "cpu_state_ldmem" 1 3 1179, C4<00000001>;
P_0x101355d60 .param/l "cpu_state_shift" 1 3 1177, C4<00000100>;
P_0x101355da0 .param/l "cpu_state_stmem" 1 3 1178, C4<00000010>;
P_0x101355de0 .param/l "cpu_state_trap" 1 3 1172, C4<10000000>;
P_0x101355e20 .param/l "irq_buserror" 1 3 163, +C4<00000000000000000000000000000010>;
P_0x101355e60 .param/l "irq_ebreak" 1 3 162, +C4<00000000000000000000000000000001>;
P_0x101355ea0 .param/l "irq_timer" 1 3 161, +C4<00000000000000000000000000000000>;
P_0x101355ee0 .param/l "irqregs_offset" 1 3 165, +C4<00000000000000000000000000100000>;
P_0x101355f20 .param/l "regfile_size" 1 3 166, +C4<00000000000000000000000000100000>;
P_0x101355f60 .param/l "regindex_bits" 1 3 167, +C4<00000000000000000000000000000101>;
L_0xa530ac620 .functor BUFZ 1, v0xa52493340_0, C4<0>, C4<0>, C4<0>;
L_0xa530ac690 .functor BUFZ 1, v0xa52492800_0, C4<0>, C4<0>, C4<0>;
L_0xa530ac700 .functor BUFZ 1, L_0xa530ac460, C4<0>, C4<0>, C4<0>;
L_0xa530ac770 .functor BUFZ 32, v0xa524923a0_0, C4<00000000000000000000000000000000>, C4<00000000000000000000000000000000>, C4<00000000000000000000000000000000>;
L_0xa530ac7e0 .functor BUFZ 32, v0xa524933e0_0, C4<00000000000000000000000000000000>, C4<00000000000000000000000000000000>, C4<00000000000000000000000000000000>;
L_0xa530ac850 .functor BUFZ 4, v0xa52493520_0, C4<0000>, C4<0000>, C4<0000>;
L_0xa530ac8c0 .functor BUFZ 32, L_0xa530ac5b0, C4<00000000000000000000000000000000>, C4<00000000000000000000000000000000>, C4<00000000000000000000000000000000>;
L_0xa530ac930 .functor BUFZ 32, v0xa52494b40_0, C4<00000000000000000000000000000000>, C4<00000000000000000000000000000000>, C4<00000000000000000000000000000000>;
L_0xa530ac9a0 .functor BUFZ 32, v0xa52494be0_0, C4<00000000000000000000000000000000>, C4<00000000000000000000000000000000>, C4<00000000000000000000000000000000>;
L_0xa530aca10 .functor AND 1, v0xa52493340_0, L_0xa530ac460, C4<1>, C4<1>;
L_0xa52c783b8 .functor BUFT 1, C4<0>, C4<0>, C4<0>, C4<0>;
L_0xa530aca80 .functor AND 1, L_0xa52c783b8, v0xa52492620_0, C4<1>, C4<1>;
L_0xa530acaf0 .functor OR 1, L_0xa530aca10, L_0xa530aca80, C4<0>, C4<0>;
L_0xa530acb60 .functor AND 1, L_0xa530acaf0, L_0xa528e3c00, C4<1>, C4<1>;
L_0xa530acbd0 .functor OR 1, v0xa52492620_0, v0xa52492580_0, C4<0>, C4<0>;
L_0xa530acc40 .functor OR 1, L_0xa530acbd0, v0xa524926c0_0, C4<0>, C4<0>;
L_0xa530accb0 .functor AND 1, L_0xa530acb60, L_0xa530acc40, C4<1>, C4<1>;
L_0xa530acd20 .functor AND 1, L_0xa528e3ca0, v0xa52492620_0, C4<1>, C4<1>;
L_0xa530acd90 .functor OR 1, L_0xa530accb0, L_0xa530acd20, C4<0>, C4<0>;
L_0xa530ace00 .functor AND 1, o0xa52c447c0, L_0xa530acd90, C4<1>, C4<1>;
L_0xa530ace70 .functor AND 1, L_0xa528e3e80, L_0xa530acaf0, C4<1>, C4<1>;
L_0xa530acee0 .functor OR 1, L_0xa528e3d40, L_0xa530ace70, C4<0>, C4<0>;
L_0xa530acf50 .functor AND 1, L_0xa530ace00, L_0xa530acee0, C4<1>, C4<1>;
L_0xa530acfc0 .functor AND 1, o0xa52c447c0, L_0xa528e3f20, C4<1>, C4<1>;
L_0xa530ad030 .functor AND 1, L_0xa530acfc0, v0xa524926c0_0, C4<1>, C4<1>;
L_0xa530ad0a0 .functor AND 1, L_0xa5244fc00, L_0xa5244d860, C4<1>, C4<1>;
L_0xa530ad110 .functor OR 1, v0xa52492620_0, v0xa524924e0_0, C4<0>, C4<0>;
L_0xa530ad180 .functor OR 1, L_0xa530ad110, v0xa52492580_0, C4<0>, C4<0>;
L_0xa530ad1f0 .functor AND 1, L_0xa530ad0a0, L_0xa530ad180, C4<1>, C4<1>;
L_0xa52c78400 .functor BUFT 1, C4<0>, C4<0>, C4<0>, C4<0>;
L_0xa530ad260 .functor OR 1, L_0xa530ad1f0, L_0xa52c78400, C4<0>, C4<0>;
L_0xa530ad2d0 .functor AND 1, o0xa52c447c0, L_0xa530ad260, C4<1>, C4<1>;
L_0xa530ad340 .functor OR 1, v0xa524924e0_0, v0xa52492620_0, C4<0>, C4<0>;
L_0xa52c784d8 .functor BUFT 1, C4<0>, C4<0>, C4<0>, C4<0>;
L_0xa530ad3b0 .functor OR 1, L_0xa530acaf0, L_0xa52c784d8, C4<0>, C4<0>;
L_0xa530ad420 .functor BUFZ 32, L_0xa535572a0, C4<00000000000000000000000000000000>, C4<00000000000000000000000000000000>, C4<00000000000000000000000000000000>;
L_0xa52c78520 .functor BUFT 1, C4<1>, C4<0>, C4<0>, C4<0>;
L_0xa530ad490 .functor AND 1, L_0xa52c78520, L_0xa524bc140, C4<1>, C4<1>;
L_0xa530ad500 .functor AND 1, v0xa524921c0_0, v0xa52491d60_0, C4<1>, C4<1>;
L_0xa52c78568 .functor BUFT 1, C4<11111111111111111111111111111110>, C4<0>, C4<0>, C4<0>;
L_0xa530ad570 .functor AND 32, v0xa52494c80_0, L_0xa52c78568, C4<11111111111111111111111111111111>, C4<11111111111111111111111111111111>;
L_0xa530ad5e0 .functor AND 1, L_0xa52452e40, v0xa5248eda0_0, C4<1>, C4<1>;
L_0xa52c785f8 .functor BUFT 1, C4<1>, C4<0>, C4<0>, C4<0>;
L_0xa530ad650 .functor AND 1, L_0xa530ad5e0, L_0xa52c785f8, C4<1>, C4<1>;
v0xa52892940_0 .net *"_ivl_100", 31 0, L_0xa535570c0;  1 drivers
v0xa528929e0_0 .net *"_ivl_103", 29 0, L_0xa524bc0a0;  1 drivers
L_0xa52c78490 .functor BUFT 1, C4<00>, C4<0>, C4<0>, C4<0>;
v0xa52892a80_0 .net/2u *"_ivl_104", 1 0, L_0xa52c78490;  1 drivers
v0xa52892b20_0 .net *"_ivl_106", 31 0, L_0xa53557160;  1 drivers
v0xa52892bc0_0 .net/2u *"_ivl_110", 0 0, L_0xa52c784d8;  1 drivers
v0xa52892c60_0 .net *"_ivl_113", 0 0, L_0xa530ad3b0;  1 drivers
v0xa52892d00_0 .net/2u *"_ivl_118", 0 0, L_0xa52c78520;  1 drivers
v0xa52892da0_0 .net *"_ivl_120", 47 0, L_0xa535573e0;  1 drivers
v0xa52892e40_0 .net *"_ivl_123", 0 0, L_0xa524bc140;  1 drivers
v0xa52892ee0_0 .net *"_ivl_126", 3 0, L_0xa53557480;  1 drivers
v0xa52892f80_0 .net *"_ivl_131", 0 0, L_0xa530ad500;  1 drivers
v0xa52893020_0 .net/2u *"_ivl_132", 31 0, L_0xa52c78568;  1 drivers
v0xa528930c0_0 .net *"_ivl_134", 31 0, L_0xa530ad570;  1 drivers
L_0xa52c785b0 .functor BUFT 1, C4<01000000>, C4<0>, C4<0>, C4<0>;
v0xa52893160_0 .net/2u *"_ivl_138", 7 0, L_0xa52c785b0;  1 drivers
v0xa52893200_0 .net *"_ivl_140", 0 0, L_0xa52452e40;  1 drivers
v0xa528932a0_0 .net *"_ivl_143", 0 0, L_0xa530ad5e0;  1 drivers
v0xa52893340_0 .net/2u *"_ivl_144", 0 0, L_0xa52c785f8;  1 drivers
v0xa528933e0_0 .net *"_ivl_25", 0 0, L_0xa530aca10;  1 drivers
v0xa52893480_0 .net *"_ivl_27", 0 0, L_0xa530aca80;  1 drivers
v0xa52893520_0 .net *"_ivl_30", 3 0, L_0xa53557020;  1 drivers
v0xa528935c0_0 .net *"_ivl_35", 0 0, L_0xa528e3c00;  1 drivers
v0xa52893660_0 .net *"_ivl_37", 0 0, L_0xa530acb60;  1 drivers
v0xa52893700_0 .net *"_ivl_39", 0 0, L_0xa530acbd0;  1 drivers
v0xa528937a0_0 .net *"_ivl_41", 0 0, L_0xa530acc40;  1 drivers
v0xa52893840_0 .net *"_ivl_43", 0 0, L_0xa530accb0;  1 drivers
v0xa528938e0_0 .net *"_ivl_45", 0 0, L_0xa528e3ca0;  1 drivers
v0xa52893980_0 .net *"_ivl_47", 0 0, L_0xa530acd20;  1 drivers
v0xa52893a20_0 .net *"_ivl_49", 0 0, L_0xa530acd90;  1 drivers
v0xa52893ac0_0 .net *"_ivl_51", 0 0, L_0xa530ace00;  1 drivers
v0xa52893b60_0 .net *"_ivl_53", 0 0, L_0xa528e3d40;  1 drivers
v0xa52893c00_0 .net *"_ivl_55", 1 0, L_0xa528e3de0;  1 drivers
v0xa52893ca0_0 .net *"_ivl_57", 0 0, L_0xa528e3e80;  1 drivers
v0xa52893d40_0 .net *"_ivl_59", 0 0, L_0xa530ace70;  1 drivers
v0xa52893de0_0 .net *"_ivl_61", 0 0, L_0xa530acee0;  1 drivers
v0xa52893e80_0 .net *"_ivl_65", 0 0, L_0xa528e3f20;  1 drivers
v0xa52893f20_0 .net *"_ivl_67", 0 0, L_0xa530acfc0;  1 drivers
v0xa5248c000_0 .net *"_ivl_71", 0 0, L_0xa5244fc00;  1 drivers
v0xa5248c0a0_0 .net *"_ivl_73", 0 0, L_0xa5244d860;  1 drivers
v0xa5248c140_0 .net *"_ivl_75", 0 0, L_0xa530ad0a0;  1 drivers
v0xa5248c1e0_0 .net *"_ivl_77", 0 0, L_0xa530ad110;  1 drivers
v0xa5248c280_0 .net *"_ivl_79", 0 0, L_0xa530ad180;  1 drivers
v0xa5248c320_0 .net *"_ivl_81", 0 0, L_0xa530ad1f0;  1 drivers
v0xa5248c3c0_0 .net/2u *"_ivl_82", 0 0, L_0xa52c78400;  1 drivers
v0xa5248c460_0 .net *"_ivl_85", 0 0, L_0xa530ad260;  1 drivers
v0xa5248c500_0 .net *"_ivl_89", 0 0, L_0xa530ad340;  1 drivers
v0xa5248c5a0_0 .net *"_ivl_91", 29 0, L_0xa524bc000;  1 drivers
L_0xa52c79408 .functor BUFT 1, C4<000000000000000000000000000000>, C4<0>, C4<0>, C4<0>;
v0xa5248c640_0 .net *"_ivl_92", 29 0, L_0xa52c79408;  1 drivers
v0xa5248c6e0_0 .net *"_ivl_96", 29 0, L_0xa524bb8e0;  1 drivers
L_0xa52c78448 .functor BUFT 1, C4<00>, C4<0>, C4<0>, C4<0>;
v0xa5248c780_0 .net/2u *"_ivl_98", 1 0, L_0xa52c78448;  1 drivers
v0xa5248c820_0 .var "alu_add_sub", 31 0;
v0xa5248c8c0_0 .var "alu_eq", 0 0;
v0xa5248c960_0 .var "alu_lts", 0 0;
v0xa5248ca00_0 .var "alu_ltu", 0 0;
v0xa5248caa0_0 .var "alu_out", 31 0;
v0xa5248cb40_0 .var "alu_out_0", 0 0;
v0xa5248cbe0_0 .var "alu_out_0_q", 0 0;
v0xa5248cc80_0 .var "alu_out_q", 31 0;
v0xa5248cd20_0 .var "alu_shl", 31 0;
v0xa5248cdc0_0 .var "alu_shr", 31 0;
v0xa5248ce60_0 .var "alu_wait", 0 0;
v0xa5248cf00_0 .var "alu_wait_2", 0 0;
v0xa5248cfa0_0 .var "cached_ascii_instr", 63 0;
v0xa5248d040_0 .var "cached_insn_imm", 31 0;
v0xa5248d0e0_0 .var "cached_insn_opcode", 31 0;
v0xa5248d180_0 .var "cached_insn_rd", 4 0;
v0xa5248d220_0 .var "cached_insn_rs1", 4 0;
v0xa5248d2c0_0 .var "cached_insn_rs2", 4 0;
v0xa5248d360_0 .var "clear_prefetched_high_word", 0 0;
v0xa5248d400_0 .var "clear_prefetched_high_word_q", 0 0;
v0xa5248d4a0_0 .net "clk", 0 0, o0xa52c44310;  alias, 0 drivers
v0xa5248d540_0 .var "compressed_instr", 0 0;
v0xa5248d5e0_0 .var "count_cycle", 63 0;
v0xa5248d680_0 .var "count_instr", 63 0;
v0xa5248d720_0 .var "cpu_state", 7 0;
v0xa5248d7c0 .array "cpuregs", 31 0, 31 0;
v0xa5248d860_0 .var "cpuregs_rs1", 31 0;
v0xa5248d900_0 .var "cpuregs_rs2", 31 0;
v0xa5248d9a0_0 .var "cpuregs_wrdata", 31 0;
v0xa5248da40_0 .var "cpuregs_write", 0 0;
v0xa5248dae0_0 .var "current_pc", 31 0;
v0xa5248db80_0 .var "dbg_ascii_instr", 63 0;
v0xa5248dc20_0 .var "dbg_ascii_state", 127 0;
v0xa5248dcc0_0 .var "dbg_insn_addr", 31 0;
v0xa5248dd60_0 .var "dbg_insn_imm", 31 0;
v0xa5248de00_0 .var "dbg_insn_opcode", 31 0;
v0xa5248dea0_0 .var "dbg_insn_rd", 4 0;
v0xa5248df40_0 .var "dbg_insn_rs1", 4 0;
v0xa5248dfe0_0 .var "dbg_insn_rs2", 4 0;
v0xa5248e080_0 .net "dbg_mem_addr", 31 0, L_0xa530ac770;  1 drivers
v0xa5248e120_0 .net "dbg_mem_instr", 0 0, L_0xa530ac690;  1 drivers
v0xa5248e1c0_0 .net "dbg_mem_rdata", 31 0, L_0xa530ac8c0;  1 drivers
v0xa5248e260_0 .net "dbg_mem_ready", 0 0, L_0xa530ac700;  1 drivers
v0xa5248e300_0 .net "dbg_mem_valid", 0 0, L_0xa530ac620;  1 drivers
v0xa5248e3a0_0 .net "dbg_mem_wdata", 31 0, L_0xa530ac7e0;  1 drivers
v0xa5248e440_0 .net "dbg_mem_wstrb", 3 0, L_0xa530ac850;  1 drivers
v0xa5248e4e0_0 .var "dbg_next", 0 0;
v0xa5248e580_0 .var "dbg_rs1val", 31 0;
v0xa5248e620_0 .var "dbg_rs1val_valid", 0 0;
v0xa5248e6c0_0 .var "dbg_rs2val", 31 0;
v0xa5248e760_0 .var "dbg_rs2val_valid", 0 0;
v0xa5248e800_0 .var "dbg_valid_insn", 0 0;
v0xa5248e8a0_0 .var "decoded_imm", 31 0;
v0xa5248e940_0 .var "decoded_imm_j", 31 0;
v0xa5248e9e0_0 .var "decoded_rd", 4 0;
v0xa5248ea80_0 .var "decoded_rs", 4 0;
v0xa5248eb20_0 .var "decoded_rs1", 4 0;
v0xa5248ebc0_0 .var "decoded_rs2", 4 0;
v0xa5248ec60_0 .var "decoder_pseudo_trigger", 0 0;
v0xa5248ed00_0 .var "decoder_pseudo_trigger_q", 0 0;
v0xa5248eda0_0 .var "decoder_trigger", 0 0;
v0xa5248ee40_0 .var "decoder_trigger_q", 0 0;
v0xa5248eee0_0 .var "do_waitirq", 0 0;
v0xa5248ef80_0 .var "eoi", 31 0;
v0xa5248f020_0 .var "instr_add", 0 0;
v0xa5248f0c0_0 .var "instr_addi", 0 0;
v0xa5248f160_0 .var "instr_and", 0 0;
v0xa5248f200_0 .var "instr_andi", 0 0;
v0xa5248f2a0_0 .var "instr_auipc", 0 0;
v0xa5248f340_0 .var "instr_beq", 0 0;
v0xa5248f3e0_0 .var "instr_bge", 0 0;
v0xa5248f480_0 .var "instr_bgeu", 0 0;
v0xa5248f520_0 .var "instr_blt", 0 0;
v0xa5248f5c0_0 .var "instr_bltu", 0 0;
v0xa5248f660_0 .var "instr_bne", 0 0;
v0xa5248f700_0 .var "instr_ecall_ebreak", 0 0;
v0xa5248f7a0_0 .var "instr_fence", 0 0;
v0xa5248f840_0 .var "instr_getq", 0 0;
v0xa5248f8e0_0 .var "instr_jal", 0 0;
v0xa5248f980_0 .var "instr_jalr", 0 0;
v0xa5248fa20_0 .var "instr_lb", 0 0;
v0xa5248fac0_0 .var "instr_lbu", 0 0;
v0xa5248fb60_0 .var "instr_lh", 0 0;
v0xa5248fc00_0 .var "instr_lhu", 0 0;
v0xa5248fca0_0 .var "instr_lui", 0 0;
v0xa5248fd40_0 .var "instr_lw", 0 0;
v0xa5248fde0_0 .var "instr_maskirq", 0 0;
v0xa5248fe80_0 .var "instr_or", 0 0;
v0xa5248ff20_0 .var "instr_ori", 0 0;
v0xa52490000_0 .var "instr_rdcycle", 0 0;
v0xa524900a0_0 .var "instr_rdcycleh", 0 0;
v0xa52490140_0 .var "instr_rdinstr", 0 0;
v0xa524901e0_0 .var "instr_rdinstrh", 0 0;
v0xa52490280_0 .var "instr_retirq", 0 0;
v0xa52490320_0 .var "instr_sb", 0 0;
v0xa524903c0_0 .var "instr_setq", 0 0;
v0xa52490460_0 .var "instr_sh", 0 0;
v0xa52490500_0 .var "instr_sll", 0 0;
v0xa524905a0_0 .var "instr_slli", 0 0;
v0xa52490640_0 .var "instr_slt", 0 0;
v0xa524906e0_0 .var "instr_slti", 0 0;
v0xa52490780_0 .var "instr_sltiu", 0 0;
v0xa52490820_0 .var "instr_sltu", 0 0;
v0xa524908c0_0 .var "instr_sra", 0 0;
v0xa52490960_0 .var "instr_srai", 0 0;
v0xa52490a00_0 .var "instr_srl", 0 0;
v0xa52490aa0_0 .var "instr_srli", 0 0;
v0xa52490b40_0 .var "instr_sub", 0 0;
v0xa52490be0_0 .var "instr_sw", 0 0;
v0xa52490c80_0 .var "instr_timer", 0 0;
v0xa52490d20_0 .net "instr_trap", 0 0, L_0xa530ad490;  1 drivers
v0xa52490dc0_0 .var "instr_waitirq", 0 0;
v0xa52490e60_0 .var "instr_xor", 0 0;
v0xa52490f00_0 .var "instr_xori", 0 0;
v0xa52490fa0_0 .net "irq", 31 0, o0xa52c47130;  alias, 0 drivers
v0xa52491040_0 .var "irq_active", 0 0;
v0xa524910e0_0 .var "irq_delay", 0 0;
v0xa52491180_0 .var "irq_mask", 31 0;
v0xa52491220_0 .var "irq_pending", 31 0;
v0xa524912c0_0 .var "irq_state", 1 0;
v0xa52491360_0 .var "is_alu_reg_imm", 0 0;
v0xa52491400_0 .var "is_alu_reg_reg", 0 0;
v0xa524914a0_0 .var "is_beq_bne_blt_bge_bltu_bgeu", 0 0;
v0xa52491540_0 .var "is_compare", 0 0;
v0xa524915e0_0 .var "is_jalr_addi_slti_sltiu_xori_ori_andi", 0 0;
v0xa52491680_0 .var "is_lb_lh_lw_lbu_lhu", 0 0;
v0xa52491720_0 .var "is_lbu_lhu_lw", 0 0;
v0xa524917c0_0 .var "is_lui_auipc_jal", 0 0;
v0xa52491860_0 .var "is_lui_auipc_jal_jalr_addi_add_sub", 0 0;
v0xa52491900_0 .net "is_rdcycle_rdcycleh_rdinstr_rdinstrh", 0 0, L_0xa524bc1e0;  1 drivers
v0xa524919a0_0 .var "is_sb_sh_sw", 0 0;
v0xa52491a40_0 .var "is_sll_srl_sra", 0 0;
v0xa52491ae0_0 .var "is_slli_srli_srai", 0 0;
v0xa52491b80_0 .var "is_slti_blt_slt", 0 0;
v0xa52491c20_0 .var "is_sltiu_bltu_sltu", 0 0;
v0xa52491cc0_0 .var "last_mem_valid", 0 0;
v0xa52491d60_0 .var "latched_branch", 0 0;
v0xa52491e00_0 .var "latched_compr", 0 0;
v0xa52491ea0_0 .var "latched_is_lb", 0 0;
v0xa52491f40_0 .var "latched_is_lh", 0 0;
v0xa52491fe0_0 .var "latched_is_lu", 0 0;
v0xa52492080_0 .var "latched_rd", 4 0;
v0xa52492120_0 .var "latched_stalu", 0 0;
v0xa524921c0_0 .var "latched_store", 0 0;
v0xa52492260_0 .var "latched_trace", 0 0;
v0xa52492300_0 .net "launch_next_insn", 0 0, L_0xa530ad650;  1 drivers
v0xa524923a0_0 .var "mem_addr", 31 0;
v0xa52492440_0 .net "mem_busy", 0 0, L_0xa528e3b60;  1 drivers
v0xa524924e0_0 .var "mem_do_prefetch", 0 0;
v0xa52492580_0 .var "mem_do_rdata", 0 0;
v0xa52492620_0 .var "mem_do_rinst", 0 0;
v0xa524926c0_0 .var "mem_do_wdata", 0 0;
v0xa52492760_0 .net "mem_done", 0 0, L_0xa530acf50;  1 drivers
v0xa52492800_0 .var "mem_instr", 0 0;
v0xa524928a0_0 .net "mem_la_addr", 31 0, L_0xa53557200;  1 drivers
L_0xa52c78328 .functor BUFT 1, C4<0>, C4<0>, C4<0>, C4<0>;
v0xa52492940_0 .net "mem_la_firstword", 0 0, L_0xa52c78328;  1 drivers
v0xa524929e0_0 .var "mem_la_firstword_reg", 0 0;
L_0xa52c78370 .functor BUFT 1, C4<0>, C4<0>, C4<0>, C4<0>;
v0xa52492a80_0 .net "mem_la_firstword_xfer", 0 0, L_0xa52c78370;  1 drivers
v0xa52492b20_0 .net "mem_la_read", 0 0, L_0xa530ad2d0;  1 drivers
v0xa52492bc0_0 .var "mem_la_secondword", 0 0;
v0xa52492c60_0 .net "mem_la_use_prefetched_high_word", 0 0, L_0xa52c783b8;  1 drivers
v0xa52492d00_0 .var "mem_la_wdata", 31 0;
v0xa52492da0_0 .net "mem_la_write", 0 0, L_0xa530ad030;  1 drivers
v0xa52492e40_0 .var "mem_la_wstrb", 3 0;
v0xa52492ee0_0 .net "mem_rdata", 31 0, L_0xa530ac5b0;  alias, 1 drivers
v0xa52492f80_0 .net "mem_rdata_latched", 31 0, L_0xa530ad420;  1 drivers
v0xa52493020_0 .net "mem_rdata_latched_noshuffle", 31 0, L_0xa535572a0;  1 drivers
v0xa524930c0_0 .var "mem_rdata_q", 31 0;
v0xa52493160_0 .var "mem_rdata_word", 31 0;
v0xa52493200_0 .net "mem_ready", 0 0, L_0xa530ac460;  alias, 1 drivers
v0xa524932a0_0 .var "mem_state", 1 0;
v0xa52493340_0 .var "mem_valid", 0 0;
v0xa524933e0_0 .var "mem_wdata", 31 0;
v0xa52493480_0 .var "mem_wordsize", 1 0;
v0xa52493520_0 .var "mem_wstrb", 3 0;
v0xa524935c0_0 .net "mem_xfer", 0 0, L_0xa530acaf0;  1 drivers
v0xa52493660_0 .var "new_ascii_instr", 63 0;
v0xa52493700_0 .var "next_insn_opcode", 31 0;
v0xa524937a0_0 .var "next_irq_pending", 31 0;
v0xa52493840_0 .net "next_pc", 31 0, L_0xa53557340;  1 drivers
L_0xa52c78250 .functor BUFT 1, C4<xxxxxxxxxxxxxxxxxxxxxxxxxxxxxxxx>, C4<0>, C4<0>, C4<0>;
v0xa524938e0_0 .net "pcpi_div_rd", 31 0, L_0xa52c78250;  1 drivers
L_0xa52c782e0 .functor BUFT 1, C4<0>, C4<0>, C4<0>, C4<0>;
v0xa52493980_0 .net "pcpi_div_ready", 0 0, L_0xa52c782e0;  1 drivers
L_0xa52c78298 .functor BUFT 1, C4<0>, C4<0>, C4<0>, C4<0>;
v0xa52493a20_0 .net "pcpi_div_wait", 0 0, L_0xa52c78298;  1 drivers
L_0xa52c78208 .functor BUFT 1, C4<0>, C4<0>, C4<0>, C4<0>;
v0xa52493ac0_0 .net "pcpi_div_wr", 0 0, L_0xa52c78208;  1 drivers
v0xa52493b60_0 .var "pcpi_insn", 31 0;
v0xa52493c00_0 .var "pcpi_int_rd", 31 0;
v0xa52493ca0_0 .var "pcpi_int_ready", 0 0;
v0xa52493d40_0 .var "pcpi_int_wait", 0 0;
v0xa52493de0_0 .var "pcpi_int_wr", 0 0;
L_0xa52c78130 .functor BUFT 1, C4<xxxxxxxxxxxxxxxxxxxxxxxxxxxxxxxx>, C4<0>, C4<0>, C4<0>;
v0xa52493e80_0 .net "pcpi_mul_rd", 31 0, L_0xa52c78130;  1 drivers
L_0xa52c781c0 .functor BUFT 1, C4<0>, C4<0>, C4<0>, C4<0>;
v0xa52493f20_0 .net "pcpi_mul_ready", 0 0, L_0xa52c781c0;  1 drivers
L_0xa52c78178 .functor BUFT 1, C4<0>, C4<0>, C4<0>, C4<0>;
v0xa52494000_0 .net "pcpi_mul_wait", 0 0, L_0xa52c78178;  1 drivers
L_0xa52c780e8 .functor BUFT 1, C4<0>, C4<0>, C4<0>, C4<0>;
v0xa524940a0_0 .net "pcpi_mul_wr", 0 0, L_0xa52c780e8;  1 drivers
v0xa52494140_0 .net "pcpi_rd", 31 0, o0xa52c47eb0;  alias, 0 drivers
v0xa524941e0_0 .net "pcpi_ready", 0 0, o0xa52c47ee0;  alias, 0 drivers
v0xa52494280_0 .net "pcpi_rs1", 31 0, L_0xa530ac930;  alias, 1 drivers
v0xa52494320_0 .net "pcpi_rs2", 31 0, L_0xa530ac9a0;  alias, 1 drivers
v0xa524943c0_0 .var "pcpi_timeout", 0 0;
v0xa52494460_0 .var "pcpi_valid", 0 0;
v0xa52494500_0 .net "pcpi_wait", 0 0, o0xa52c47fd0;  alias, 0 drivers
v0xa524945a0_0 .net "pcpi_wr", 0 0, o0xa52c48000;  alias, 0 drivers
v0xa52494640_0 .var "prefetched_high_word", 0 0;
v0xa524946e0_0 .var "q_ascii_instr", 63 0;
v0xa52494780_0 .var "q_insn_imm", 31 0;
v0xa52494820_0 .var "q_insn_opcode", 31 0;
v0xa524948c0_0 .var "q_insn_rd", 4 0;
v0xa52494960_0 .var "q_insn_rs1", 4 0;
v0xa52494a00_0 .var "q_insn_rs2", 4 0;
v0xa52494aa0_0 .var "reg_next_pc", 31 0;
v0xa52494b40_0 .var "reg_op1", 31 0;
v0xa52494be0_0 .var "reg_op2", 31 0;
v0xa52494c80_0 .var "reg_out", 31 0;
v0xa52494d20_0 .var "reg_pc", 31 0;
v0xa52494dc0_0 .var "reg_sh", 4 0;
v0xa52494e60_0 .net "resetn", 0 0, o0xa52c447c0;  alias, 0 drivers
v0xa52494f00_0 .var "set_mem_do_rdata", 0 0;
v0xa52494fa0_0 .var "set_mem_do_rinst", 0 0;
v0xa52495040_0 .var "set_mem_do_wdata", 0 0;
v0xa524950e0_0 .var "timer", 31 0;
v0xa52495180_0 .var "trace_data", 35 0;
v0xa52495220_0 .var "trace_valid", 0 0;
v0xa524952c0_0 .var "trap", 0 0;
v0xa5248d7c0_0 .array/port v0xa5248d7c0, 0;
v0xa5248d7c0_1 .array/port v0xa5248d7c0, 1;
v0xa5248d7c0_2 .array/port v0xa5248d7c0, 2;
E_0xa52478500/0 .event anyedge, v0xa5248eb20_0, v0xa5248d7c0_0, v0xa5248d7c0_1, v0xa5248d7c0_2;
v0xa5248d7c0_3 .array/port v0xa5248d7c0, 3;
v0xa5248d7c0_4 .array/port v0xa5248d7c0, 4;
v0xa5248d7c0_5 .array/port v0xa5248d7c0, 5;
v0xa5248d7c0_6 .array/port v0xa5248d7c0, 6;
E_0xa52478500/1 .event anyedge, v0xa5248d7c0_3, v0xa5248d7c0_4, v0xa5248d7c0_5, v0xa5248d7c0_6;
v0xa5248d7c0_7 .array/port v0xa5248d7c0, 7;
v0xa5248d7c0_8 .array/port v0xa5248d7c0, 8;
v0xa5248d7c0_9 .array/port v0xa5248d7c0, 9;
v0xa5248d7c0_10 .array/port v0xa5248d7c0, 10;
E_0xa52478500/2 .event anyedge, v0xa5248d7c0_7, v0xa5248d7c0_8, v0xa5248d7c0_9, v0xa5248d7c0_10;
v0xa5248d7c0_11 .array/port v0xa5248d7c0, 11;
v0xa5248d7c0_12 .array/port v0xa5248d7c0, 12;
v0xa5248d7c0_13 .array/port v0xa5248d7c0, 13;
v0xa5248d7c0_14 .array/port v0xa5248d7c0, 14;
E_0xa52478500/3 .event anyedge, v0xa5248d7c0_11, v0xa5248d7c0_12, v0xa5248d7c0_13, v0xa5248d7c0_14;
v0xa5248d7c0_15 .array/port v0xa5248d7c0, 15;
v0xa5248d7c0_16 .array/port v0xa5248d7c0, 16;
v0xa5248d7c0_17 .array/port v0xa5248d7c0, 17;
v0xa5248d7c0_18 .array/port v0xa5248d7c0, 18;
E_0xa52478500/4 .event anyedge, v0xa5248d7c0_15, v0xa5248d7c0_16, v0xa5248d7c0_17, v0xa5248d7c0_18;
v0xa5248d7c0_19 .array/port v0xa5248d7c0, 19;
v0xa5248d7c0_20 .array/port v0xa5248d7c0, 20;
v0xa5248d7c0_21 .array/port v0xa5248d7c0, 21;
v0xa5248d7c0_22 .array/port v0xa5248d7c0, 22;
E_0xa52478500/5 .event anyedge, v0xa5248d7c0_19, v0xa5248d7c0_20, v0xa5248d7c0_21, v0xa5248d7c0_22;
v0xa5248d7c0_23 .array/port v0xa5248d7c0, 23;
v0xa5248d7c0_24 .array/port v0xa5248d7c0, 24;
v0xa5248d7c0_25 .array/port v0xa5248d7c0, 25;
v0xa5248d7c0_26 .array/port v0xa5248d7c0, 26;
E_0xa52478500/6 .event anyedge, v0xa5248d7c0_23, v0xa5248d7c0_24, v0xa5248d7c0_25, v0xa5248d7c0_26;
v0xa5248d7c0_27 .array/port v0xa5248d7c0, 27;
v0xa5248d7c0_28 .array/port v0xa5248d7c0, 28;
v0xa5248d7c0_29 .array/port v0xa5248d7c0, 29;
v0xa5248d7c0_30 .array/port v0xa5248d7c0, 30;
E_0xa52478500/7 .event anyedge, v0xa5248d7c0_27, v0xa5248d7c0_28, v0xa5248d7c0_29, v0xa5248d7c0_30;
v0xa5248d7c0_31 .array/port v0xa5248d7c0, 31;
E_0xa52478500/8 .event anyedge, v0xa5248d7c0_31, v0xa5248ebc0_0;
E_0xa52478500 .event/or E_0xa52478500/0, E_0xa52478500/1, E_0xa52478500/2, E_0xa52478500/3, E_0xa52478500/4, E_0xa52478500/5, E_0xa52478500/6, E_0xa52478500/7, E_0xa52478500/8;
E_0xa52478540/0 .event anyedge, v0xa5248d720_0, v0xa52494d20_0, v0xa52491e00_0, v0xa52491d60_0;
E_0xa52478540/1 .event anyedge, v0xa52492120_0, v0xa5248cc80_0, v0xa52494c80_0, v0xa524921c0_0;
E_0xa52478540/2 .event anyedge, v0xa52494aa0_0, v0xa52491220_0, v0xa52491180_0;
E_0xa52478540 .event/or E_0xa52478540/0, E_0xa52478540/1, E_0xa52478540/2;
E_0xa52478580/0 .event anyedge, v0xa5248d400_0, v0xa52494640_0, v0xa52491d60_0, v0xa524912c0_0;
E_0xa52478580/1 .event anyedge, v0xa52892800_0;
E_0xa52478580 .event/or E_0xa52478580/0, E_0xa52478580/1;
E_0xa524785c0/0 .event anyedge, v0xa5248c8c0_0, v0xa5248f340_0, v0xa5248f660_0, v0xa5248c960_0;
E_0xa524785c0/1 .event anyedge, v0xa5248f3e0_0, v0xa5248ca00_0, v0xa5248f480_0, v0xa52491b80_0;
E_0xa524785c0/2 .event anyedge, v0xa52491c20_0, v0xa5248c820_0, v0xa52491860_0, v0xa5248cb40_0;
E_0xa524785c0/3 .event anyedge, v0xa52491540_0, v0xa52494b40_0, v0xa52494be0_0, v0xa52490f00_0;
E_0xa524785c0/4 .event anyedge, v0xa52490e60_0, v0xa5248ff20_0, v0xa5248fe80_0, v0xa5248f200_0;
E_0xa524785c0/5 .event anyedge, v0xa5248f160_0, v0xa5248cd20_0, v0xa5248cdc0_0;
E_0xa524785c0 .event/or E_0xa524785c0/0, E_0xa524785c0/1, E_0xa524785c0/2, E_0xa524785c0/3, E_0xa524785c0/4, E_0xa524785c0/5;
E_0xa52478600 .event anyedge, v0xa5248d720_0;
E_0xa52478640/0 .event anyedge, v0xa524946e0_0, v0xa52494780_0, v0xa52494820_0, v0xa52494960_0;
E_0xa52478640/1 .event anyedge, v0xa52494a00_0, v0xa524948c0_0, v0xa5248e4e0_0, v0xa5248ed00_0;
E_0xa52478640/2 .event anyedge, v0xa5248cfa0_0, v0xa5248d040_0, v0xa5248d0e0_0, v0xa5248d220_0;
E_0xa52478640/3 .event anyedge, v0xa5248d2c0_0, v0xa5248d180_0, v0xa52493660_0, v0xa52493700_0;
E_0xa52478640/4 .event anyedge, v0xa5248e8a0_0, v0xa5248eb20_0, v0xa5248ebc0_0, v0xa5248e9e0_0;
E_0xa52478640 .event/or E_0xa52478640/0, E_0xa52478640/1, E_0xa52478640/2, E_0xa52478640/3, E_0xa52478640/4;
E_0xa52478680/0 .event anyedge, v0xa5248fca0_0, v0xa5248f2a0_0, v0xa5248f8e0_0, v0xa5248f980_0;
E_0xa52478680/1 .event anyedge, v0xa5248f340_0, v0xa5248f660_0, v0xa5248f520_0, v0xa5248f3e0_0;
E_0xa52478680/2 .event anyedge, v0xa5248f5c0_0, v0xa5248f480_0, v0xa5248fa20_0, v0xa5248fb60_0;
E_0xa52478680/3 .event anyedge, v0xa5248fd40_0, v0xa5248fac0_0, v0xa5248fc00_0, v0xa52490320_0;
E_0xa52478680/4 .event anyedge, v0xa52490460_0, v0xa52490be0_0, v0xa5248f0c0_0, v0xa524906e0_0;
E_0xa52478680/5 .event anyedge, v0xa52490780_0, v0xa52490f00_0, v0xa5248ff20_0, v0xa5248f200_0;
E_0xa52478680/6 .event anyedge, v0xa524905a0_0, v0xa52490aa0_0, v0xa52490960_0, v0xa5248f020_0;
E_0xa52478680/7 .event anyedge, v0xa52490b40_0, v0xa52490500_0, v0xa52490640_0, v0xa52490820_0;
E_0xa52478680/8 .event anyedge, v0xa52490e60_0, v0xa52490a00_0, v0xa524908c0_0, v0xa5248fe80_0;
E_0xa52478680/9 .event anyedge, v0xa5248f160_0, v0xa52490000_0, v0xa524900a0_0, v0xa52490140_0;
E_0xa52478680/10 .event anyedge, v0xa524901e0_0, v0xa5248f7a0_0, v0xa5248f840_0, v0xa524903c0_0;
E_0xa52478680/11 .event anyedge, v0xa52490280_0, v0xa5248fde0_0, v0xa52490dc0_0, v0xa52490c80_0;
E_0xa52478680 .event/or E_0xa52478680/0, E_0xa52478680/1, E_0xa52478680/2, E_0xa52478680/3, E_0xa52478680/4, E_0xa52478680/5, E_0xa52478680/6, E_0xa52478680/7, E_0xa52478680/8, E_0xa52478680/9, E_0xa52478680/10, E_0xa52478680/11;
E_0xa524786c0 .event anyedge, v0xa52493480_0, v0xa52494be0_0, v0xa528924e0_0, v0xa52494b40_0;
E_0xa52478700 .event anyedge, v0xa524940a0_0, v0xa52493e80_0, v0xa52493ac0_0, v0xa524938e0_0;
L_0xa53557020 .concat [ 1 1 1 1], v0xa524926c0_0, v0xa52492580_0, v0xa52492620_0, v0xa524924e0_0;
L_0xa528e3b60 .reduce/or L_0xa53557020;
L_0xa528e3c00 .reduce/or v0xa524932a0_0;
L_0xa528e3ca0 .reduce/and v0xa524932a0_0;
L_0xa528e3d40 .reduce/nor L_0xa52c78328;
L_0xa528e3de0 .part L_0xa530ad420, 0, 2;
L_0xa528e3e80 .reduce/nand L_0xa528e3de0;
L_0xa528e3f20 .reduce/nor v0xa524932a0_0;
L_0xa5244fc00 .reduce/nor L_0xa52c783b8;
L_0xa5244d860 .reduce/nor v0xa524932a0_0;
L_0xa524bc000 .part L_0xa53557340, 2, 30;
L_0xa524bb8e0 .arith/sum 30, L_0xa524bc000, L_0xa52c79408;
L_0xa535570c0 .concat [ 2 30 0 0], L_0xa52c78448, L_0xa524bb8e0;
L_0xa524bc0a0 .part v0xa52494b40_0, 2, 30;
L_0xa53557160 .concat [ 2 30 0 0], L_0xa52c78490, L_0xa524bc0a0;
L_0xa53557200 .functor MUXZ 32, L_0xa53557160, L_0xa535570c0, L_0xa530ad340, C4<>;
L_0xa535572a0 .functor MUXZ 32, v0xa524930c0_0, L_0xa530ac5b0, L_0xa530ad3b0, C4<>;
LS_0xa535573e0_0_0 .concat [ 1 1 1 1], v0xa52490c80_0, v0xa52490dc0_0, v0xa5248fde0_0, v0xa52490280_0;
LS_0xa535573e0_0_4 .concat [ 1 1 1 1], v0xa524903c0_0, v0xa5248f840_0, v0xa5248f7a0_0, v0xa524901e0_0;
LS_0xa535573e0_0_8 .concat [ 1 1 1 1], v0xa52490140_0, v0xa524900a0_0, v0xa52490000_0, v0xa5248f160_0;
LS_0xa535573e0_0_12 .concat [ 1 1 1 1], v0xa5248fe80_0, v0xa524908c0_0, v0xa52490a00_0, v0xa52490e60_0;
LS_0xa535573e0_0_16 .concat [ 1 1 1 1], v0xa52490820_0, v0xa52490640_0, v0xa52490500_0, v0xa52490b40_0;
LS_0xa535573e0_0_20 .concat [ 1 1 1 1], v0xa5248f020_0, v0xa52490960_0, v0xa52490aa0_0, v0xa524905a0_0;
LS_0xa535573e0_0_24 .concat [ 1 1 1 1], v0xa5248f200_0, v0xa5248ff20_0, v0xa52490f00_0, v0xa52490780_0;
LS_0xa535573e0_0_28 .concat [ 1 1 1 1], v0xa524906e0_0, v0xa5248f0c0_0, v0xa52490be0_0, v0xa52490460_0;
LS_0xa535573e0_0_32 .concat [ 1 1 1 1], v0xa52490320_0, v0xa5248fc00_0, v0xa5248fac0_0, v0xa5248fd40_0;
LS_0xa535573e0_0_36 .concat [ 1 1 1 1], v0xa5248fb60_0, v0xa5248fa20_0, v0xa5248f480_0, v0xa5248f5c0_0;
LS_0xa535573e0_0_40 .concat [ 1 1 1 1], v0xa5248f3e0_0, v0xa5248f520_0, v0xa5248f660_0, v0xa5248f340_0;
LS_0xa535573e0_0_44 .concat [ 1 1 1 1], v0xa5248f980_0, v0xa5248f8e0_0, v0xa5248f2a0_0, v0xa5248fca0_0;
LS_0xa535573e0_1_0 .concat [ 4 4 4 4], LS_0xa535573e0_0_0, LS_0xa535573e0_0_4, LS_0xa535573e0_0_8, LS_0xa535573e0_0_12;
LS_0xa535573e0_1_4 .concat [ 4 4 4 4], LS_0xa535573e0_0_16, LS_0xa535573e0_0_20, LS_0xa535573e0_0_24, LS_0xa535573e0_0_28;
LS_0xa535573e0_1_8 .concat [ 4 4 4 4], LS_0xa535573e0_0_32, LS_0xa535573e0_0_36, LS_0xa535573e0_0_40, LS_0xa535573e0_0_44;
L_0xa535573e0 .concat [ 16 16 16 0], LS_0xa535573e0_1_0, LS_0xa535573e0_1_4, LS_0xa535573e0_1_8;
L_0xa524bc140 .reduce/nor L_0xa535573e0;
L_0xa53557480 .concat [ 1 1 1 1], v0xa524901e0_0, v0xa52490140_0, v0xa524900a0_0, v0xa52490000_0;
L_0xa524bc1e0 .reduce/or L_0xa53557480;
L_0xa53557340 .functor MUXZ 32, v0xa52494aa0_0, L_0xa530ad570, L_0xa530ad500, C4<>;
L_0xa52452e40 .cmp/eq 8, v0xa5248d720_0, L_0xa52c785b0;
S_0xa52958300 .scope task, "empty_statement" "empty_statement" 3 214, 3 214 0, S_0xa52958000;
 .timescale -9 -12;
TD_picorv32_axi.picorv32_core.empty_statement ;
    %end;
S_0xa52958480 .scope generate, "genblk1" "genblk1" 3 285, 3 285 0, S_0xa52958000;
 .timescale -9 -12;
S_0xa52958600 .scope generate, "genblk2" "genblk2" 3 305, 3 305 0, S_0xa52958000;
 .timescale -9 -12;
S_0xa52958780 .scope generate, "genblk3" "genblk3" 3 1229, 3 1229 0, S_0xa52958000;
 .timescale -9 -12;
E_0xa52478740/0 .event anyedge, v0xa52490b40_0, v0xa52494b40_0, v0xa52494be0_0, v0xa524908c0_0;
E_0xa52478740/1 .event anyedge, v0xa52490960_0;
E_0xa52478740 .event/or E_0xa52478740/0, E_0xa52478740/1;
S_0x101345c30 .scope module, "picorv32_regs" "picorv32_regs" 3 2174;
 .timescale -9 -12;
    .port_info 0 /INPUT 1 "clk";
    .port_info 1 /INPUT 1 "wen";
    .port_info 2 /INPUT 6 "waddr";
    .port_info 3 /INPUT 6 "raddr1";
    .port_info 4 /INPUT 6 "raddr2";
    .port_info 5 /INPUT 32 "wdata";
    .port_info 6 /OUTPUT 32 "rdata1";
    .port_info 7 /OUTPUT 32 "rdata2";
L_0xa530ad6c0 .functor NOT 5, L_0xa524bc280, C4<00000>, C4<00000>, C4<00000>;
L_0xa530ad730 .functor BUFZ 32, L_0xa52452ee0, C4<00000000000000000000000000000000>, C4<00000000000000000000000000000000>, C4<00000000000000000000000000000000>;
L_0xa530ad7a0 .functor NOT 5, L_0xa524bc320, C4<00000>, C4<00000>, C4<00000>;
L_0xa530ad810 .functor BUFZ 32, L_0xa52452f80, C4<00000000000000000000000000000000>, C4<00000000000000000000000000000000>, C4<00000000000000000000000000000000>;
v0xa52496bc0_0 .net *"_ivl_0", 31 0, L_0xa52452ee0;  1 drivers
v0xa52496c60_0 .net *"_ivl_12", 31 0, L_0xa52452f80;  1 drivers
v0xa52496d00_0 .net *"_ivl_15", 4 0, L_0xa524bc320;  1 drivers
v0xa52496da0_0 .net *"_ivl_16", 4 0, L_0xa530ad7a0;  1 drivers
v0xa52496e40_0 .net *"_ivl_18", 6 0, L_0xa535575c0;  1 drivers
L_0xa52c78688 .functor BUFT 1, C4<00>, C4<0>, C4<0>, C4<0>;
v0xa52496ee0_0 .net *"_ivl_21", 1 0, L_0xa52c78688;  1 drivers
v0xa52496f80_0 .net *"_ivl_3", 4 0, L_0xa524bc280;  1 drivers
v0xa52497020_0 .net *"_ivl_4", 4 0, L_0xa530ad6c0;  1 drivers
v0xa524970c0_0 .net *"_ivl_6", 6 0, L_0xa53557520;  1 drivers
L_0xa52c78640 .functor BUFT 1, C4<00>, C4<0>, C4<0>, C4<0>;
v0xa52497160_0 .net *"_ivl_9", 1 0, L_0xa52c78640;  1 drivers
o0xa52c490e0 .functor BUFZ 1, c4<z>; HiZ drive
v0xa52497200_0 .net "clk", 0 0, o0xa52c490e0;  0 drivers
o0xa52c49110 .functor BUFZ 6, c4<zzzzzz>; HiZ drive
v0xa524972a0_0 .net "raddr1", 5 0, o0xa52c49110;  0 drivers
o0xa52c49140 .functor BUFZ 6, c4<zzzzzz>; HiZ drive
v0xa52497340_0 .net "raddr2", 5 0, o0xa52c49140;  0 drivers
v0xa524973e0_0 .net "rdata1", 31 0, L_0xa530ad730;  1 drivers
v0xa52497480_0 .net "rdata2", 31 0, L_0xa530ad810;  1 drivers
v0xa52497520 .array "regs", 30 0, 31 0;
o0xa52c491d0 .functor BUFZ 6, c4<zzzzzz>; HiZ drive
v0xa524975c0_0 .net "waddr", 5 0, o0xa52c491d0;  0 drivers
o0xa52c49200 .functor BUFZ 32, c4<zzzzzzzzzzzzzzzzzzzzzzzzzzzzzzzz>; HiZ drive
v0xa52497660_0 .net "wdata", 31 0, o0xa52c49200;  0 drivers
o0xa52c49230 .functor BUFZ 1, c4<z>; HiZ drive
v0xa52497700_0 .net "wen", 0 0, o0xa52c49230;  0 drivers
E_0xa52478780 .event posedge, v0xa52497200_0;
L_0xa52452ee0 .array/port v0xa52497520, L_0xa53557520;
L_0xa524bc280 .part o0xa52c49110, 0, 5;
L_0xa53557520 .concat [ 5 2 0 0], L_0xa530ad6c0, L_0xa52c78640;
L_0xa52452f80 .array/port v0xa52497520, L_0xa535575c0;
L_0xa524bc320 .part o0xa52c49140, 0, 5;
L_0xa535575c0 .concat [ 5 2 0 0], L_0xa530ad7a0, L_0xa52c78688;
S_0x1013396e0 .scope module, "picorv32_wb" "picorv32_wb" 3 2815;
 .timescale -9 -12;
    .port_info 0 /OUTPUT 1 "trap";
    .port_info 1 /INPUT 1 "wb_rst_i";
    .port_info 2 /INPUT 1 "wb_clk_i";
    .port_info 3 /OUTPUT 32 "wbm_adr_o";
    .port_info 4 /OUTPUT 32 "wbm_dat_o";
    .port_info 5 /INPUT 32 "wbm_dat_i";
    .port_info 6 /OUTPUT 1 "wbm_we_o";
    .port_info 7 /OUTPUT 4 "wbm_sel_o";
    .port_info 8 /OUTPUT 1 "wbm_stb_o";
    .port_info 9 /INPUT 1 "wbm_ack_i";
    .port_info 10 /OUTPUT 1 "wbm_cyc_o";
    .port_info 11 /OUTPUT 1 "pcpi_valid";
    .port_info 12 /OUTPUT 32 "pcpi_insn";
    .port_info 13 /OUTPUT 32 "pcpi_rs1";
    .port_info 14 /OUTPUT 32 "pcpi_rs2";
    .port_info 15 /INPUT 1 "pcpi_wr";
    .port_info 16 /INPUT 32 "pcpi_rd";
    .port_info 17 /INPUT 1 "pcpi_wait";
    .port_info 18 /INPUT 1 "pcpi_ready";
    .port_info 19 /INPUT 32 "irq";
    .port_info 20 /OUTPUT 32 "eoi";
    .port_info 21 /OUTPUT 1 "trace_valid";
    .port_info 22 /OUTPUT 36 "trace_data";
    .port_info 23 /OUTPUT 1 "mem_instr";
P_0x101354da0 .param/l "BARREL_SHIFTER" 0 3 2821, C4<0>;
P_0x101354de0 .param/l "CATCH_ILLINSN" 0 3 2826, C4<1>;
P_0x101354e20 .param/l "CATCH_MISALIGN" 0 3 2825, C4<1>;
P_0x101354e60 .param/l "COMPRESSED_ISA" 0 3 2824, C4<0>;
P_0x101354ea0 .param/l "ENABLE_COUNTERS" 0 3 2816, C4<1>;
P_0x101354ee0 .param/l "ENABLE_COUNTERS64" 0 3 2817, C4<1>;
P_0x101354f20 .param/l "ENABLE_DIV" 0 3 2830, C4<0>;
P_0x101354f60 .param/l "ENABLE_FAST_MUL" 0 3 2829, C4<0>;
P_0x101354fa0 .param/l "ENABLE_IRQ" 0 3 2831, C4<0>;
P_0x101354fe0 .param/l "ENABLE_IRQ_QREGS" 0 3 2832, C4<1>;
P_0x101355020 .param/l "ENABLE_IRQ_TIMER" 0 3 2833, C4<1>;
P_0x101355060 .param/l "ENABLE_MUL" 0 3 2828, C4<0>;
P_0x1013550a0 .param/l "ENABLE_PCPI" 0 3 2827, C4<0>;
P_0x1013550e0 .param/l "ENABLE_REGS_16_31" 0 3 2818, C4<1>;
P_0x101355120 .param/l "ENABLE_REGS_DUALPORT" 0 3 2819, C4<1>;
P_0x101355160 .param/l "ENABLE_TRACE" 0 3 2834, C4<0>;
P_0x1013551a0 .param/l "IDLE" 1 3 2989, C4<00>;
P_0x1013551e0 .param/l "LATCHED_IRQ" 0 3 2837, C4<11111111111111111111111111111111>;
P_0x101355220 .param/l "MASKED_IRQ" 0 3 2836, C4<00000000000000000000000000000000>;
P_0x101355260 .param/l "PROGADDR_IRQ" 0 3 2839, C4<00000000000000000000000000010000>;
P_0x1013552a0 .param/l "PROGADDR_RESET" 0 3 2838, C4<00000000000000000000000000000000>;
P_0x1013552e0 .param/l "REGS_INIT_ZERO" 0 3 2835, C4<0>;
P_0x101355320 .param/l "STACKADDR" 0 3 2840, C4<11111111111111111111111111111111>;
P_0x101355360 .param/l "TWO_CYCLE_ALU" 0 3 2823, C4<0>;
P_0x1013553a0 .param/l "TWO_CYCLE_COMPARE" 0 3 2822, C4<0>;
P_0x1013553e0 .param/l "TWO_STAGE_SHIFT" 0 3 2820, C4<1>;
P_0x101355420 .param/l "WBEND" 1 3 2991, C4<10>;
P_0x101355460 .param/l "WBSTART" 1 3 2990, C4<01>;
o0xa52c4d2e0 .functor BUFZ 1, c4<z>; HiZ drive
L_0xa530ad880 .functor BUFZ 1, o0xa52c4d2e0, C4<0>, C4<0>, C4<0>;
o0xa52c4d310 .functor BUFZ 1, c4<z>; HiZ drive
L_0xa530ad8f0 .functor NOT 1, o0xa52c4d310, C4<0>, C4<0>, C4<0>;
L_0xa530aea00 .functor OR 1, L_0xa524bcbe0, L_0xa524bcc80, C4<0>, C4<0>;
L_0xa530aea70 .functor OR 1, L_0xa530aea00, L_0xa524bcd20, C4<0>, C4<0>;
L_0xa530aeae0 .functor OR 1, L_0xa530aea70, L_0xa524bcdc0, C4<0>, C4<0>;
v0xa524aa1c0_0 .net *"_ivl_11", 0 0, L_0xa524bcd20;  1 drivers
v0xa524aa260_0 .net *"_ivl_12", 0 0, L_0xa530aea70;  1 drivers
v0xa524aa300_0 .net *"_ivl_15", 0 0, L_0xa524bcdc0;  1 drivers
v0xa524aa3a0_0 .net *"_ivl_5", 0 0, L_0xa524bcbe0;  1 drivers
v0xa524aa440_0 .net *"_ivl_7", 0 0, L_0xa524bcc80;  1 drivers
v0xa524aa4e0_0 .net *"_ivl_8", 0 0, L_0xa530aea00;  1 drivers
v0xa524aa580_0 .net "clk", 0 0, L_0xa530ad880;  1 drivers
v0xa524aa620_0 .net "eoi", 31 0, v0xa5249fde0_0;  1 drivers
o0xa52c4b840 .functor BUFZ 32, c4<zzzzzzzzzzzzzzzzzzzzzzzzzzzzzzzz>; HiZ drive
v0xa524aa6c0_0 .net "irq", 31 0, o0xa52c4b840;  0 drivers
v0xa524aa760_0 .net "mem_addr", 31 0, v0xa524a3200_0;  1 drivers
v0xa524aa800_0 .net "mem_instr", 0 0, v0xa524a3660_0;  1 drivers
v0xa524aa8a0_0 .var "mem_rdata", 31 0;
v0xa524aa940_0 .var "mem_ready", 0 0;
v0xa524aa9e0_0 .net "mem_valid", 0 0, v0xa524a81e0_0;  1 drivers
v0xa524aaa80_0 .net "mem_wdata", 31 0, v0xa524a8280_0;  1 drivers
v0xa524aab20_0 .net "mem_wstrb", 3 0, v0xa524a83c0_0;  1 drivers
v0xa524aabc0_0 .net "pcpi_insn", 31 0, v0xa524a8a00_0;  1 drivers
o0xa52c4c710 .functor BUFZ 32, c4<zzzzzzzzzzzzzzzzzzzzzzzzzzzzzzzz>; HiZ drive
v0xa524aac60_0 .net "pcpi_rd", 31 0, o0xa52c4c710;  0 drivers
o0xa52c4c740 .functor BUFZ 1, c4<z>; HiZ drive
v0xa524aad00_0 .net "pcpi_ready", 0 0, o0xa52c4c740;  0 drivers
v0xa524aada0_0 .net "pcpi_rs1", 31 0, L_0xa530adc70;  1 drivers
v0xa524aae40_0 .net "pcpi_rs2", 31 0, L_0xa530adce0;  1 drivers
v0xa524aaee0_0 .net "pcpi_valid", 0 0, v0xa524a92c0_0;  1 drivers
o0xa52c4c830 .functor BUFZ 1, c4<z>; HiZ drive
v0xa524aaf80_0 .net "pcpi_wait", 0 0, o0xa52c4c830;  0 drivers
o0xa52c4c860 .functor BUFZ 1, c4<z>; HiZ drive
v0xa524ab020_0 .net "pcpi_wr", 0 0, o0xa52c4c860;  0 drivers
v0xa524ab0c0_0 .net "resetn", 0 0, L_0xa530ad8f0;  1 drivers
v0xa524ab160_0 .var "state", 1 0;
v0xa524ab200_0 .net "trace_data", 35 0, v0xa524a9fe0_0;  1 drivers
v0xa524ab2a0_0 .net "trace_valid", 0 0, v0xa524aa080_0;  1 drivers
v0xa524ab340_0 .net "trap", 0 0, v0xa524aa120_0;  1 drivers
v0xa524ab3e0_0 .net "wb_clk_i", 0 0, o0xa52c4d2e0;  0 drivers
v0xa524ab480_0 .net "wb_rst_i", 0 0, o0xa52c4d310;  0 drivers
o0xa52c4d340 .functor BUFZ 1, c4<z>; HiZ drive
v0xa524ab520_0 .net "wbm_ack_i", 0 0, o0xa52c4d340;  0 drivers
v0xa524ab5c0_0 .var "wbm_adr_o", 31 0;
v0xa524ab660_0 .var "wbm_cyc_o", 0 0;
o0xa52c4d3d0 .functor BUFZ 32, c4<zzzzzzzzzzzzzzzzzzzzzzzzzzzzzzzz>; HiZ drive
v0xa524ab700_0 .net "wbm_dat_i", 31 0, o0xa52c4d3d0;  0 drivers
v0xa524ab7a0_0 .var "wbm_dat_o", 31 0;
v0xa524ab840_0 .var "wbm_sel_o", 3 0;
v0xa524ab8e0_0 .var "wbm_stb_o", 0 0;
v0xa524ab980_0 .var "wbm_we_o", 0 0;
v0xa524aba20_0 .net "we", 0 0, L_0xa530aeae0;  1 drivers
E_0xa524787c0 .event posedge, v0xa524ab3e0_0;
L_0xa524bcbe0 .part v0xa524a83c0_0, 0, 1;
L_0xa524bcc80 .part v0xa524a83c0_0, 1, 1;
L_0xa524bcd20 .part v0xa524a83c0_0, 2, 1;
L_0xa524bcdc0 .part v0xa524a83c0_0, 3, 1;
S_0xa52958900 .scope module, "picorv32_core" "picorv32" 3 2938, 3 62 0, S_0x1013396e0;
 .timescale -9 -12;
    .port_info 0 /INPUT 1 "clk";
    .port_info 1 /INPUT 1 "resetn";
    .port_info 2 /OUTPUT 1 "trap";
    .port_info 3 /OUTPUT 1 "mem_valid";
    .port_info 4 /OUTPUT 1 "mem_instr";
    .port_info 5 /INPUT 1 "mem_ready";
    .port_info 6 /OUTPUT 32 "mem_addr";
    .port_info 7 /OUTPUT 32 "mem_wdata";
    .port_info 8 /OUTPUT 4 "mem_wstrb";
    .port_info 9 /INPUT 32 "mem_rdata";
    .port_info 10 /OUTPUT 1 "mem_la_read";
    .port_info 11 /OUTPUT 1 "mem_la_write";
    .port_info 12 /OUTPUT 32 "mem_la_addr";
    .port_info 13 /OUTPUT 32 "mem_la_wdata";
    .port_info 14 /OUTPUT 4 "mem_la_wstrb";
    .port_info 15 /OUTPUT 1 "pcpi_valid";
    .port_info 16 /OUTPUT 32 "pcpi_insn";
    .port_info 17 /OUTPUT 32 "pcpi_rs1";
    .port_info 18 /OUTPUT 32 "pcpi_rs2";
    .port_info 19 /INPUT 1 "pcpi_wr";
    .port_info 20 /INPUT 32 "pcpi_rd";
    .port_info 21 /INPUT 1 "pcpi_wait";
    .port_info 22 /INPUT 1 "pcpi_ready";
    .port_info 23 /INPUT 32 "irq";
    .port_info 24 /OUTPUT 32 "eoi";
    .port_info 25 /OUTPUT 1 "trace_valid";
    .port_info 26 /OUTPUT 36 "trace_data";
P_0xa530a8000 .param/l "BARREL_SHIFTER" 0 3 69, C4<0>;
P_0xa530a8040 .param/l "CATCH_ILLINSN" 0 3 74, C4<1>;
P_0xa530a8080 .param/l "CATCH_MISALIGN" 0 3 73, C4<1>;
P_0xa530a80c0 .param/l "COMPRESSED_ISA" 0 3 72, C4<0>;
P_0xa530a8100 .param/l "ENABLE_COUNTERS" 0 3 63, C4<1>;
P_0xa530a8140 .param/l "ENABLE_COUNTERS64" 0 3 64, C4<1>;
P_0xa530a8180 .param/l "ENABLE_DIV" 0 3 78, C4<0>;
P_0xa530a81c0 .param/l "ENABLE_FAST_MUL" 0 3 77, C4<0>;
P_0xa530a8200 .param/l "ENABLE_IRQ" 0 3 79, C4<0>;
P_0xa530a8240 .param/l "ENABLE_IRQ_QREGS" 0 3 80, C4<1>;
P_0xa530a8280 .param/l "ENABLE_IRQ_TIMER" 0 3 81, C4<1>;
P_0xa530a82c0 .param/l "ENABLE_MUL" 0 3 76, C4<0>;
P_0xa530a8300 .param/l "ENABLE_PCPI" 0 3 75, C4<0>;
P_0xa530a8340 .param/l "ENABLE_REGS_16_31" 0 3 65, C4<1>;
P_0xa530a8380 .param/l "ENABLE_REGS_DUALPORT" 0 3 66, C4<1>;
P_0xa530a83c0 .param/l "ENABLE_TRACE" 0 3 82, C4<0>;
P_0xa530a8400 .param/l "LATCHED_IRQ" 0 3 85, C4<11111111111111111111111111111111>;
P_0xa530a8440 .param/l "LATCHED_MEM_RDATA" 0 3 67, C4<0>;
P_0xa530a8480 .param/l "MASKED_IRQ" 0 3 84, C4<00000000000000000000000000000000>;
P_0xa530a84c0 .param/l "PROGADDR_IRQ" 0 3 87, C4<00000000000000000000000000010000>;
P_0xa530a8500 .param/l "PROGADDR_RESET" 0 3 86, C4<00000000000000000000000000000000>;
P_0xa530a8540 .param/l "REGS_INIT_ZERO" 0 3 83, C4<0>;
P_0xa530a8580 .param/l "STACKADDR" 0 3 88, C4<11111111111111111111111111111111>;
P_0xa530a85c0 .param/l "TRACE_ADDR" 1 3 172, C4<001000000000000000000000000000000000>;
P_0xa530a8600 .param/l "TRACE_BRANCH" 1 3 171, C4<000100000000000000000000000000000000>;
P_0xa530a8640 .param/l "TRACE_IRQ" 1 3 173, C4<100000000000000000000000000000000000>;
P_0xa530a8680 .param/l "TWO_CYCLE_ALU" 0 3 71, C4<0>;
P_0xa530a86c0 .param/l "TWO_CYCLE_COMPARE" 0 3 70, C4<0>;
P_0xa530a8700 .param/l "TWO_STAGE_SHIFT" 0 3 68, C4<1>;
P_0xa530a8740 .param/l "WITH_PCPI" 1 3 169, C4<0>;
P_0xa530a8780 .param/l "cpu_state_exec" 1 3 1176, C4<00001000>;
P_0xa530a87c0 .param/l "cpu_state_fetch" 1 3 1173, C4<01000000>;
P_0xa530a8800 .param/l "cpu_state_ld_rs1" 1 3 1174, C4<00100000>;
P_0xa530a8840 .param/l "cpu_state_ld_rs2" 1 3 1175, C4<00010000>;
P_0xa530a8880 .param/l "cpu_state_ldmem" 1 3 1179, C4<00000001>;
P_0xa530a88c0 .param/l "cpu_state_shift" 1 3 1177, C4<00000100>;
P_0xa530a8900 .param/l "cpu_state_stmem" 1 3 1178, C4<00000010>;
P_0xa530a8940 .param/l "cpu_state_trap" 1 3 1172, C4<10000000>;
P_0xa530a8980 .param/l "irq_buserror" 1 3 163, +C4<00000000000000000000000000000010>;
P_0xa530a89c0 .param/l "irq_ebreak" 1 3 162, +C4<00000000000000000000000000000001>;
P_0xa530a8a00 .param/l "irq_timer" 1 3 161, +C4<00000000000000000000000000000000>;
P_0xa530a8a40 .param/l "irqregs_offset" 1 3 165, +C4<00000000000000000000000000100000>;
P_0xa530a8a80 .param/l "regfile_size" 1 3 166, +C4<00000000000000000000000000100000>;
P_0xa530a8ac0 .param/l "regindex_bits" 1 3 167, +C4<00000000000000000000000000000101>;
L_0xa530ad960 .functor BUFZ 1, v0xa524a81e0_0, C4<0>, C4<0>, C4<0>;
L_0xa530ad9d0 .functor BUFZ 1, v0xa524a3660_0, C4<0>, C4<0>, C4<0>;
L_0xa530ada40 .functor BUFZ 1, v0xa524aa940_0, C4<0>, C4<0>, C4<0>;
L_0xa530adab0 .functor BUFZ 32, v0xa524a3200_0, C4<00000000000000000000000000000000>, C4<00000000000000000000000000000000>, C4<00000000000000000000000000000000>;
L_0xa530adb20 .functor BUFZ 32, v0xa524a8280_0, C4<00000000000000000000000000000000>, C4<00000000000000000000000000000000>, C4<00000000000000000000000000000000>;
L_0xa530adb90 .functor BUFZ 4, v0xa524a83c0_0, C4<0000>, C4<0000>, C4<0000>;
L_0xa530adc00 .functor BUFZ 32, v0xa524aa8a0_0, C4<00000000000000000000000000000000>, C4<00000000000000000000000000000000>, C4<00000000000000000000000000000000>;
L_0xa530adc70 .functor BUFZ 32, v0xa524a99a0_0, C4<00000000000000000000000000000000>, C4<00000000000000000000000000000000>, C4<00000000000000000000000000000000>;
L_0xa530adce0 .functor BUFZ 32, v0xa524a9a40_0, C4<00000000000000000000000000000000>, C4<00000000000000000000000000000000>, C4<00000000000000000000000000000000>;
L_0xa530add50 .functor AND 1, v0xa524a81e0_0, v0xa524aa940_0, C4<1>, C4<1>;
L_0xa52c789a0 .functor BUFT 1, C4<0>, C4<0>, C4<0>, C4<0>;
L_0xa530addc0 .functor AND 1, L_0xa52c789a0, v0xa524a3480_0, C4<1>, C4<1>;
L_0xa530ade30 .functor OR 1, L_0xa530add50, L_0xa530addc0, C4<0>, C4<0>;
L_0xa530adea0 .functor AND 1, L_0xa530ade30, L_0xa524bc460, C4<1>, C4<1>;
L_0xa530adf10 .functor OR 1, v0xa524a3480_0, v0xa524a33e0_0, C4<0>, C4<0>;
L_0xa530adf80 .functor OR 1, L_0xa530adf10, v0xa524a3520_0, C4<0>, C4<0>;
L_0xa530adff0 .functor AND 1, L_0xa530adea0, L_0xa530adf80, C4<1>, C4<1>;
L_0xa530ae060 .functor AND 1, L_0xa524bc500, v0xa524a3480_0, C4<1>, C4<1>;
L_0xa530ae0d0 .functor OR 1, L_0xa530adff0, L_0xa530ae060, C4<0>, C4<0>;
L_0xa530ae140 .functor AND 1, L_0xa530ad8f0, L_0xa530ae0d0, C4<1>, C4<1>;
L_0xa530ae1b0 .functor AND 1, L_0xa524bc6e0, L_0xa530ade30, C4<1>, C4<1>;
L_0xa530ae220 .functor OR 1, L_0xa524bc5a0, L_0xa530ae1b0, C4<0>, C4<0>;
L_0xa530ae290 .functor AND 1, L_0xa530ae140, L_0xa530ae220, C4<1>, C4<1>;
L_0xa530ae300 .functor AND 1, L_0xa530ad8f0, L_0xa524bc780, C4<1>, C4<1>;
L_0xa530ae370 .functor AND 1, L_0xa530ae300, v0xa524a3520_0, C4<1>, C4<1>;
L_0xa530ae3e0 .functor AND 1, L_0xa524bc820, L_0xa524bc8c0, C4<1>, C4<1>;
L_0xa530ae450 .functor OR 1, v0xa524a3480_0, v0xa524a3340_0, C4<0>, C4<0>;
L_0xa530ae4c0 .functor OR 1, L_0xa530ae450, v0xa524a33e0_0, C4<0>, C4<0>;
L_0xa530ae530 .functor AND 1, L_0xa530ae3e0, L_0xa530ae4c0, C4<1>, C4<1>;
L_0xa52c789e8 .functor BUFT 1, C4<0>, C4<0>, C4<0>, C4<0>;
L_0xa530ae5a0 .functor OR 1, L_0xa530ae530, L_0xa52c789e8, C4<0>, C4<0>;
L_0xa530ae610 .functor AND 1, L_0xa530ad8f0, L_0xa530ae5a0, C4<1>, C4<1>;
L_0xa530ae680 .functor OR 1, v0xa524a3340_0, v0xa524a3480_0, C4<0>, C4<0>;
L_0xa52c78ac0 .functor BUFT 1, C4<0>, C4<0>, C4<0>, C4<0>;
L_0xa530ae6f0 .functor OR 1, L_0xa530ade30, L_0xa52c78ac0, C4<0>, C4<0>;
L_0xa530ae760 .functor BUFZ 32, L_0xa535578e0, C4<00000000000000000000000000000000>, C4<00000000000000000000000000000000>, C4<00000000000000000000000000000000>;
L_0xa52c78b08 .functor BUFT 1, C4<1>, C4<0>, C4<0>, C4<0>;
L_0xa530ae7d0 .functor AND 1, L_0xa52c78b08, L_0xa524bcaa0, C4<1>, C4<1>;
L_0xa530ae840 .functor AND 1, v0xa524a3020_0, v0xa524a2bc0_0, C4<1>, C4<1>;
L_0xa52c78b50 .functor BUFT 1, C4<11111111111111111111111111111110>, C4<0>, C4<0>, C4<0>;
L_0xa530ae8b0 .functor AND 32, v0xa524a9ae0_0, L_0xa52c78b50, C4<11111111111111111111111111111111>, C4<11111111111111111111111111111111>;
L_0xa530ae920 .functor AND 1, L_0xa52453020, v0xa5249fc00_0, C4<1>, C4<1>;
L_0xa52c78be0 .functor BUFT 1, C4<1>, C4<0>, C4<0>, C4<0>;
L_0xa530ae990 .functor AND 1, L_0xa530ae920, L_0xa52c78be0, C4<1>, C4<1>;
v0xa524977a0_0 .net *"_ivl_100", 31 0, L_0xa53557700;  1 drivers
v0xa52497840_0 .net *"_ivl_103", 29 0, L_0xa524bca00;  1 drivers
L_0xa52c78a78 .functor BUFT 1, C4<00>, C4<0>, C4<0>, C4<0>;
v0xa524978e0_0 .net/2u *"_ivl_104", 1 0, L_0xa52c78a78;  1 drivers
v0xa52497980_0 .net *"_ivl_106", 31 0, L_0xa535577a0;  1 drivers
v0xa52497a20_0 .net/2u *"_ivl_110", 0 0, L_0xa52c78ac0;  1 drivers
v0xa52497ac0_0 .net *"_ivl_113", 0 0, L_0xa530ae6f0;  1 drivers
v0xa52497b60_0 .net/2u *"_ivl_118", 0 0, L_0xa52c78b08;  1 drivers
v0xa52497c00_0 .net *"_ivl_120", 47 0, L_0xa53557a20;  1 drivers
v0xa52497ca0_0 .net *"_ivl_123", 0 0, L_0xa524bcaa0;  1 drivers
v0xa52497d40_0 .net *"_ivl_126", 3 0, L_0xa53557ac0;  1 drivers
v0xa52497de0_0 .net *"_ivl_131", 0 0, L_0xa530ae840;  1 drivers
v0xa52497e80_0 .net/2u *"_ivl_132", 31 0, L_0xa52c78b50;  1 drivers
v0xa52497f20_0 .net *"_ivl_134", 31 0, L_0xa530ae8b0;  1 drivers
L_0xa52c78b98 .functor BUFT 1, C4<01000000>, C4<0>, C4<0>, C4<0>;
v0xa5249c000_0 .net/2u *"_ivl_138", 7 0, L_0xa52c78b98;  1 drivers
v0xa5249c0a0_0 .net *"_ivl_140", 0 0, L_0xa52453020;  1 drivers
v0xa5249c140_0 .net *"_ivl_143", 0 0, L_0xa530ae920;  1 drivers
v0xa5249c1e0_0 .net/2u *"_ivl_144", 0 0, L_0xa52c78be0;  1 drivers
v0xa5249c280_0 .net *"_ivl_25", 0 0, L_0xa530add50;  1 drivers
v0xa5249c320_0 .net *"_ivl_27", 0 0, L_0xa530addc0;  1 drivers
v0xa5249c3c0_0 .net *"_ivl_30", 3 0, L_0xa53557660;  1 drivers
v0xa5249c460_0 .net *"_ivl_35", 0 0, L_0xa524bc460;  1 drivers
v0xa5249c500_0 .net *"_ivl_37", 0 0, L_0xa530adea0;  1 drivers
v0xa5249c5a0_0 .net *"_ivl_39", 0 0, L_0xa530adf10;  1 drivers
v0xa5249c640_0 .net *"_ivl_41", 0 0, L_0xa530adf80;  1 drivers
v0xa5249c6e0_0 .net *"_ivl_43", 0 0, L_0xa530adff0;  1 drivers
v0xa5249c780_0 .net *"_ivl_45", 0 0, L_0xa524bc500;  1 drivers
v0xa5249c820_0 .net *"_ivl_47", 0 0, L_0xa530ae060;  1 drivers
v0xa5249c8c0_0 .net *"_ivl_49", 0 0, L_0xa530ae0d0;  1 drivers
v0xa5249c960_0 .net *"_ivl_51", 0 0, L_0xa530ae140;  1 drivers
v0xa5249ca00_0 .net *"_ivl_53", 0 0, L_0xa524bc5a0;  1 drivers
v0xa5249caa0_0 .net *"_ivl_55", 1 0, L_0xa524bc640;  1 drivers
v0xa5249cb40_0 .net *"_ivl_57", 0 0, L_0xa524bc6e0;  1 drivers
v0xa5249cbe0_0 .net *"_ivl_59", 0 0, L_0xa530ae1b0;  1 drivers
v0xa5249cc80_0 .net *"_ivl_61", 0 0, L_0xa530ae220;  1 drivers
v0xa5249cd20_0 .net *"_ivl_65", 0 0, L_0xa524bc780;  1 drivers
v0xa5249cdc0_0 .net *"_ivl_67", 0 0, L_0xa530ae300;  1 drivers
v0xa5249ce60_0 .net *"_ivl_71", 0 0, L_0xa524bc820;  1 drivers
v0xa5249cf00_0 .net *"_ivl_73", 0 0, L_0xa524bc8c0;  1 drivers
v0xa5249cfa0_0 .net *"_ivl_75", 0 0, L_0xa530ae3e0;  1 drivers
v0xa5249d040_0 .net *"_ivl_77", 0 0, L_0xa530ae450;  1 drivers
v0xa5249d0e0_0 .net *"_ivl_79", 0 0, L_0xa530ae4c0;  1 drivers
v0xa5249d180_0 .net *"_ivl_81", 0 0, L_0xa530ae530;  1 drivers
v0xa5249d220_0 .net/2u *"_ivl_82", 0 0, L_0xa52c789e8;  1 drivers
v0xa5249d2c0_0 .net *"_ivl_85", 0 0, L_0xa530ae5a0;  1 drivers
v0xa5249d360_0 .net *"_ivl_89", 0 0, L_0xa530ae680;  1 drivers
v0xa5249d400_0 .net *"_ivl_91", 29 0, L_0xa524bc960;  1 drivers
L_0xa52c79450 .functor BUFT 1, C4<000000000000000000000000000000>, C4<0>, C4<0>, C4<0>;
v0xa5249d4a0_0 .net *"_ivl_92", 29 0, L_0xa52c79450;  1 drivers
v0xa5249d540_0 .net *"_ivl_96", 29 0, L_0xa524bb980;  1 drivers
L_0xa52c78a30 .functor BUFT 1, C4<00>, C4<0>, C4<0>, C4<0>;
v0xa5249d5e0_0 .net/2u *"_ivl_98", 1 0, L_0xa52c78a30;  1 drivers
v0xa5249d680_0 .var "alu_add_sub", 31 0;
v0xa5249d720_0 .var "alu_eq", 0 0;
v0xa5249d7c0_0 .var "alu_lts", 0 0;
v0xa5249d860_0 .var "alu_ltu", 0 0;
v0xa5249d900_0 .var "alu_out", 31 0;
v0xa5249d9a0_0 .var "alu_out_0", 0 0;
v0xa5249da40_0 .var "alu_out_0_q", 0 0;
v0xa5249dae0_0 .var "alu_out_q", 31 0;
v0xa5249db80_0 .var "alu_shl", 31 0;
v0xa5249dc20_0 .var "alu_shr", 31 0;
v0xa5249dcc0_0 .var "alu_wait", 0 0;
v0xa5249dd60_0 .var "alu_wait_2", 0 0;
v0xa5249de00_0 .var "cached_ascii_instr", 63 0;
v0xa5249dea0_0 .var "cached_insn_imm", 31 0;
v0xa5249df40_0 .var "cached_insn_opcode", 31 0;
v0xa5249dfe0_0 .var "cached_insn_rd", 4 0;
v0xa5249e080_0 .var "cached_insn_rs1", 4 0;
v0xa5249e120_0 .var "cached_insn_rs2", 4 0;
v0xa5249e1c0_0 .var "clear_prefetched_high_word", 0 0;
v0xa5249e260_0 .var "clear_prefetched_high_word_q", 0 0;
v0xa5249e300_0 .net "clk", 0 0, L_0xa530ad880;  alias, 1 drivers
v0xa5249e3a0_0 .var "compressed_instr", 0 0;
v0xa5249e440_0 .var "count_cycle", 63 0;
v0xa5249e4e0_0 .var "count_instr", 63 0;
v0xa5249e580_0 .var "cpu_state", 7 0;
v0xa5249e620 .array "cpuregs", 31 0, 31 0;
v0xa5249e6c0_0 .var "cpuregs_rs1", 31 0;
v0xa5249e760_0 .var "cpuregs_rs2", 31 0;
v0xa5249e800_0 .var "cpuregs_wrdata", 31 0;
v0xa5249e8a0_0 .var "cpuregs_write", 0 0;
v0xa5249e940_0 .var "current_pc", 31 0;
v0xa5249e9e0_0 .var "dbg_ascii_instr", 63 0;
v0xa5249ea80_0 .var "dbg_ascii_state", 127 0;
v0xa5249eb20_0 .var "dbg_insn_addr", 31 0;
v0xa5249ebc0_0 .var "dbg_insn_imm", 31 0;
v0xa5249ec60_0 .var "dbg_insn_opcode", 31 0;
v0xa5249ed00_0 .var "dbg_insn_rd", 4 0;
v0xa5249eda0_0 .var "dbg_insn_rs1", 4 0;
v0xa5249ee40_0 .var "dbg_insn_rs2", 4 0;
v0xa5249eee0_0 .net "dbg_mem_addr", 31 0, L_0xa530adab0;  1 drivers
v0xa5249ef80_0 .net "dbg_mem_instr", 0 0, L_0xa530ad9d0;  1 drivers
v0xa5249f020_0 .net "dbg_mem_rdata", 31 0, L_0xa530adc00;  1 drivers
v0xa5249f0c0_0 .net "dbg_mem_ready", 0 0, L_0xa530ada40;  1 drivers
v0xa5249f160_0 .net "dbg_mem_valid", 0 0, L_0xa530ad960;  1 drivers
v0xa5249f200_0 .net "dbg_mem_wdata", 31 0, L_0xa530adb20;  1 drivers
v0xa5249f2a0_0 .net "dbg_mem_wstrb", 3 0, L_0xa530adb90;  1 drivers
v0xa5249f340_0 .var "dbg_next", 0 0;
v0xa5249f3e0_0 .var "dbg_rs1val", 31 0;
v0xa5249f480_0 .var "dbg_rs1val_valid", 0 0;
v0xa5249f520_0 .var "dbg_rs2val", 31 0;
v0xa5249f5c0_0 .var "dbg_rs2val_valid", 0 0;
v0xa5249f660_0 .var "dbg_valid_insn", 0 0;
v0xa5249f700_0 .var "decoded_imm", 31 0;
v0xa5249f7a0_0 .var "decoded_imm_j", 31 0;
v0xa5249f840_0 .var "decoded_rd", 4 0;
v0xa5249f8e0_0 .var "decoded_rs", 4 0;
v0xa5249f980_0 .var "decoded_rs1", 4 0;
v0xa5249fa20_0 .var "decoded_rs2", 4 0;
v0xa5249fac0_0 .var "decoder_pseudo_trigger", 0 0;
v0xa5249fb60_0 .var "decoder_pseudo_trigger_q", 0 0;
v0xa5249fc00_0 .var "decoder_trigger", 0 0;
v0xa5249fca0_0 .var "decoder_trigger_q", 0 0;
v0xa5249fd40_0 .var "do_waitirq", 0 0;
v0xa5249fde0_0 .var "eoi", 31 0;
v0xa5249fe80_0 .var "instr_add", 0 0;
v0xa5249ff20_0 .var "instr_addi", 0 0;
v0xa524a0000_0 .var "instr_and", 0 0;
v0xa524a00a0_0 .var "instr_andi", 0 0;
v0xa524a0140_0 .var "instr_auipc", 0 0;
v0xa524a01e0_0 .var "instr_beq", 0 0;
v0xa524a0280_0 .var "instr_bge", 0 0;
v0xa524a0320_0 .var "instr_bgeu", 0 0;
v0xa524a03c0_0 .var "instr_blt", 0 0;
v0xa524a0460_0 .var "instr_bltu", 0 0;
v0xa524a0500_0 .var "instr_bne", 0 0;
v0xa524a05a0_0 .var "instr_ecall_ebreak", 0 0;
v0xa524a0640_0 .var "instr_fence", 0 0;
v0xa524a06e0_0 .var "instr_getq", 0 0;
v0xa524a0780_0 .var "instr_jal", 0 0;
v0xa524a0820_0 .var "instr_jalr", 0 0;
v0xa524a08c0_0 .var "instr_lb", 0 0;
v0xa524a0960_0 .var "instr_lbu", 0 0;
v0xa524a0a00_0 .var "instr_lh", 0 0;
v0xa524a0aa0_0 .var "instr_lhu", 0 0;
v0xa524a0b40_0 .var "instr_lui", 0 0;
v0xa524a0be0_0 .var "instr_lw", 0 0;
v0xa524a0c80_0 .var "instr_maskirq", 0 0;
v0xa524a0d20_0 .var "instr_or", 0 0;
v0xa524a0dc0_0 .var "instr_ori", 0 0;
v0xa524a0e60_0 .var "instr_rdcycle", 0 0;
v0xa524a0f00_0 .var "instr_rdcycleh", 0 0;
v0xa524a0fa0_0 .var "instr_rdinstr", 0 0;
v0xa524a1040_0 .var "instr_rdinstrh", 0 0;
v0xa524a10e0_0 .var "instr_retirq", 0 0;
v0xa524a1180_0 .var "instr_sb", 0 0;
v0xa524a1220_0 .var "instr_setq", 0 0;
v0xa524a12c0_0 .var "instr_sh", 0 0;
v0xa524a1360_0 .var "instr_sll", 0 0;
v0xa524a1400_0 .var "instr_slli", 0 0;
v0xa524a14a0_0 .var "instr_slt", 0 0;
v0xa524a1540_0 .var "instr_slti", 0 0;
v0xa524a15e0_0 .var "instr_sltiu", 0 0;
v0xa524a1680_0 .var "instr_sltu", 0 0;
v0xa524a1720_0 .var "instr_sra", 0 0;
v0xa524a17c0_0 .var "instr_srai", 0 0;
v0xa524a1860_0 .var "instr_srl", 0 0;
v0xa524a1900_0 .var "instr_srli", 0 0;
v0xa524a19a0_0 .var "instr_sub", 0 0;
v0xa524a1a40_0 .var "instr_sw", 0 0;
v0xa524a1ae0_0 .var "instr_timer", 0 0;
v0xa524a1b80_0 .net "instr_trap", 0 0, L_0xa530ae7d0;  1 drivers
v0xa524a1c20_0 .var "instr_waitirq", 0 0;
v0xa524a1cc0_0 .var "instr_xor", 0 0;
v0xa524a1d60_0 .var "instr_xori", 0 0;
v0xa524a1e00_0 .net "irq", 31 0, o0xa52c4b840;  alias, 0 drivers
v0xa524a1ea0_0 .var "irq_active", 0 0;
v0xa524a1f40_0 .var "irq_delay", 0 0;
v0xa524a1fe0_0 .var "irq_mask", 31 0;
v0xa524a2080_0 .var "irq_pending", 31 0;
v0xa524a2120_0 .var "irq_state", 1 0;
v0xa524a21c0_0 .var "is_alu_reg_imm", 0 0;
v0xa524a2260_0 .var "is_alu_reg_reg", 0 0;
v0xa524a2300_0 .var "is_beq_bne_blt_bge_bltu_bgeu", 0 0;
v0xa524a23a0_0 .var "is_compare", 0 0;
v0xa524a2440_0 .var "is_jalr_addi_slti_sltiu_xori_ori_andi", 0 0;
v0xa524a24e0_0 .var "is_lb_lh_lw_lbu_lhu", 0 0;
v0xa524a2580_0 .var "is_lbu_lhu_lw", 0 0;
v0xa524a2620_0 .var "is_lui_auipc_jal", 0 0;
v0xa524a26c0_0 .var "is_lui_auipc_jal_jalr_addi_add_sub", 0 0;
v0xa524a2760_0 .net "is_rdcycle_rdcycleh_rdinstr_rdinstrh", 0 0, L_0xa524bcb40;  1 drivers
v0xa524a2800_0 .var "is_sb_sh_sw", 0 0;
v0xa524a28a0_0 .var "is_sll_srl_sra", 0 0;
v0xa524a2940_0 .var "is_slli_srli_srai", 0 0;
v0xa524a29e0_0 .var "is_slti_blt_slt", 0 0;
v0xa524a2a80_0 .var "is_sltiu_bltu_sltu", 0 0;
v0xa524a2b20_0 .var "last_mem_valid", 0 0;
v0xa524a2bc0_0 .var "latched_branch", 0 0;
v0xa524a2c60_0 .var "latched_compr", 0 0;
v0xa524a2d00_0 .var "latched_is_lb", 0 0;
v0xa524a2da0_0 .var "latched_is_lh", 0 0;
v0xa524a2e40_0 .var "latched_is_lu", 0 0;
v0xa524a2ee0_0 .var "latched_rd", 4 0;
v0xa524a2f80_0 .var "latched_stalu", 0 0;
v0xa524a3020_0 .var "latched_store", 0 0;
v0xa524a30c0_0 .var "latched_trace", 0 0;
v0xa524a3160_0 .net "launch_next_insn", 0 0, L_0xa530ae990;  1 drivers
v0xa524a3200_0 .var "mem_addr", 31 0;
v0xa524a32a0_0 .net "mem_busy", 0 0, L_0xa524bc3c0;  1 drivers
v0xa524a3340_0 .var "mem_do_prefetch", 0 0;
v0xa524a33e0_0 .var "mem_do_rdata", 0 0;
v0xa524a3480_0 .var "mem_do_rinst", 0 0;
v0xa524a3520_0 .var "mem_do_wdata", 0 0;
v0xa524a35c0_0 .net "mem_done", 0 0, L_0xa530ae290;  1 drivers
v0xa524a3660_0 .var "mem_instr", 0 0;
v0xa524a3700_0 .net "mem_la_addr", 31 0, L_0xa53557840;  1 drivers
L_0xa52c78910 .functor BUFT 1, C4<0>, C4<0>, C4<0>, C4<0>;
v0xa524a37a0_0 .net "mem_la_firstword", 0 0, L_0xa52c78910;  1 drivers
v0xa524a3840_0 .var "mem_la_firstword_reg", 0 0;
L_0xa52c78958 .functor BUFT 1, C4<0>, C4<0>, C4<0>, C4<0>;
v0xa524a38e0_0 .net "mem_la_firstword_xfer", 0 0, L_0xa52c78958;  1 drivers
v0xa524a3980_0 .net "mem_la_read", 0 0, L_0xa530ae610;  1 drivers
v0xa524a3a20_0 .var "mem_la_secondword", 0 0;
v0xa524a3ac0_0 .net "mem_la_use_prefetched_high_word", 0 0, L_0xa52c789a0;  1 drivers
v0xa524a3b60_0 .var "mem_la_wdata", 31 0;
v0xa524a3c00_0 .net "mem_la_write", 0 0, L_0xa530ae370;  1 drivers
v0xa524a3ca0_0 .var "mem_la_wstrb", 3 0;
v0xa524a3d40_0 .net "mem_rdata", 31 0, v0xa524aa8a0_0;  1 drivers
v0xa524a3de0_0 .net "mem_rdata_latched", 31 0, L_0xa530ae760;  1 drivers
v0xa524a3e80_0 .net "mem_rdata_latched_noshuffle", 31 0, L_0xa535578e0;  1 drivers
v0xa524a3f20_0 .var "mem_rdata_q", 31 0;
v0xa524a8000_0 .var "mem_rdata_word", 31 0;
v0xa524a80a0_0 .net "mem_ready", 0 0, v0xa524aa940_0;  1 drivers
v0xa524a8140_0 .var "mem_state", 1 0;
v0xa524a81e0_0 .var "mem_valid", 0 0;
v0xa524a8280_0 .var "mem_wdata", 31 0;
v0xa524a8320_0 .var "mem_wordsize", 1 0;
v0xa524a83c0_0 .var "mem_wstrb", 3 0;
v0xa524a8460_0 .net "mem_xfer", 0 0, L_0xa530ade30;  1 drivers
v0xa524a8500_0 .var "new_ascii_instr", 63 0;
v0xa524a85a0_0 .var "next_insn_opcode", 31 0;
v0xa524a8640_0 .var "next_irq_pending", 31 0;
v0xa524a86e0_0 .net "next_pc", 31 0, L_0xa53557980;  1 drivers
L_0xa52c78838 .functor BUFT 1, C4<xxxxxxxxxxxxxxxxxxxxxxxxxxxxxxxx>, C4<0>, C4<0>, C4<0>;
v0xa524a8780_0 .net "pcpi_div_rd", 31 0, L_0xa52c78838;  1 drivers
L_0xa52c788c8 .functor BUFT 1, C4<0>, C4<0>, C4<0>, C4<0>;
v0xa524a8820_0 .net "pcpi_div_ready", 0 0, L_0xa52c788c8;  1 drivers
L_0xa52c78880 .functor BUFT 1, C4<0>, C4<0>, C4<0>, C4<0>;
v0xa524a88c0_0 .net "pcpi_div_wait", 0 0, L_0xa52c78880;  1 drivers
L_0xa52c787f0 .functor BUFT 1, C4<0>, C4<0>, C4<0>, C4<0>;
v0xa524a8960_0 .net "pcpi_div_wr", 0 0, L_0xa52c787f0;  1 drivers
v0xa524a8a00_0 .var "pcpi_insn", 31 0;
v0xa524a8aa0_0 .var "pcpi_int_rd", 31 0;
v0xa524a8b40_0 .var "pcpi_int_ready", 0 0;
v0xa524a8be0_0 .var "pcpi_int_wait", 0 0;
v0xa524a8c80_0 .var "pcpi_int_wr", 0 0;
L_0xa52c78718 .functor BUFT 1, C4<xxxxxxxxxxxxxxxxxxxxxxxxxxxxxxxx>, C4<0>, C4<0>, C4<0>;
v0xa524a8d20_0 .net "pcpi_mul_rd", 31 0, L_0xa52c78718;  1 drivers
L_0xa52c787a8 .functor BUFT 1, C4<0>, C4<0>, C4<0>, C4<0>;
v0xa524a8dc0_0 .net "pcpi_mul_ready", 0 0, L_0xa52c787a8;  1 drivers
L_0xa52c78760 .functor BUFT 1, C4<0>, C4<0>, C4<0>, C4<0>;
v0xa524a8e60_0 .net "pcpi_mul_wait", 0 0, L_0xa52c78760;  1 drivers
L_0xa52c786d0 .functor BUFT 1, C4<0>, C4<0>, C4<0>, C4<0>;
v0xa524a8f00_0 .net "pcpi_mul_wr", 0 0, L_0xa52c786d0;  1 drivers
v0xa524a8fa0_0 .net "pcpi_rd", 31 0, o0xa52c4c710;  alias, 0 drivers
v0xa524a9040_0 .net "pcpi_ready", 0 0, o0xa52c4c740;  alias, 0 drivers
v0xa524a90e0_0 .net "pcpi_rs1", 31 0, L_0xa530adc70;  alias, 1 drivers
v0xa524a9180_0 .net "pcpi_rs2", 31 0, L_0xa530adce0;  alias, 1 drivers
v0xa524a9220_0 .var "pcpi_timeout", 0 0;
v0xa524a92c0_0 .var "pcpi_valid", 0 0;
v0xa524a9360_0 .net "pcpi_wait", 0 0, o0xa52c4c830;  alias, 0 drivers
v0xa524a9400_0 .net "pcpi_wr", 0 0, o0xa52c4c860;  alias, 0 drivers
v0xa524a94a0_0 .var "prefetched_high_word", 0 0;
v0xa524a9540_0 .var "q_ascii_instr", 63 0;
v0xa524a95e0_0 .var "q_insn_imm", 31 0;
v0xa524a9680_0 .var "q_insn_opcode", 31 0;
v0xa524a9720_0 .var "q_insn_rd", 4 0;
v0xa524a97c0_0 .var "q_insn_rs1", 4 0;
v0xa524a9860_0 .var "q_insn_rs2", 4 0;
v0xa524a9900_0 .var "reg_next_pc", 31 0;
v0xa524a99a0_0 .var "reg_op1", 31 0;
v0xa524a9a40_0 .var "reg_op2", 31 0;
v0xa524a9ae0_0 .var "reg_out", 31 0;
v0xa524a9b80_0 .var "reg_pc", 31 0;
v0xa524a9c20_0 .var "reg_sh", 4 0;
v0xa524a9cc0_0 .net "resetn", 0 0, L_0xa530ad8f0;  alias, 1 drivers
v0xa524a9d60_0 .var "set_mem_do_rdata", 0 0;
v0xa524a9e00_0 .var "set_mem_do_rinst", 0 0;
v0xa524a9ea0_0 .var "set_mem_do_wdata", 0 0;
v0xa524a9f40_0 .var "timer", 31 0;
v0xa524a9fe0_0 .var "trace_data", 35 0;
v0xa524aa080_0 .var "trace_valid", 0 0;
v0xa524aa120_0 .var "trap", 0 0;
E_0xa52478800 .event posedge, v0xa5249e300_0;
v0xa5249e620_0 .array/port v0xa5249e620, 0;
v0xa5249e620_1 .array/port v0xa5249e620, 1;
v0xa5249e620_2 .array/port v0xa5249e620, 2;
E_0xa52478840/0 .event anyedge, v0xa5249f980_0, v0xa5249e620_0, v0xa5249e620_1, v0xa5249e620_2;
v0xa5249e620_3 .array/port v0xa5249e620, 3;
v0xa5249e620_4 .array/port v0xa5249e620, 4;
v0xa5249e620_5 .array/port v0xa5249e620, 5;
v0xa5249e620_6 .array/port v0xa5249e620, 6;
E_0xa52478840/1 .event anyedge, v0xa5249e620_3, v0xa5249e620_4, v0xa5249e620_5, v0xa5249e620_6;
v0xa5249e620_7 .array/port v0xa5249e620, 7;
v0xa5249e620_8 .array/port v0xa5249e620, 8;
v0xa5249e620_9 .array/port v0xa5249e620, 9;
v0xa5249e620_10 .array/port v0xa5249e620, 10;
E_0xa52478840/2 .event anyedge, v0xa5249e620_7, v0xa5249e620_8, v0xa5249e620_9, v0xa5249e620_10;
v0xa5249e620_11 .array/port v0xa5249e620, 11;
v0xa5249e620_12 .array/port v0xa5249e620, 12;
v0xa5249e620_13 .array/port v0xa5249e620, 13;
v0xa5249e620_14 .array/port v0xa5249e620, 14;
E_0xa52478840/3 .event anyedge, v0xa5249e620_11, v0xa5249e620_12, v0xa5249e620_13, v0xa5249e620_14;
v0xa5249e620_15 .array/port v0xa5249e620, 15;
v0xa5249e620_16 .array/port v0xa5249e620, 16;
v0xa5249e620_17 .array/port v0xa5249e620, 17;
v0xa5249e620_18 .array/port v0xa5249e620, 18;
E_0xa52478840/4 .event anyedge, v0xa5249e620_15, v0xa5249e620_16, v0xa5249e620_17, v0xa5249e620_18;
v0xa5249e620_19 .array/port v0xa5249e620, 19;
v0xa5249e620_20 .array/port v0xa5249e620, 20;
v0xa5249e620_21 .array/port v0xa5249e620, 21;
v0xa5249e620_22 .array/port v0xa5249e620, 22;
E_0xa52478840/5 .event anyedge, v0xa5249e620_19, v0xa5249e620_20, v0xa5249e620_21, v0xa5249e620_22;
v0xa5249e620_23 .array/port v0xa5249e620, 23;
v0xa5249e620_24 .array/port v0xa5249e620, 24;
v0xa5249e620_25 .array/port v0xa5249e620, 25;
v0xa5249e620_26 .array/port v0xa5249e620, 26;
E_0xa52478840/6 .event anyedge, v0xa5249e620_23, v0xa5249e620_24, v0xa5249e620_25, v0xa5249e620_26;
v0xa5249e620_27 .array/port v0xa5249e620, 27;
v0xa5249e620_28 .array/port v0xa5249e620, 28;
v0xa5249e620_29 .array/port v0xa5249e620, 29;
v0xa5249e620_30 .array/port v0xa5249e620, 30;
E_0xa52478840/7 .event anyedge, v0xa5249e620_27, v0xa5249e620_28, v0xa5249e620_29, v0xa5249e620_30;
v0xa5249e620_31 .array/port v0xa5249e620, 31;
E_0xa52478840/8 .event anyedge, v0xa5249e620_31, v0xa5249fa20_0;
E_0xa52478840 .event/or E_0xa52478840/0, E_0xa52478840/1, E_0xa52478840/2, E_0xa52478840/3, E_0xa52478840/4, E_0xa52478840/5, E_0xa52478840/6, E_0xa52478840/7, E_0xa52478840/8;
E_0xa52478880/0 .event anyedge, v0xa5249e580_0, v0xa524a9b80_0, v0xa524a2c60_0, v0xa524a2bc0_0;
E_0xa52478880/1 .event anyedge, v0xa524a2f80_0, v0xa5249dae0_0, v0xa524a9ae0_0, v0xa524a3020_0;
E_0xa52478880/2 .event anyedge, v0xa524a9900_0, v0xa524a2080_0, v0xa524a1fe0_0;
E_0xa52478880 .event/or E_0xa52478880/0, E_0xa52478880/1, E_0xa52478880/2;
E_0xa524788c0/0 .event anyedge, v0xa5249e260_0, v0xa524a94a0_0, v0xa524a2bc0_0, v0xa524a2120_0;
E_0xa524788c0/1 .event anyedge, v0xa524a9cc0_0;
E_0xa524788c0 .event/or E_0xa524788c0/0, E_0xa524788c0/1;
E_0xa52478900/0 .event anyedge, v0xa5249d720_0, v0xa524a01e0_0, v0xa524a0500_0, v0xa5249d7c0_0;
E_0xa52478900/1 .event anyedge, v0xa524a0280_0, v0xa5249d860_0, v0xa524a0320_0, v0xa524a29e0_0;
E_0xa52478900/2 .event anyedge, v0xa524a2a80_0, v0xa5249d680_0, v0xa524a26c0_0, v0xa5249d9a0_0;
E_0xa52478900/3 .event anyedge, v0xa524a23a0_0, v0xa524a99a0_0, v0xa524a9a40_0, v0xa524a1d60_0;
E_0xa52478900/4 .event anyedge, v0xa524a1cc0_0, v0xa524a0dc0_0, v0xa524a0d20_0, v0xa524a00a0_0;
E_0xa52478900/5 .event anyedge, v0xa524a0000_0, v0xa5249db80_0, v0xa5249dc20_0;
E_0xa52478900 .event/or E_0xa52478900/0, E_0xa52478900/1, E_0xa52478900/2, E_0xa52478900/3, E_0xa52478900/4, E_0xa52478900/5;
E_0xa52478940 .event anyedge, v0xa5249e580_0;
E_0xa52478980/0 .event anyedge, v0xa524a9540_0, v0xa524a95e0_0, v0xa524a9680_0, v0xa524a97c0_0;
E_0xa52478980/1 .event anyedge, v0xa524a9860_0, v0xa524a9720_0, v0xa5249f340_0, v0xa5249fb60_0;
E_0xa52478980/2 .event anyedge, v0xa5249de00_0, v0xa5249dea0_0, v0xa5249df40_0, v0xa5249e080_0;
E_0xa52478980/3 .event anyedge, v0xa5249e120_0, v0xa5249dfe0_0, v0xa524a8500_0, v0xa524a85a0_0;
E_0xa52478980/4 .event anyedge, v0xa5249f700_0, v0xa5249f980_0, v0xa5249fa20_0, v0xa5249f840_0;
E_0xa52478980 .event/or E_0xa52478980/0, E_0xa52478980/1, E_0xa52478980/2, E_0xa52478980/3, E_0xa52478980/4;
E_0xa524789c0/0 .event anyedge, v0xa524a0b40_0, v0xa524a0140_0, v0xa524a0780_0, v0xa524a0820_0;
E_0xa524789c0/1 .event anyedge, v0xa524a01e0_0, v0xa524a0500_0, v0xa524a03c0_0, v0xa524a0280_0;
E_0xa524789c0/2 .event anyedge, v0xa524a0460_0, v0xa524a0320_0, v0xa524a08c0_0, v0xa524a0a00_0;
E_0xa524789c0/3 .event anyedge, v0xa524a0be0_0, v0xa524a0960_0, v0xa524a0aa0_0, v0xa524a1180_0;
E_0xa524789c0/4 .event anyedge, v0xa524a12c0_0, v0xa524a1a40_0, v0xa5249ff20_0, v0xa524a1540_0;
E_0xa524789c0/5 .event anyedge, v0xa524a15e0_0, v0xa524a1d60_0, v0xa524a0dc0_0, v0xa524a00a0_0;
E_0xa524789c0/6 .event anyedge, v0xa524a1400_0, v0xa524a1900_0, v0xa524a17c0_0, v0xa5249fe80_0;
E_0xa524789c0/7 .event anyedge, v0xa524a19a0_0, v0xa524a1360_0, v0xa524a14a0_0, v0xa524a1680_0;
E_0xa524789c0/8 .event anyedge, v0xa524a1cc0_0, v0xa524a1860_0, v0xa524a1720_0, v0xa524a0d20_0;
E_0xa524789c0/9 .event anyedge, v0xa524a0000_0, v0xa524a0e60_0, v0xa524a0f00_0, v0xa524a0fa0_0;
E_0xa524789c0/10 .event anyedge, v0xa524a1040_0, v0xa524a0640_0, v0xa524a06e0_0, v0xa524a1220_0;
E_0xa524789c0/11 .event anyedge, v0xa524a10e0_0, v0xa524a0c80_0, v0xa524a1c20_0, v0xa524a1ae0_0;
E_0xa524789c0 .event/or E_0xa524789c0/0, E_0xa524789c0/1, E_0xa524789c0/2, E_0xa524789c0/3, E_0xa524789c0/4, E_0xa524789c0/5, E_0xa524789c0/6, E_0xa524789c0/7, E_0xa524789c0/8, E_0xa524789c0/9, E_0xa524789c0/10, E_0xa524789c0/11;
E_0xa52478a00 .event anyedge, v0xa524a8320_0, v0xa524a9a40_0, v0xa524a3d40_0, v0xa524a99a0_0;
E_0xa52478a40 .event anyedge, v0xa524a8f00_0, v0xa524a8d20_0, v0xa524a8960_0, v0xa524a8780_0;
L_0xa53557660 .concat [ 1 1 1 1], v0xa524a3520_0, v0xa524a33e0_0, v0xa524a3480_0, v0xa524a3340_0;
L_0xa524bc3c0 .reduce/or L_0xa53557660;
L_0xa524bc460 .reduce/or v0xa524a8140_0;
L_0xa524bc500 .reduce/and v0xa524a8140_0;
L_0xa524bc5a0 .reduce/nor L_0xa52c78910;
L_0xa524bc640 .part L_0xa530ae760, 0, 2;
L_0xa524bc6e0 .reduce/nand L_0xa524bc640;
L_0xa524bc780 .reduce/nor v0xa524a8140_0;
L_0xa524bc820 .reduce/nor L_0xa52c789a0;
L_0xa524bc8c0 .reduce/nor v0xa524a8140_0;
L_0xa524bc960 .part L_0xa53557980, 2, 30;
L_0xa524bb980 .arith/sum 30, L_0xa524bc960, L_0xa52c79450;
L_0xa53557700 .concat [ 2 30 0 0], L_0xa52c78a30, L_0xa524bb980;
L_0xa524bca00 .part v0xa524a99a0_0, 2, 30;
L_0xa535577a0 .concat [ 2 30 0 0], L_0xa52c78a78, L_0xa524bca00;
L_0xa53557840 .functor MUXZ 32, L_0xa535577a0, L_0xa53557700, L_0xa530ae680, C4<>;
L_0xa535578e0 .functor MUXZ 32, v0xa524a3f20_0, v0xa524aa8a0_0, L_0xa530ae6f0, C4<>;
LS_0xa53557a20_0_0 .concat [ 1 1 1 1], v0xa524a1ae0_0, v0xa524a1c20_0, v0xa524a0c80_0, v0xa524a10e0_0;
LS_0xa53557a20_0_4 .concat [ 1 1 1 1], v0xa524a1220_0, v0xa524a06e0_0, v0xa524a0640_0, v0xa524a1040_0;
LS_0xa53557a20_0_8 .concat [ 1 1 1 1], v0xa524a0fa0_0, v0xa524a0f00_0, v0xa524a0e60_0, v0xa524a0000_0;
LS_0xa53557a20_0_12 .concat [ 1 1 1 1], v0xa524a0d20_0, v0xa524a1720_0, v0xa524a1860_0, v0xa524a1cc0_0;
LS_0xa53557a20_0_16 .concat [ 1 1 1 1], v0xa524a1680_0, v0xa524a14a0_0, v0xa524a1360_0, v0xa524a19a0_0;
LS_0xa53557a20_0_20 .concat [ 1 1 1 1], v0xa5249fe80_0, v0xa524a17c0_0, v0xa524a1900_0, v0xa524a1400_0;
LS_0xa53557a20_0_24 .concat [ 1 1 1 1], v0xa524a00a0_0, v0xa524a0dc0_0, v0xa524a1d60_0, v0xa524a15e0_0;
LS_0xa53557a20_0_28 .concat [ 1 1 1 1], v0xa524a1540_0, v0xa5249ff20_0, v0xa524a1a40_0, v0xa524a12c0_0;
LS_0xa53557a20_0_32 .concat [ 1 1 1 1], v0xa524a1180_0, v0xa524a0aa0_0, v0xa524a0960_0, v0xa524a0be0_0;
LS_0xa53557a20_0_36 .concat [ 1 1 1 1], v0xa524a0a00_0, v0xa524a08c0_0, v0xa524a0320_0, v0xa524a0460_0;
LS_0xa53557a20_0_40 .concat [ 1 1 1 1], v0xa524a0280_0, v0xa524a03c0_0, v0xa524a0500_0, v0xa524a01e0_0;
LS_0xa53557a20_0_44 .concat [ 1 1 1 1], v0xa524a0820_0, v0xa524a0780_0, v0xa524a0140_0, v0xa524a0b40_0;
LS_0xa53557a20_1_0 .concat [ 4 4 4 4], LS_0xa53557a20_0_0, LS_0xa53557a20_0_4, LS_0xa53557a20_0_8, LS_0xa53557a20_0_12;
LS_0xa53557a20_1_4 .concat [ 4 4 4 4], LS_0xa53557a20_0_16, LS_0xa53557a20_0_20, LS_0xa53557a20_0_24, LS_0xa53557a20_0_28;
LS_0xa53557a20_1_8 .concat [ 4 4 4 4], LS_0xa53557a20_0_32, LS_0xa53557a20_0_36, LS_0xa53557a20_0_40, LS_0xa53557a20_0_44;
L_0xa53557a20 .concat [ 16 16 16 0], LS_0xa53557a20_1_0, LS_0xa53557a20_1_4, LS_0xa53557a20_1_8;
L_0xa524bcaa0 .reduce/nor L_0xa53557a20;
L_0xa53557ac0 .concat [ 1 1 1 1], v0xa524a1040_0, v0xa524a0fa0_0, v0xa524a0f00_0, v0xa524a0e60_0;
L_0xa524bcb40 .reduce/or L_0xa53557ac0;
L_0xa53557980 .functor MUXZ 32, v0xa524a9900_0, L_0xa530ae8b0, L_0xa530ae840, C4<>;
L_0xa52453020 .cmp/eq 8, v0xa5249e580_0, L_0xa52c78b98;
S_0xa52958a80 .scope task, "empty_statement" "empty_statement" 3 214, 3 214 0, S_0xa52958900;
 .timescale -9 -12;
TD_picorv32_wb.picorv32_core.empty_statement ;
    %end;
S_0xa52958c00 .scope generate, "genblk1" "genblk1" 3 285, 3 285 0, S_0xa52958900;
 .timescale -9 -12;
S_0xa52958d80 .scope generate, "genblk2" "genblk2" 3 305, 3 305 0, S_0xa52958900;
 .timescale -9 -12;
S_0xa52958f00 .scope generate, "genblk3" "genblk3" 3 1229, 3 1229 0, S_0xa52958900;
 .timescale -9 -12;
E_0xa52478a80/0 .event anyedge, v0xa524a19a0_0, v0xa524a99a0_0, v0xa524a9a40_0, v0xa524a1720_0;
E_0xa52478a80/1 .event anyedge, v0xa524a17c0_0;
E_0xa52478a80 .event/or E_0xa52478a80/0, E_0xa52478a80/1;
S_0x101339860 .scope module, "tb_reload" "tb_reload" 4 9;
 .timescale -9 -12;
P_0xa53504300 .param/l "AWIDTH" 1 4 11, +C4<00000000000000000000000000001011>;
P_0xa53504340 .param/l "BIT_T" 1 4 26, +C4<0000000000000000000000000000000000000000000000000000000001010000>;
P_0xa53504380 .param/l "CLKS_PER_BIT" 1 4 10, +C4<00000000000000000000000000001000>;
v0xa524bb200_0 .var "ack", 7 0;
v0xa524bb2a0_0 .var "clk", 0 0;
v0xa524bb340_0 .var "crc", 15 0;
v0xa524bb3e0_0 .var "cw", 31 0;
v0xa524bb480_0 .var/i "errors", 31 0;
v0xa524bb520_0 .net "led", 5 0, L_0xa530afc60;  1 drivers
v0xa524bb5c0 .array "prog", 2047 0, 31 0;
v0xa524bb660_0 .var "result", 7 0;
v0xa524bb700_0 .var "rst_btn", 0 0;
v0xa524bb7a0_0 .var "uart_rx_pin", 0 0;
v0xa524bb840_0 .net "uart_tx_pin", 0 0, v0xa524b8a00_0;  1 drivers
S_0xa52959080 .scope function.vec4.s16, "crc_next" "crc_next" 4 47, 4 47 0, S_0x101339860;
 .timescale -9 -12;
v0xa524abac0_0 .var "c", 15 0;
; Variable crc_next is vec4 return value of scope S_0xa52959080
v0xa524abc00_0 .var "d", 7 0;
v0xa524abca0_0 .var/i "i", 31 0;
v0xa524abd40_0 .var "t", 15 0;
TD_tb_reload.crc_next ;
    %load/vec4 v0xa524abac0_0;
    %load/vec4 v0xa524abc00_0;
    %concati/vec4 0, 0, 8;
    %xor;
    %store/vec4 v0xa524abd40_0, 0, 16;
    %pushi/vec4 0, 0, 32;
    %store/vec4 v0xa524abca0_0, 0, 32;
T_2.0 ; Top of for-loop
    %load/vec4 v0xa524abca0_0;
    %cmpi/s 8, 0, 32;
	  %jmp/0xz T_2.1, 5;
    %load/vec4 v0xa524abd40_0;
    %parti/s 1, 15, 5;
    %flag_set/vec4 8;
    %jmp/0 T_2.3, 8;
    %load/vec4 v0xa524abd40_0;
    %ix/load 4, 1, 0;
    %flag_set/imm 4, 0;
    %shiftl 4;
    %pushi/vec4 4129, 0, 16;
    %xor;
    %jmp/1 T_2.4, 8;
T_2.3 ; End of true expr.
    %load/vec4 v0xa524abd40_0;
    %ix/load 4, 1, 0;
    %flag_set/imm 4, 0;
    %shiftl 4;
    %jmp/0 T_2.4, 8;
 ; End of false expr.
    %blend;
T_2.4;
    %store/vec4 v0xa524abd40_0, 0, 16;
T_2.2 ; for-loop step statement
    %load/vec4 v0xa524abca0_0;
    %addi 1, 0, 32;
    %store/vec4 v0xa524abca0_0, 0, 32;
    %jmp T_2.0;
T_2.1 ; for-loop exit label
    %load/vec4 v0xa524abd40_0;
    %ret/vec4 0, 0, 16;  Assign to crc_next (store_vec4_to_lval)
    %end;
S_0xa52959200 .scope module, "dut" "top_loader" 4 21, 5 7 0, S_0x101339860;
 .timescale -9 -12;
    .port_info 0 /INPUT 1 "clk";
    .port_info 1 /INPUT 1 "rst_btn";
    .port_info 2 /INPUT 1 "uart_rx";
    .port_info 3 /OUTPUT 1 "uart_tx";
    .port_info 4 /OUTPUT 6 "led";
P_0xa535b4a80 .param/l "AWIDTH" 0 5 9, +C4<00000000000000000000000000001011>;
P_0xa535b4ac0 .param/l "CLKS_PER_BIT" 0 5 8, +C4<00000000000000000000000000001000>;
L_0xa530afbf0 .functor AND 1, v0xa524b4be0_0, L_0xa52453160, C4<1>, C4<1>;
L_0xa530afc60 .functor NOT 6, v0xa524b9ea0_0, C4<000000>, C4<000000>, C4<000000>;
v0xa524b8aa0_0 .net *"_ivl_11", 7 0, L_0xa524bd9a0;  1 drivers
v0xa524b8b40_0 .net *"_ivl_13", 7 0, L_0xa524bda40;  1 drivers
L_0xa52c791c8 .functor BUFT 1, C4<0000>, C4<0>, C4<0>, C4<0>;
v0xa524b8be0_0 .net/2u *"_ivl_16", 3 0, L_0xa52c791c8;  1 drivers
v0xa524b8c80_0 .net *"_ivl_18", 3 0, L_0xa530b8280;  1 drivers
L_0xa52c79210 .functor BUFT 1, C4<1111>, C4<0>, C4<0>, C4<0>;
v0xa524b8d20_0 .net/2u *"_ivl_20", 3 0, L_0xa52c79210;  1 drivers
L_0xa52c79258 .functor BUFT 1, C4<0000>, C4<0>, C4<0>, C4<0>;
v0xa524b8dc0_0 .net/2u *"_ivl_22", 3 0, L_0xa52c79258;  1 drivers
v0xa524b8e60_0 .net *"_ivl_24", 3 0, L_0xa530b8320;  1 drivers
v0xa524b8f00_0 .net *"_ivl_3", 21 0, L_0xa524bd900;  1 drivers
L_0xa52c792a0 .functor BUFT 1, C4<00000010000000000000000000000000>, C4<0>, C4<0>, C4<0>;
v0xa524b8fa0_0 .net/2u *"_ivl_30", 31 0, L_0xa52c792a0;  1 drivers
L_0xa52c792e8 .functor BUFT 1, C4<00000011000000000000000000000000>, C4<0>, C4<0>, C4<0>;
v0xa524b9040_0 .net/2u *"_ivl_36", 31 0, L_0xa52c792e8;  1 drivers
L_0xa52c79180 .functor BUFT 1, C4<0000000000000000000000>, C4<0>, C4<0>, C4<0>;
v0xa524b90e0_0 .net/2u *"_ivl_4", 21 0, L_0xa52c79180;  1 drivers
L_0xa52c79330 .functor BUFT 1, C4<1>, C4<0>, C4<0>, C4<0>;
v0xa524b9180_0 .net/2u *"_ivl_44", 0 0, L_0xa52c79330;  1 drivers
v0xa524b9220_0 .net *"_ivl_46", 0 0, L_0xa530b8640;  1 drivers
v0xa524b92c0_0 .net *"_ivl_48", 0 0, L_0xa530b86e0;  1 drivers
L_0xa52c79378 .functor BUFT 1, C4<0000000000000000000000000000000>, C4<0>, C4<0>, C4<0>;
v0xa524b9360_0 .net/2u *"_ivl_52", 30 0, L_0xa52c79378;  1 drivers
v0xa524b9400_0 .net *"_ivl_54", 31 0, L_0xa530b88c0;  1 drivers
L_0xa52c793c0 .functor BUFT 1, C4<00000000000000000000000000000000>, C4<0>, C4<0>, C4<0>;
v0xa524b94a0_0 .net/2u *"_ivl_56", 31 0, L_0xa52c793c0;  1 drivers
v0xa524b9540_0 .net *"_ivl_58", 31 0, L_0xa530b8960;  1 drivers
v0xa524b95e0_0 .net "bram_rdata", 31 0, v0xa524ac000_0;  1 drivers
v0xa524b9680_0 .var "bram_ready", 0 0;
v0xa524b9720_0 .net "bram_sel", 0 0, L_0xa52453160;  1 drivers
v0xa524b97c0_0 .net "clk", 0 0, v0xa524bb2a0_0;  1 drivers
v0xa524b9860_0 .net "cpu_bram_ac", 0 0, L_0xa530afbf0;  1 drivers
v0xa524b9900_0 .net "cpu_run", 0 0, v0xa524b72a0_0;  1 drivers
v0xa524b99a0_0 .var "cpu_tx_data_r", 7 0;
v0xa524b9a40_0 .var "cpu_tx_start_r", 0 0;
v0xa524b9ae0_0 .net "cpu_valid", 0 0, v0xa524b4be0_0;  1 drivers
v0xa524b9b80_0 .var "gpio_rdy", 0 0;
v0xa524b9c20_0 .net "gpio_sel", 0 0, L_0xa52453200;  1 drivers
v0xa524b9cc0_0 .net "ldr_tx_data", 7 0, v0xa524b7b60_0;  1 drivers
v0xa524b9d60_0 .net "ldr_tx_start", 0 0, v0xa524b7c00_0;  1 drivers
v0xa524b9e00_0 .net "led", 5 0, L_0xa530afc60;  alias, 1 drivers
v0xa524b9ea0_0 .var "led_reg", 5 0;
v0xa524b9f40_0 .net "mem_addr", 31 0, v0xa524b3c00_0;  1 drivers
v0xa524b9fe0_0 .net "mem_rdata", 31 0, L_0xa530b8a00;  1 drivers
v0xa524ba080_0 .net "mem_ready", 0 0, L_0xa530b8780;  1 drivers
v0xa524ba120_0 .net "mem_waddr", 13 0, v0xa524b7480_0;  1 drivers
v0xa524ba1c0_0 .net "mem_wdata_cpu", 31 0, v0xa524b4c80_0;  1 drivers
v0xa524ba260_0 .net "mem_wdata_ldr", 31 0, v0xa524b7520_0;  1 drivers
v0xa524ba300_0 .net "mem_we", 0 0, v0xa524b75c0_0;  1 drivers
v0xa524ba3a0_0 .net "mem_wstrb", 3 0, v0xa524b4dc0_0;  1 drivers
v0xa524ba440_0 .net "ram_addr", 7 0, L_0xa530b81e0;  1 drivers
v0xa524ba4e0_0 .net "ram_din", 31 0, L_0xa530b8460;  1 drivers
v0xa524ba580_0 .net "ram_we", 3 0, L_0xa530b83c0;  1 drivers
v0xa524ba620_0 .net "rst_btn", 0 0, v0xa524bb700_0;  1 drivers
v0xa524ba6c0_0 .net "rst_n", 0 0, L_0xa524bce60;  1 drivers
v0xa524ba760_0 .var "rst_sr", 3 0;
v0xa524ba800_0 .net "rx_data", 7 0, v0xa524b80a0_0;  1 drivers
v0xa524ba8a0_0 .net "rx_valid", 0 0, v0xa524b83c0_0;  1 drivers
v0xa524ba940_0 .net "tx_busy", 0 0, v0xa524b8500_0;  1 drivers
v0xa524ba9e0_0 .var "uart_rdy", 0 0;
v0xa524baa80_0 .net "uart_rx", 0 0, v0xa524bb7a0_0;  1 drivers
v0xa524bab20_0 .net "uart_sel", 0 0, L_0xa524532a0;  1 drivers
v0xa524babc0_0 .net "uart_tx", 0 0, v0xa524b8a00_0;  alias, 1 drivers
L_0xa524bce60 .part v0xa524ba760_0, 3, 1;
L_0xa524bd900 .part v0xa524b3c00_0, 10, 22;
L_0xa52453160 .cmp/eq 22, L_0xa524bd900, L_0xa52c79180;
L_0xa524bd9a0 .part v0xa524b3c00_0, 2, 8;
L_0xa524bda40 .part v0xa524b7480_0, 0, 8;
L_0xa530b81e0 .functor MUXZ 8, L_0xa524bda40, L_0xa524bd9a0, v0xa524b72a0_0, C4<>;
L_0xa530b8280 .functor MUXZ 4, L_0xa52c791c8, v0xa524b4dc0_0, L_0xa530afbf0, C4<>;
L_0xa530b8320 .functor MUXZ 4, L_0xa52c79258, L_0xa52c79210, v0xa524b75c0_0, C4<>;
L_0xa530b83c0 .functor MUXZ 4, L_0xa530b8320, L_0xa530b8280, v0xa524b72a0_0, C4<>;
L_0xa530b8460 .functor MUXZ 32, v0xa524b7520_0, v0xa524b4c80_0, v0xa524b72a0_0, C4<>;
L_0xa52453200 .cmp/eq 32, v0xa524b3c00_0, L_0xa52c792a0;
L_0xa524532a0 .cmp/eq 32, v0xa524b3c00_0, L_0xa52c792e8;
L_0xa530b8500 .functor MUXZ 1, v0xa524b7c00_0, v0xa524b9a40_0, v0xa524b72a0_0, C4<>;
L_0xa530b85a0 .functor MUXZ 8, v0xa524b7b60_0, v0xa524b99a0_0, v0xa524b72a0_0, C4<>;
L_0xa530b8640 .functor MUXZ 1, L_0xa52c79330, v0xa524ba9e0_0, L_0xa524532a0, C4<>;
L_0xa530b86e0 .functor MUXZ 1, L_0xa530b8640, v0xa524b9b80_0, L_0xa52453200, C4<>;
L_0xa530b8780 .functor MUXZ 1, L_0xa530b86e0, v0xa524b9680_0, L_0xa52453160, C4<>;
L_0xa530b88c0 .concat [ 1 31 0 0], v0xa524b8500_0, L_0xa52c79378;
L_0xa530b8960 .functor MUXZ 32, L_0xa52c793c0, L_0xa530b88c0, L_0xa524532a0, C4<>;
L_0xa530b8a00 .functor MUXZ 32, L_0xa530b8960, v0xa524ac000_0, L_0xa52453160, C4<>;
S_0xa52959380 .scope module, "bram" "bram_mem" 5 83, 6 7 0, S_0xa52959200;
 .timescale -9 -12;
    .port_info 0 /INPUT 1 "clk";
    .port_info 1 /INPUT 4 "we";
    .port_info 2 /INPUT 8 "addr";
    .port_info 3 /INPUT 32 "din";
    .port_info 4 /OUTPUT 32 "dout";
v0xa524abde0_0 .net "addr", 7 0, L_0xa530b81e0;  alias, 1 drivers
v0xa524abe80_0 .net "clk", 0 0, v0xa524bb2a0_0;  alias, 1 drivers
v0xa524abf20_0 .net "din", 31 0, L_0xa530b8460;  alias, 1 drivers
v0xa524ac000_0 .var "dout", 31 0;
v0xa524ac0a0 .array "mem", 255 0, 31 0;
v0xa524ac140_0 .net "we", 3 0, L_0xa530b83c0;  alias, 1 drivers
E_0xa52478b00 .event posedge, v0xa524abe80_0;
S_0xa52959500 .scope module, "cpu" "picorv32" 5 61, 3 62 0, S_0xa52959200;
 .timescale -9 -12;
    .port_info 0 /INPUT 1 "clk";
    .port_info 1 /INPUT 1 "resetn";
    .port_info 2 /OUTPUT 1 "trap";
    .port_info 3 /OUTPUT 1 "mem_valid";
    .port_info 4 /OUTPUT 1 "mem_instr";
    .port_info 5 /INPUT 1 "mem_ready";
    .port_info 6 /OUTPUT 32 "mem_addr";
    .port_info 7 /OUTPUT 32 "mem_wdata";
    .port_info 8 /OUTPUT 4 "mem_wstrb";
    .port_info 9 /INPUT 32 "mem_rdata";
    .port_info 10 /OUTPUT 1 "mem_la_read";
    .port_info 11 /OUTPUT 1 "mem_la_write";
    .port_info 12 /OUTPUT 32 "mem_la_addr";
    .port_info 13 /OUTPUT 32 "mem_la_wdata";
    .port_info 14 /OUTPUT 4 "mem_la_wstrb";
    .port_info 15 /OUTPUT 1 "pcpi_valid";
    .port_info 16 /OUTPUT 32 "pcpi_insn";
    .port_info 17 /OUTPUT 32 "pcpi_rs1";
    .port_info 18 /OUTPUT 32 "pcpi_rs2";
    .port_info 19 /INPUT 1 "pcpi_wr";
    .port_info 20 /INPUT 32 "pcpi_rd";
    .port_info 21 /INPUT 1 "pcpi_wait";
    .port_info 22 /INPUT 1 "pcpi_ready";
    .port_info 23 /INPUT 32 "irq";
    .port_info 24 /OUTPUT 32 "eoi";
    .port_info 25 /OUTPUT 1 "trace_valid";
    .port_info 26 /OUTPUT 36 "trace_data";
P_0xa530a8c00 .param/l "BARREL_SHIFTER" 0 3 69, C4<0>;
P_0xa530a8c40 .param/l "CATCH_ILLINSN" 0 3 74, C4<1>;
P_0xa530a8c80 .param/l "CATCH_MISALIGN" 0 3 73, C4<1>;
P_0xa530a8cc0 .param/l "COMPRESSED_ISA" 0 3 72, C4<0>;
P_0xa530a8d00 .param/l "ENABLE_COUNTERS" 0 3 63, C4<1>;
P_0xa530a8d40 .param/l "ENABLE_COUNTERS64" 0 3 64, C4<1>;
P_0xa530a8d80 .param/l "ENABLE_DIV" 0 3 78, C4<0>;
P_0xa530a8dc0 .param/l "ENABLE_FAST_MUL" 0 3 77, C4<0>;
P_0xa530a8e00 .param/l "ENABLE_IRQ" 0 3 79, C4<0>;
P_0xa530a8e40 .param/l "ENABLE_IRQ_QREGS" 0 3 80, C4<1>;
P_0xa530a8e80 .param/l "ENABLE_IRQ_TIMER" 0 3 81, C4<1>;
P_0xa530a8ec0 .param/l "ENABLE_MUL" 0 3 76, C4<0>;
P_0xa530a8f00 .param/l "ENABLE_PCPI" 0 3 75, C4<0>;
P_0xa530a8f40 .param/l "ENABLE_REGS_16_31" 0 3 65, C4<1>;
P_0xa530a8f80 .param/l "ENABLE_REGS_DUALPORT" 0 3 66, C4<1>;
P_0xa530a8fc0 .param/l "ENABLE_TRACE" 0 3 82, C4<0>;
P_0xa530a9000 .param/l "LATCHED_IRQ" 0 3 85, C4<11111111111111111111111111111111>;
P_0xa530a9040 .param/l "LATCHED_MEM_RDATA" 0 3 67, C4<0>;
P_0xa530a9080 .param/l "MASKED_IRQ" 0 3 84, C4<00000000000000000000000000000000>;
P_0xa530a90c0 .param/l "PROGADDR_IRQ" 0 3 87, C4<00000000000000000000000000010000>;
P_0xa530a9100 .param/l "PROGADDR_RESET" 0 3 86, C4<00000000000000000000000000000000>;
P_0xa530a9140 .param/l "REGS_INIT_ZERO" 0 3 83, C4<0>;
P_0xa530a9180 .param/l "STACKADDR" 0 3 88, C4<00000000000000000000001111110000>;
P_0xa530a91c0 .param/l "TRACE_ADDR" 1 3 172, C4<001000000000000000000000000000000000>;
P_0xa530a9200 .param/l "TRACE_BRANCH" 1 3 171, C4<000100000000000000000000000000000000>;
P_0xa530a9240 .param/l "TRACE_IRQ" 1 3 173, C4<100000000000000000000000000000000000>;
P_0xa530a9280 .param/l "TWO_CYCLE_ALU" 0 3 71, C4<0>;
P_0xa530a92c0 .param/l "TWO_CYCLE_COMPARE" 0 3 70, C4<0>;
P_0xa530a9300 .param/l "TWO_STAGE_SHIFT" 0 3 68, C4<1>;
P_0xa530a9340 .param/l "WITH_PCPI" 1 3 169, C4<0>;
P_0xa530a9380 .param/l "cpu_state_exec" 1 3 1176, C4<00001000>;
P_0xa530a93c0 .param/l "cpu_state_fetch" 1 3 1173, C4<01000000>;
P_0xa530a9400 .param/l "cpu_state_ld_rs1" 1 3 1174, C4<00100000>;
P_0xa530a9440 .param/l "cpu_state_ld_rs2" 1 3 1175, C4<00010000>;
P_0xa530a9480 .param/l "cpu_state_ldmem" 1 3 1179, C4<00000001>;
P_0xa530a94c0 .param/l "cpu_state_shift" 1 3 1177, C4<00000100>;
P_0xa530a9500 .param/l "cpu_state_stmem" 1 3 1178, C4<00000010>;
P_0xa530a9540 .param/l "cpu_state_trap" 1 3 1172, C4<10000000>;
P_0xa530a9580 .param/l "irq_buserror" 1 3 163, +C4<00000000000000000000000000000010>;
P_0xa530a95c0 .param/l "irq_ebreak" 1 3 162, +C4<00000000000000000000000000000001>;
P_0xa530a9600 .param/l "irq_timer" 1 3 161, +C4<00000000000000000000000000000000>;
P_0xa530a9640 .param/l "irqregs_offset" 1 3 165, +C4<00000000000000000000000000100000>;
P_0xa530a9680 .param/l "regfile_size" 1 3 166, +C4<00000000000000000000000000100000>;
P_0xa530a96c0 .param/l "regindex_bits" 1 3 167, +C4<00000000000000000000000000000101>;
L_0xa530aeb50 .functor BUFZ 1, v0xa524b4be0_0, C4<0>, C4<0>, C4<0>;
L_0xa530aebc0 .functor BUFZ 1, v0xa524b40a0_0, C4<0>, C4<0>, C4<0>;
L_0xa530aec30 .functor BUFZ 1, L_0xa530b8780, C4<0>, C4<0>, C4<0>;
L_0xa530aeca0 .functor BUFZ 32, v0xa524b3c00_0, C4<00000000000000000000000000000000>, C4<00000000000000000000000000000000>, C4<00000000000000000000000000000000>;
L_0xa530aed10 .functor BUFZ 32, v0xa524b4c80_0, C4<00000000000000000000000000000000>, C4<00000000000000000000000000000000>, C4<00000000000000000000000000000000>;
L_0xa530aed80 .functor BUFZ 4, v0xa524b4dc0_0, C4<0000>, C4<0000>, C4<0000>;
L_0xa530aedf0 .functor BUFZ 32, L_0xa530b8a00, C4<00000000000000000000000000000000>, C4<00000000000000000000000000000000>, C4<00000000000000000000000000000000>;
L_0xa530aee60 .functor BUFZ 32, v0xa524b63a0_0, C4<00000000000000000000000000000000>, C4<00000000000000000000000000000000>, C4<00000000000000000000000000000000>;
L_0xa530aeed0 .functor BUFZ 32, v0xa524b6440_0, C4<00000000000000000000000000000000>, C4<00000000000000000000000000000000>, C4<00000000000000000000000000000000>;
L_0xa530aef40 .functor AND 1, v0xa524b4be0_0, L_0xa530b8780, C4<1>, C4<1>;
L_0xa52c78ef8 .functor BUFT 1, C4<0>, C4<0>, C4<0>, C4<0>;
L_0xa530aefb0 .functor AND 1, L_0xa52c78ef8, v0xa524b3e80_0, C4<1>, C4<1>;
L_0xa530af020 .functor OR 1, L_0xa530aef40, L_0xa530aefb0, C4<0>, C4<0>;
L_0xa530af090 .functor AND 1, L_0xa530af020, L_0xa524bd180, C4<1>, C4<1>;
L_0xa530af100 .functor OR 1, v0xa524b3e80_0, v0xa524b3de0_0, C4<0>, C4<0>;
L_0xa530af170 .functor OR 1, L_0xa530af100, v0xa524b3f20_0, C4<0>, C4<0>;
L_0xa530af1e0 .functor AND 1, L_0xa530af090, L_0xa530af170, C4<1>, C4<1>;
L_0xa530af250 .functor AND 1, L_0xa524bd220, v0xa524b3e80_0, C4<1>, C4<1>;
L_0xa530af2c0 .functor OR 1, L_0xa530af1e0, L_0xa530af250, C4<0>, C4<0>;
L_0xa530af330 .functor AND 1, v0xa524b72a0_0, L_0xa530af2c0, C4<1>, C4<1>;
L_0xa530af3a0 .functor AND 1, L_0xa524bd400, L_0xa530af020, C4<1>, C4<1>;
L_0xa530af410 .functor OR 1, L_0xa524bd2c0, L_0xa530af3a0, C4<0>, C4<0>;
L_0xa530af480 .functor AND 1, L_0xa530af330, L_0xa530af410, C4<1>, C4<1>;
L_0xa530af4f0 .functor AND 1, v0xa524b72a0_0, L_0xa524bd4a0, C4<1>, C4<1>;
L_0xa530af560 .functor AND 1, L_0xa530af4f0, v0xa524b3f20_0, C4<1>, C4<1>;
L_0xa530af5d0 .functor AND 1, L_0xa524bd540, L_0xa524bd5e0, C4<1>, C4<1>;
L_0xa530af640 .functor OR 1, v0xa524b3e80_0, v0xa524b3d40_0, C4<0>, C4<0>;
L_0xa530af6b0 .functor OR 1, L_0xa530af640, v0xa524b3de0_0, C4<0>, C4<0>;
L_0xa530af720 .functor AND 1, L_0xa530af5d0, L_0xa530af6b0, C4<1>, C4<1>;
L_0xa52c78f40 .functor BUFT 1, C4<0>, C4<0>, C4<0>, C4<0>;
L_0xa530af790 .functor OR 1, L_0xa530af720, L_0xa52c78f40, C4<0>, C4<0>;
L_0xa530af800 .functor AND 1, v0xa524b72a0_0, L_0xa530af790, C4<1>, C4<1>;
L_0xa530af870 .functor OR 1, v0xa524b3d40_0, v0xa524b3e80_0, C4<0>, C4<0>;
L_0xa52c79018 .functor BUFT 1, C4<0>, C4<0>, C4<0>, C4<0>;
L_0xa530af8e0 .functor OR 1, L_0xa530af020, L_0xa52c79018, C4<0>, C4<0>;
L_0xa530af950 .functor BUFZ 32, L_0xa53557e80, C4<00000000000000000000000000000000>, C4<00000000000000000000000000000000>, C4<00000000000000000000000000000000>;
L_0xa52c79060 .functor BUFT 1, C4<1>, C4<0>, C4<0>, C4<0>;
L_0xa530af9c0 .functor AND 1, L_0xa52c79060, L_0xa524bd7c0, C4<1>, C4<1>;
L_0xa530afa30 .functor AND 1, v0xa524b3a20_0, v0xa524b35c0_0, C4<1>, C4<1>;
L_0xa52c790a8 .functor BUFT 1, C4<11111111111111111111111111111110>, C4<0>, C4<0>, C4<0>;
L_0xa530afaa0 .functor AND 32, v0xa524b64e0_0, L_0xa52c790a8, C4<11111111111111111111111111111111>, C4<11111111111111111111111111111111>;
L_0xa530afb10 .functor AND 1, L_0xa524530c0, v0xa524b0640_0, C4<1>, C4<1>;
L_0xa52c79138 .functor BUFT 1, C4<1>, C4<0>, C4<0>, C4<0>;
L_0xa530afb80 .functor AND 1, L_0xa530afb10, L_0xa52c79138, C4<1>, C4<1>;
v0xa524ac1e0_0 .net *"_ivl_100", 31 0, L_0xa53557ca0;  1 drivers
v0xa524ac280_0 .net *"_ivl_103", 29 0, L_0xa524bd720;  1 drivers
L_0xa52c78fd0 .functor BUFT 1, C4<00>, C4<0>, C4<0>, C4<0>;
v0xa524ac320_0 .net/2u *"_ivl_104", 1 0, L_0xa52c78fd0;  1 drivers
v0xa524ac3c0_0 .net *"_ivl_106", 31 0, L_0xa53557d40;  1 drivers
v0xa524ac460_0 .net/2u *"_ivl_110", 0 0, L_0xa52c79018;  1 drivers
v0xa524ac500_0 .net *"_ivl_113", 0 0, L_0xa530af8e0;  1 drivers
v0xa524ac5a0_0 .net/2u *"_ivl_118", 0 0, L_0xa52c79060;  1 drivers
v0xa524ac640_0 .net *"_ivl_120", 47 0, L_0xa530b8000;  1 drivers
v0xa524ac6e0_0 .net *"_ivl_123", 0 0, L_0xa524bd7c0;  1 drivers
v0xa524ac780_0 .net *"_ivl_126", 3 0, L_0xa530b80a0;  1 drivers
v0xa524ac820_0 .net *"_ivl_131", 0 0, L_0xa530afa30;  1 drivers
v0xa524ac8c0_0 .net/2u *"_ivl_132", 31 0, L_0xa52c790a8;  1 drivers
v0xa524ac960_0 .net *"_ivl_134", 31 0, L_0xa530afaa0;  1 drivers
L_0xa52c790f0 .functor BUFT 1, C4<01000000>, C4<0>, C4<0>, C4<0>;
v0xa524aca00_0 .net/2u *"_ivl_138", 7 0, L_0xa52c790f0;  1 drivers
v0xa524acaa0_0 .net *"_ivl_140", 0 0, L_0xa524530c0;  1 drivers
v0xa524acb40_0 .net *"_ivl_143", 0 0, L_0xa530afb10;  1 drivers
v0xa524acbe0_0 .net/2u *"_ivl_144", 0 0, L_0xa52c79138;  1 drivers
v0xa524acc80_0 .net *"_ivl_25", 0 0, L_0xa530aef40;  1 drivers
v0xa524acd20_0 .net *"_ivl_27", 0 0, L_0xa530aefb0;  1 drivers
v0xa524acdc0_0 .net *"_ivl_30", 3 0, L_0xa53557c00;  1 drivers
v0xa524ace60_0 .net *"_ivl_35", 0 0, L_0xa524bd180;  1 drivers
v0xa524acf00_0 .net *"_ivl_37", 0 0, L_0xa530af090;  1 drivers
v0xa524acfa0_0 .net *"_ivl_39", 0 0, L_0xa530af100;  1 drivers
v0xa524ad040_0 .net *"_ivl_41", 0 0, L_0xa530af170;  1 drivers
v0xa524ad0e0_0 .net *"_ivl_43", 0 0, L_0xa530af1e0;  1 drivers
v0xa524ad180_0 .net *"_ivl_45", 0 0, L_0xa524bd220;  1 drivers
v0xa524ad220_0 .net *"_ivl_47", 0 0, L_0xa530af250;  1 drivers
v0xa524ad2c0_0 .net *"_ivl_49", 0 0, L_0xa530af2c0;  1 drivers
v0xa524ad360_0 .net *"_ivl_51", 0 0, L_0xa530af330;  1 drivers
v0xa524ad400_0 .net *"_ivl_53", 0 0, L_0xa524bd2c0;  1 drivers
v0xa524ad4a0_0 .net *"_ivl_55", 1 0, L_0xa524bd360;  1 drivers
v0xa524ad540_0 .net *"_ivl_57", 0 0, L_0xa524bd400;  1 drivers
v0xa524ad5e0_0 .net *"_ivl_59", 0 0, L_0xa530af3a0;  1 drivers
v0xa524ad680_0 .net *"_ivl_61", 0 0, L_0xa530af410;  1 drivers
v0xa524ad720_0 .net *"_ivl_65", 0 0, L_0xa524bd4a0;  1 drivers
v0xa524ad7c0_0 .net *"_ivl_67", 0 0, L_0xa530af4f0;  1 drivers
v0xa524ad860_0 .net *"_ivl_71", 0 0, L_0xa524bd540;  1 drivers
v0xa524ad900_0 .net *"_ivl_73", 0 0, L_0xa524bd5e0;  1 drivers
v0xa524ad9a0_0 .net *"_ivl_75", 0 0, L_0xa530af5d0;  1 drivers
v0xa524ada40_0 .net *"_ivl_77", 0 0, L_0xa530af640;  1 drivers
v0xa524adae0_0 .net *"_ivl_79", 0 0, L_0xa530af6b0;  1 drivers
v0xa524adb80_0 .net *"_ivl_81", 0 0, L_0xa530af720;  1 drivers
v0xa524adc20_0 .net/2u *"_ivl_82", 0 0, L_0xa52c78f40;  1 drivers
v0xa524adcc0_0 .net *"_ivl_85", 0 0, L_0xa530af790;  1 drivers
v0xa524add60_0 .net *"_ivl_89", 0 0, L_0xa530af870;  1 drivers
v0xa524ade00_0 .net *"_ivl_91", 29 0, L_0xa524bd680;  1 drivers
L_0xa52c79498 .functor BUFT 1, C4<000000000000000000000000000000>, C4<0>, C4<0>, C4<0>;
v0xa524adea0_0 .net *"_ivl_92", 29 0, L_0xa52c79498;  1 drivers
v0xa524adf40_0 .net *"_ivl_96", 29 0, L_0xa524bbac0;  1 drivers
L_0xa52c78f88 .functor BUFT 1, C4<00>, C4<0>, C4<0>, C4<0>;
v0xa524adfe0_0 .net/2u *"_ivl_98", 1 0, L_0xa52c78f88;  1 drivers
v0xa524ae080_0 .var "alu_add_sub", 31 0;
v0xa524ae120_0 .var "alu_eq", 0 0;
v0xa524ae1c0_0 .var "alu_lts", 0 0;
v0xa524ae260_0 .var "alu_ltu", 0 0;
v0xa524ae300_0 .var "alu_out", 31 0;
v0xa524ae3a0_0 .var "alu_out_0", 0 0;
v0xa524ae440_0 .var "alu_out_0_q", 0 0;
v0xa524ae4e0_0 .var "alu_out_q", 31 0;
v0xa524ae580_0 .var "alu_shl", 31 0;
v0xa524ae620_0 .var "alu_shr", 31 0;
v0xa524ae6c0_0 .var "alu_wait", 0 0;
v0xa524ae760_0 .var "alu_wait_2", 0 0;
v0xa524ae800_0 .var "cached_ascii_instr", 63 0;
v0xa524ae8a0_0 .var "cached_insn_imm", 31 0;
v0xa524ae940_0 .var "cached_insn_opcode", 31 0;
v0xa524ae9e0_0 .var "cached_insn_rd", 4 0;
v0xa524aea80_0 .var "cached_insn_rs1", 4 0;
v0xa524aeb20_0 .var "cached_insn_rs2", 4 0;
v0xa524aebc0_0 .var "clear_prefetched_high_word", 0 0;
v0xa524aec60_0 .var "clear_prefetched_high_word_q", 0 0;
v0xa524aed00_0 .net "clk", 0 0, v0xa524bb2a0_0;  alias, 1 drivers
v0xa524aeda0_0 .var "compressed_instr", 0 0;
v0xa524aee40_0 .var "count_cycle", 63 0;
v0xa524aeee0_0 .var "count_instr", 63 0;
v0xa524aef80_0 .var "cpu_state", 7 0;
v0xa524af020 .array "cpuregs", 31 0, 31 0;
v0xa524af0c0_0 .var "cpuregs_rs1", 31 0;
v0xa524af160_0 .var "cpuregs_rs2", 31 0;
v0xa524af200_0 .var "cpuregs_wrdata", 31 0;
v0xa524af2a0_0 .var "cpuregs_write", 0 0;
v0xa524af340_0 .var "current_pc", 31 0;
v0xa524af3e0_0 .var "dbg_ascii_instr", 63 0;
v0xa524af480_0 .var "dbg_ascii_state", 127 0;
v0xa524af520_0 .var "dbg_insn_addr", 31 0;
v0xa524af5c0_0 .var "dbg_insn_imm", 31 0;
v0xa524af660_0 .var "dbg_insn_opcode", 31 0;
v0xa524af700_0 .var "dbg_insn_rd", 4 0;
v0xa524af7a0_0 .var "dbg_insn_rs1", 4 0;
v0xa524af840_0 .var "dbg_insn_rs2", 4 0;
v0xa524af8e0_0 .net "dbg_mem_addr", 31 0, L_0xa530aeca0;  1 drivers
v0xa524af980_0 .net "dbg_mem_instr", 0 0, L_0xa530aebc0;  1 drivers
v0xa524afa20_0 .net "dbg_mem_rdata", 31 0, L_0xa530aedf0;  1 drivers
v0xa524afac0_0 .net "dbg_mem_ready", 0 0, L_0xa530aec30;  1 drivers
v0xa524afb60_0 .net "dbg_mem_valid", 0 0, L_0xa530aeb50;  1 drivers
v0xa524afc00_0 .net "dbg_mem_wdata", 31 0, L_0xa530aed10;  1 drivers
v0xa524afca0_0 .net "dbg_mem_wstrb", 3 0, L_0xa530aed80;  1 drivers
v0xa524afd40_0 .var "dbg_next", 0 0;
v0xa524afde0_0 .var "dbg_rs1val", 31 0;
v0xa524afe80_0 .var "dbg_rs1val_valid", 0 0;
v0xa524aff20_0 .var "dbg_rs2val", 31 0;
v0xa524b0000_0 .var "dbg_rs2val_valid", 0 0;
v0xa524b00a0_0 .var "dbg_valid_insn", 0 0;
v0xa524b0140_0 .var "decoded_imm", 31 0;
v0xa524b01e0_0 .var "decoded_imm_j", 31 0;
v0xa524b0280_0 .var "decoded_rd", 4 0;
v0xa524b0320_0 .var "decoded_rs", 4 0;
v0xa524b03c0_0 .var "decoded_rs1", 4 0;
v0xa524b0460_0 .var "decoded_rs2", 4 0;
v0xa524b0500_0 .var "decoder_pseudo_trigger", 0 0;
v0xa524b05a0_0 .var "decoder_pseudo_trigger_q", 0 0;
v0xa524b0640_0 .var "decoder_trigger", 0 0;
v0xa524b06e0_0 .var "decoder_trigger_q", 0 0;
v0xa524b0780_0 .var "do_waitirq", 0 0;
v0xa524b0820_0 .var "eoi", 31 0;
v0xa524b08c0_0 .var "instr_add", 0 0;
v0xa524b0960_0 .var "instr_addi", 0 0;
v0xa524b0a00_0 .var "instr_and", 0 0;
v0xa524b0aa0_0 .var "instr_andi", 0 0;
v0xa524b0b40_0 .var "instr_auipc", 0 0;
v0xa524b0be0_0 .var "instr_beq", 0 0;
v0xa524b0c80_0 .var "instr_bge", 0 0;
v0xa524b0d20_0 .var "instr_bgeu", 0 0;
v0xa524b0dc0_0 .var "instr_blt", 0 0;
v0xa524b0e60_0 .var "instr_bltu", 0 0;
v0xa524b0f00_0 .var "instr_bne", 0 0;
v0xa524b0fa0_0 .var "instr_ecall_ebreak", 0 0;
v0xa524b1040_0 .var "instr_fence", 0 0;
v0xa524b10e0_0 .var "instr_getq", 0 0;
v0xa524b1180_0 .var "instr_jal", 0 0;
v0xa524b1220_0 .var "instr_jalr", 0 0;
v0xa524b12c0_0 .var "instr_lb", 0 0;
v0xa524b1360_0 .var "instr_lbu", 0 0;
v0xa524b1400_0 .var "instr_lh", 0 0;
v0xa524b14a0_0 .var "instr_lhu", 0 0;
v0xa524b1540_0 .var "instr_lui", 0 0;
v0xa524b15e0_0 .var "instr_lw", 0 0;
v0xa524b1680_0 .var "instr_maskirq", 0 0;
v0xa524b1720_0 .var "instr_or", 0 0;
v0xa524b17c0_0 .var "instr_ori", 0 0;
v0xa524b1860_0 .var "instr_rdcycle", 0 0;
v0xa524b1900_0 .var "instr_rdcycleh", 0 0;
v0xa524b19a0_0 .var "instr_rdinstr", 0 0;
v0xa524b1a40_0 .var "instr_rdinstrh", 0 0;
v0xa524b1ae0_0 .var "instr_retirq", 0 0;
v0xa524b1b80_0 .var "instr_sb", 0 0;
v0xa524b1c20_0 .var "instr_setq", 0 0;
v0xa524b1cc0_0 .var "instr_sh", 0 0;
v0xa524b1d60_0 .var "instr_sll", 0 0;
v0xa524b1e00_0 .var "instr_slli", 0 0;
v0xa524b1ea0_0 .var "instr_slt", 0 0;
v0xa524b1f40_0 .var "instr_slti", 0 0;
v0xa524b1fe0_0 .var "instr_sltiu", 0 0;
v0xa524b2080_0 .var "instr_sltu", 0 0;
v0xa524b2120_0 .var "instr_sra", 0 0;
v0xa524b21c0_0 .var "instr_srai", 0 0;
v0xa524b2260_0 .var "instr_srl", 0 0;
v0xa524b2300_0 .var "instr_srli", 0 0;
v0xa524b23a0_0 .var "instr_sub", 0 0;
v0xa524b2440_0 .var "instr_sw", 0 0;
v0xa524b24e0_0 .var "instr_timer", 0 0;
v0xa524b2580_0 .net "instr_trap", 0 0, L_0xa530af9c0;  1 drivers
v0xa524b2620_0 .var "instr_waitirq", 0 0;
v0xa524b26c0_0 .var "instr_xor", 0 0;
v0xa524b2760_0 .var "instr_xori", 0 0;
o0xa52c50070 .functor BUFZ 32, c4<zzzzzzzzzzzzzzzzzzzzzzzzzzzzzzzz>; HiZ drive
v0xa524b2800_0 .net "irq", 31 0, o0xa52c50070;  0 drivers
v0xa524b28a0_0 .var "irq_active", 0 0;
v0xa524b2940_0 .var "irq_delay", 0 0;
v0xa524b29e0_0 .var "irq_mask", 31 0;
v0xa524b2a80_0 .var "irq_pending", 31 0;
v0xa524b2b20_0 .var "irq_state", 1 0;
v0xa524b2bc0_0 .var "is_alu_reg_imm", 0 0;
v0xa524b2c60_0 .var "is_alu_reg_reg", 0 0;
v0xa524b2d00_0 .var "is_beq_bne_blt_bge_bltu_bgeu", 0 0;
v0xa524b2da0_0 .var "is_compare", 0 0;
v0xa524b2e40_0 .var "is_jalr_addi_slti_sltiu_xori_ori_andi", 0 0;
v0xa524b2ee0_0 .var "is_lb_lh_lw_lbu_lhu", 0 0;
v0xa524b2f80_0 .var "is_lbu_lhu_lw", 0 0;
v0xa524b3020_0 .var "is_lui_auipc_jal", 0 0;
v0xa524b30c0_0 .var "is_lui_auipc_jal_jalr_addi_add_sub", 0 0;
v0xa524b3160_0 .net "is_rdcycle_rdcycleh_rdinstr_rdinstrh", 0 0, L_0xa524bd860;  1 drivers
v0xa524b3200_0 .var "is_sb_sh_sw", 0 0;
v0xa524b32a0_0 .var "is_sll_srl_sra", 0 0;
v0xa524b3340_0 .var "is_slli_srli_srai", 0 0;
v0xa524b33e0_0 .var "is_slti_blt_slt", 0 0;
v0xa524b3480_0 .var "is_sltiu_bltu_sltu", 0 0;
v0xa524b3520_0 .var "last_mem_valid", 0 0;
v0xa524b35c0_0 .var "latched_branch", 0 0;
v0xa524b3660_0 .var "latched_compr", 0 0;
v0xa524b3700_0 .var "latched_is_lb", 0 0;
v0xa524b37a0_0 .var "latched_is_lh", 0 0;
v0xa524b3840_0 .var "latched_is_lu", 0 0;
v0xa524b38e0_0 .var "latched_rd", 4 0;
v0xa524b3980_0 .var "latched_stalu", 0 0;
v0xa524b3a20_0 .var "latched_store", 0 0;
v0xa524b3ac0_0 .var "latched_trace", 0 0;
v0xa524b3b60_0 .net "launch_next_insn", 0 0, L_0xa530afb80;  1 drivers
v0xa524b3c00_0 .var "mem_addr", 31 0;
v0xa524b3ca0_0 .net "mem_busy", 0 0, L_0xa524bd0e0;  1 drivers
v0xa524b3d40_0 .var "mem_do_prefetch", 0 0;
v0xa524b3de0_0 .var "mem_do_rdata", 0 0;
v0xa524b3e80_0 .var "mem_do_rinst", 0 0;
v0xa524b3f20_0 .var "mem_do_wdata", 0 0;
v0xa524b4000_0 .net "mem_done", 0 0, L_0xa530af480;  1 drivers
v0xa524b40a0_0 .var "mem_instr", 0 0;
v0xa524b4140_0 .net "mem_la_addr", 31 0, L_0xa53557de0;  1 drivers
L_0xa52c78e68 .functor BUFT 1, C4<0>, C4<0>, C4<0>, C4<0>;
v0xa524b41e0_0 .net "mem_la_firstword", 0 0, L_0xa52c78e68;  1 drivers
v0xa524b4280_0 .var "mem_la_firstword_reg", 0 0;
L_0xa52c78eb0 .functor BUFT 1, C4<0>, C4<0>, C4<0>, C4<0>;
v0xa524b4320_0 .net "mem_la_firstword_xfer", 0 0, L_0xa52c78eb0;  1 drivers
v0xa524b43c0_0 .net "mem_la_read", 0 0, L_0xa530af800;  1 drivers
v0xa524b4460_0 .var "mem_la_secondword", 0 0;
v0xa524b4500_0 .net "mem_la_use_prefetched_high_word", 0 0, L_0xa52c78ef8;  1 drivers
v0xa524b45a0_0 .var "mem_la_wdata", 31 0;
v0xa524b4640_0 .net "mem_la_write", 0 0, L_0xa530af560;  1 drivers
v0xa524b46e0_0 .var "mem_la_wstrb", 3 0;
v0xa524b4780_0 .net "mem_rdata", 31 0, L_0xa530b8a00;  alias, 1 drivers
v0xa524b4820_0 .net "mem_rdata_latched", 31 0, L_0xa530af950;  1 drivers
v0xa524b48c0_0 .net "mem_rdata_latched_noshuffle", 31 0, L_0xa53557e80;  1 drivers
v0xa524b4960_0 .var "mem_rdata_q", 31 0;
v0xa524b4a00_0 .var "mem_rdata_word", 31 0;
v0xa524b4aa0_0 .net "mem_ready", 0 0, L_0xa530b8780;  alias, 1 drivers
v0xa524b4b40_0 .var "mem_state", 1 0;
v0xa524b4be0_0 .var "mem_valid", 0 0;
v0xa524b4c80_0 .var "mem_wdata", 31 0;
v0xa524b4d20_0 .var "mem_wordsize", 1 0;
v0xa524b4dc0_0 .var "mem_wstrb", 3 0;
v0xa524b4e60_0 .net "mem_xfer", 0 0, L_0xa530af020;  1 drivers
v0xa524b4f00_0 .var "new_ascii_instr", 63 0;
v0xa524b4fa0_0 .var "next_insn_opcode", 31 0;
v0xa524b5040_0 .var "next_irq_pending", 31 0;
v0xa524b50e0_0 .net "next_pc", 31 0, L_0xa530b8140;  1 drivers
L_0xa52c78d90 .functor BUFT 1, C4<xxxxxxxxxxxxxxxxxxxxxxxxxxxxxxxx>, C4<0>, C4<0>, C4<0>;
v0xa524b5180_0 .net "pcpi_div_rd", 31 0, L_0xa52c78d90;  1 drivers
L_0xa52c78e20 .functor BUFT 1, C4<0>, C4<0>, C4<0>, C4<0>;
v0xa524b5220_0 .net "pcpi_div_ready", 0 0, L_0xa52c78e20;  1 drivers
L_0xa52c78dd8 .functor BUFT 1, C4<0>, C4<0>, C4<0>, C4<0>;
v0xa524b52c0_0 .net "pcpi_div_wait", 0 0, L_0xa52c78dd8;  1 drivers
L_0xa52c78d48 .functor BUFT 1, C4<0>, C4<0>, C4<0>, C4<0>;
v0xa524b5360_0 .net "pcpi_div_wr", 0 0, L_0xa52c78d48;  1 drivers
v0xa524b5400_0 .var "pcpi_insn", 31 0;
v0xa524b54a0_0 .var "pcpi_int_rd", 31 0;
v0xa524b5540_0 .var "pcpi_int_ready", 0 0;
v0xa524b55e0_0 .var "pcpi_int_wait", 0 0;
v0xa524b5680_0 .var "pcpi_int_wr", 0 0;
L_0xa52c78c70 .functor BUFT 1, C4<xxxxxxxxxxxxxxxxxxxxxxxxxxxxxxxx>, C4<0>, C4<0>, C4<0>;
v0xa524b5720_0 .net "pcpi_mul_rd", 31 0, L_0xa52c78c70;  1 drivers
L_0xa52c78d00 .functor BUFT 1, C4<0>, C4<0>, C4<0>, C4<0>;
v0xa524b57c0_0 .net "pcpi_mul_ready", 0 0, L_0xa52c78d00;  1 drivers
L_0xa52c78cb8 .functor BUFT 1, C4<0>, C4<0>, C4<0>, C4<0>;
v0xa524b5860_0 .net "pcpi_mul_wait", 0 0, L_0xa52c78cb8;  1 drivers
L_0xa52c78c28 .functor BUFT 1, C4<0>, C4<0>, C4<0>, C4<0>;
v0xa524b5900_0 .net "pcpi_mul_wr", 0 0, L_0xa52c78c28;  1 drivers
o0xa52c50f40 .functor BUFZ 32, c4<zzzzzzzzzzzzzzzzzzzzzzzzzzzzzzzz>; HiZ drive
v0xa524b59a0_0 .net "pcpi_rd", 31 0, o0xa52c50f40;  0 drivers
o0xa52c50f70 .functor BUFZ 1, c4<z>; HiZ drive
v0xa524b5a40_0 .net "pcpi_ready", 0 0, o0xa52c50f70;  0 drivers
v0xa524b5ae0_0 .net "pcpi_rs1", 31 0, L_0xa530aee60;  1 drivers
v0xa524b5b80_0 .net "pcpi_rs2", 31 0, L_0xa530aeed0;  1 drivers
v0xa524b5c20_0 .var "pcpi_timeout", 0 0;
v0xa524b5cc0_0 .var "pcpi_valid", 0 0;
o0xa52c51060 .functor BUFZ 1, c4<z>; HiZ drive
v0xa524b5d60_0 .net "pcpi_wait", 0 0, o0xa52c51060;  0 drivers
o0xa52c51090 .functor BUFZ 1, c4<z>; HiZ drive
v0xa524b5e00_0 .net "pcpi_wr", 0 0, o0xa52c51090;  0 drivers
v0xa524b5ea0_0 .var "prefetched_high_word", 0 0;
v0xa524b5f40_0 .var "q_ascii_instr", 63 0;
v0xa524b5fe0_0 .var "q_insn_imm", 31 0;
v0xa524b6080_0 .var "q_insn_opcode", 31 0;
v0xa524b6120_0 .var "q_insn_rd", 4 0;
v0xa524b61c0_0 .var "q_insn_rs1", 4 0;
v0xa524b6260_0 .var "q_insn_rs2", 4 0;
v0xa524b6300_0 .var "reg_next_pc", 31 0;
v0xa524b63a0_0 .var "reg_op1", 31 0;
v0xa524b6440_0 .var "reg_op2", 31 0;
v0xa524b64e0_0 .var "reg_out", 31 0;
v0xa524b6580_0 .var "reg_pc", 31 0;
v0xa524b6620_0 .var "reg_sh", 4 0;
v0xa524b66c0_0 .net "resetn", 0 0, v0xa524b72a0_0;  alias, 1 drivers
v0xa524b6760_0 .var "set_mem_do_rdata", 0 0;
v0xa524b6800_0 .var "set_mem_do_rinst", 0 0;
v0xa524b68a0_0 .var "set_mem_do_wdata", 0 0;
v0xa524b6940_0 .var "timer", 31 0;
v0xa524b69e0_0 .var "trace_data", 35 0;
v0xa524b6a80_0 .var "trace_valid", 0 0;
v0xa524b6b20_0 .var "trap", 0 0;
v0xa524af020_0 .array/port v0xa524af020, 0;
v0xa524af020_1 .array/port v0xa524af020, 1;
v0xa524af020_2 .array/port v0xa524af020, 2;
E_0xa52478b80/0 .event anyedge, v0xa524b03c0_0, v0xa524af020_0, v0xa524af020_1, v0xa524af020_2;
v0xa524af020_3 .array/port v0xa524af020, 3;
v0xa524af020_4 .array/port v0xa524af020, 4;
v0xa524af020_5 .array/port v0xa524af020, 5;
v0xa524af020_6 .array/port v0xa524af020, 6;
E_0xa52478b80/1 .event anyedge, v0xa524af020_3, v0xa524af020_4, v0xa524af020_5, v0xa524af020_6;
v0xa524af020_7 .array/port v0xa524af020, 7;
v0xa524af020_8 .array/port v0xa524af020, 8;
v0xa524af020_9 .array/port v0xa524af020, 9;
v0xa524af020_10 .array/port v0xa524af020, 10;
E_0xa52478b80/2 .event anyedge, v0xa524af020_7, v0xa524af020_8, v0xa524af020_9, v0xa524af020_10;
v0xa524af020_11 .array/port v0xa524af020, 11;
v0xa524af020_12 .array/port v0xa524af020, 12;
v0xa524af020_13 .array/port v0xa524af020, 13;
v0xa524af020_14 .array/port v0xa524af020, 14;
E_0xa52478b80/3 .event anyedge, v0xa524af020_11, v0xa524af020_12, v0xa524af020_13, v0xa524af020_14;
v0xa524af020_15 .array/port v0xa524af020, 15;
v0xa524af020_16 .array/port v0xa524af020, 16;
v0xa524af020_17 .array/port v0xa524af020, 17;
v0xa524af020_18 .array/port v0xa524af020, 18;
E_0xa52478b80/4 .event anyedge, v0xa524af020_15, v0xa524af020_16, v0xa524af020_17, v0xa524af020_18;
v0xa524af020_19 .array/port v0xa524af020, 19;
v0xa524af020_20 .array/port v0xa524af020, 20;
v0xa524af020_21 .array/port v0xa524af020, 21;
v0xa524af020_22 .array/port v0xa524af020, 22;
E_0xa52478b80/5 .event anyedge, v0xa524af020_19, v0xa524af020_20, v0xa524af020_21, v0xa524af020_22;
v0xa524af020_23 .array/port v0xa524af020, 23;
v0xa524af020_24 .array/port v0xa524af020, 24;
v0xa524af020_25 .array/port v0xa524af020, 25;
v0xa524af020_26 .array/port v0xa524af020, 26;
E_0xa52478b80/6 .event anyedge, v0xa524af020_23, v0xa524af020_24, v0xa524af020_25, v0xa524af020_26;
v0xa524af020_27 .array/port v0xa524af020, 27;
v0xa524af020_28 .array/port v0xa524af020, 28;
v0xa524af020_29 .array/port v0xa524af020, 29;
v0xa524af020_30 .array/port v0xa524af020, 30;
E_0xa52478b80/7 .event anyedge, v0xa524af020_27, v0xa524af020_28, v0xa524af020_29, v0xa524af020_30;
v0xa524af020_31 .array/port v0xa524af020, 31;
E_0xa52478b80/8 .event anyedge, v0xa524af020_31, v0xa524b0460_0;
E_0xa52478b80 .event/or E_0xa52478b80/0, E_0xa52478b80/1, E_0xa52478b80/2, E_0xa52478b80/3, E_0xa52478b80/4, E_0xa52478b80/5, E_0xa52478b80/6, E_0xa52478b80/7, E_0xa52478b80/8;
E_0xa52478bc0/0 .event anyedge, v0xa524aef80_0, v0xa524b6580_0, v0xa524b3660_0, v0xa524b35c0_0;
E_0xa52478bc0/1 .event anyedge, v0xa524b3980_0, v0xa524ae4e0_0, v0xa524b64e0_0, v0xa524b3a20_0;
E_0xa52478bc0/2 .event anyedge, v0xa524b6300_0, v0xa524b2a80_0, v0xa524b29e0_0;
E_0xa52478bc0 .event/or E_0xa52478bc0/0, E_0xa52478bc0/1, E_0xa52478bc0/2;
E_0xa52478c00/0 .event anyedge, v0xa524aec60_0, v0xa524b5ea0_0, v0xa524b35c0_0, v0xa524b2b20_0;
E_0xa52478c00/1 .event anyedge, v0xa524b66c0_0;
E_0xa52478c00 .event/or E_0xa52478c00/0, E_0xa52478c00/1;
E_0xa52478c40/0 .event anyedge, v0xa524ae120_0, v0xa524b0be0_0, v0xa524b0f00_0, v0xa524ae1c0_0;
E_0xa52478c40/1 .event anyedge, v0xa524b0c80_0, v0xa524ae260_0, v0xa524b0d20_0, v0xa524b33e0_0;
E_0xa52478c40/2 .event anyedge, v0xa524b3480_0, v0xa524ae080_0, v0xa524b30c0_0, v0xa524ae3a0_0;
E_0xa52478c40/3 .event anyedge, v0xa524b2da0_0, v0xa524b63a0_0, v0xa524b6440_0, v0xa524b2760_0;
E_0xa52478c40/4 .event anyedge, v0xa524b26c0_0, v0xa524b17c0_0, v0xa524b1720_0, v0xa524b0aa0_0;
E_0xa52478c40/5 .event anyedge, v0xa524b0a00_0, v0xa524ae580_0, v0xa524ae620_0;
E_0xa52478c40 .event/or E_0xa52478c40/0, E_0xa52478c40/1, E_0xa52478c40/2, E_0xa52478c40/3, E_0xa52478c40/4, E_0xa52478c40/5;
E_0xa52478c80 .event anyedge, v0xa524aef80_0;
E_0xa52478cc0/0 .event anyedge, v0xa524b5f40_0, v0xa524b5fe0_0, v0xa524b6080_0, v0xa524b61c0_0;
E_0xa52478cc0/1 .event anyedge, v0xa524b6260_0, v0xa524b6120_0, v0xa524afd40_0, v0xa524b05a0_0;
E_0xa52478cc0/2 .event anyedge, v0xa524ae800_0, v0xa524ae8a0_0, v0xa524ae940_0, v0xa524aea80_0;
E_0xa52478cc0/3 .event anyedge, v0xa524aeb20_0, v0xa524ae9e0_0, v0xa524b4f00_0, v0xa524b4fa0_0;
E_0xa52478cc0/4 .event anyedge, v0xa524b0140_0, v0xa524b03c0_0, v0xa524b0460_0, v0xa524b0280_0;
E_0xa52478cc0 .event/or E_0xa52478cc0/0, E_0xa52478cc0/1, E_0xa52478cc0/2, E_0xa52478cc0/3, E_0xa52478cc0/4;
E_0xa52478d00/0 .event anyedge, v0xa524b1540_0, v0xa524b0b40_0, v0xa524b1180_0, v0xa524b1220_0;
E_0xa52478d00/1 .event anyedge, v0xa524b0be0_0, v0xa524b0f00_0, v0xa524b0dc0_0, v0xa524b0c80_0;
E_0xa52478d00/2 .event anyedge, v0xa524b0e60_0, v0xa524b0d20_0, v0xa524b12c0_0, v0xa524b1400_0;
E_0xa52478d00/3 .event anyedge, v0xa524b15e0_0, v0xa524b1360_0, v0xa524b14a0_0, v0xa524b1b80_0;
E_0xa52478d00/4 .event anyedge, v0xa524b1cc0_0, v0xa524b2440_0, v0xa524b0960_0, v0xa524b1f40_0;
E_0xa52478d00/5 .event anyedge, v0xa524b1fe0_0, v0xa524b2760_0, v0xa524b17c0_0, v0xa524b0aa0_0;
E_0xa52478d00/6 .event anyedge, v0xa524b1e00_0, v0xa524b2300_0, v0xa524b21c0_0, v0xa524b08c0_0;
E_0xa52478d00/7 .event anyedge, v0xa524b23a0_0, v0xa524b1d60_0, v0xa524b1ea0_0, v0xa524b2080_0;
E_0xa52478d00/8 .event anyedge, v0xa524b26c0_0, v0xa524b2260_0, v0xa524b2120_0, v0xa524b1720_0;
E_0xa52478d00/9 .event anyedge, v0xa524b0a00_0, v0xa524b1860_0, v0xa524b1900_0, v0xa524b19a0_0;
E_0xa52478d00/10 .event anyedge, v0xa524b1a40_0, v0xa524b1040_0, v0xa524b10e0_0, v0xa524b1c20_0;
E_0xa52478d00/11 .event anyedge, v0xa524b1ae0_0, v0xa524b1680_0, v0xa524b2620_0, v0xa524b24e0_0;
E_0xa52478d00 .event/or E_0xa52478d00/0, E_0xa52478d00/1, E_0xa52478d00/2, E_0xa52478d00/3, E_0xa52478d00/4, E_0xa52478d00/5, E_0xa52478d00/6, E_0xa52478d00/7, E_0xa52478d00/8, E_0xa52478d00/9, E_0xa52478d00/10, E_0xa52478d00/11;
E_0xa52478d40 .event anyedge, v0xa524b4d20_0, v0xa524b6440_0, v0xa524b4780_0, v0xa524b63a0_0;
E_0xa52478d80 .event anyedge, v0xa524b5900_0, v0xa524b5720_0, v0xa524b5360_0, v0xa524b5180_0;
L_0xa53557c00 .concat [ 1 1 1 1], v0xa524b3f20_0, v0xa524b3de0_0, v0xa524b3e80_0, v0xa524b3d40_0;
L_0xa524bd0e0 .reduce/or L_0xa53557c00;
L_0xa524bd180 .reduce/or v0xa524b4b40_0;
L_0xa524bd220 .reduce/and v0xa524b4b40_0;
L_0xa524bd2c0 .reduce/nor L_0xa52c78e68;
L_0xa524bd360 .part L_0xa530af950, 0, 2;
L_0xa524bd400 .reduce/nand L_0xa524bd360;
L_0xa524bd4a0 .reduce/nor v0xa524b4b40_0;
L_0xa524bd540 .reduce/nor L_0xa52c78ef8;
L_0xa524bd5e0 .reduce/nor v0xa524b4b40_0;
L_0xa524bd680 .part L_0xa530b8140, 2, 30;
L_0xa524bbac0 .arith/sum 30, L_0xa524bd680, L_0xa52c79498;
L_0xa53557ca0 .concat [ 2 30 0 0], L_0xa52c78f88, L_0xa524bbac0;
L_0xa524bd720 .part v0xa524b63a0_0, 2, 30;
L_0xa53557d40 .concat [ 2 30 0 0], L_0xa52c78fd0, L_0xa524bd720;
L_0xa53557de0 .functor MUXZ 32, L_0xa53557d40, L_0xa53557ca0, L_0xa530af870, C4<>;
L_0xa53557e80 .functor MUXZ 32, v0xa524b4960_0, L_0xa530b8a00, L_0xa530af8e0, C4<>;
LS_0xa530b8000_0_0 .concat [ 1 1 1 1], v0xa524b24e0_0, v0xa524b2620_0, v0xa524b1680_0, v0xa524b1ae0_0;
LS_0xa530b8000_0_4 .concat [ 1 1 1 1], v0xa524b1c20_0, v0xa524b10e0_0, v0xa524b1040_0, v0xa524b1a40_0;
LS_0xa530b8000_0_8 .concat [ 1 1 1 1], v0xa524b19a0_0, v0xa524b1900_0, v0xa524b1860_0, v0xa524b0a00_0;
LS_0xa530b8000_0_12 .concat [ 1 1 1 1], v0xa524b1720_0, v0xa524b2120_0, v0xa524b2260_0, v0xa524b26c0_0;
LS_0xa530b8000_0_16 .concat [ 1 1 1 1], v0xa524b2080_0, v0xa524b1ea0_0, v0xa524b1d60_0, v0xa524b23a0_0;
LS_0xa530b8000_0_20 .concat [ 1 1 1 1], v0xa524b08c0_0, v0xa524b21c0_0, v0xa524b2300_0, v0xa524b1e00_0;
LS_0xa530b8000_0_24 .concat [ 1 1 1 1], v0xa524b0aa0_0, v0xa524b17c0_0, v0xa524b2760_0, v0xa524b1fe0_0;
LS_0xa530b8000_0_28 .concat [ 1 1 1 1], v0xa524b1f40_0, v0xa524b0960_0, v0xa524b2440_0, v0xa524b1cc0_0;
LS_0xa530b8000_0_32 .concat [ 1 1 1 1], v0xa524b1b80_0, v0xa524b14a0_0, v0xa524b1360_0, v0xa524b15e0_0;
LS_0xa530b8000_0_36 .concat [ 1 1 1 1], v0xa524b1400_0, v0xa524b12c0_0, v0xa524b0d20_0, v0xa524b0e60_0;
LS_0xa530b8000_0_40 .concat [ 1 1 1 1], v0xa524b0c80_0, v0xa524b0dc0_0, v0xa524b0f00_0, v0xa524b0be0_0;
LS_0xa530b8000_0_44 .concat [ 1 1 1 1], v0xa524b1220_0, v0xa524b1180_0, v0xa524b0b40_0, v0xa524b1540_0;
LS_0xa530b8000_1_0 .concat [ 4 4 4 4], LS_0xa530b8000_0_0, LS_0xa530b8000_0_4, LS_0xa530b8000_0_8, LS_0xa530b8000_0_12;
LS_0xa530b8000_1_4 .concat [ 4 4 4 4], LS_0xa530b8000_0_16, LS_0xa530b8000_0_20, LS_0xa530b8000_0_24, LS_0xa530b8000_0_28;
LS_0xa530b8000_1_8 .concat [ 4 4 4 4], LS_0xa530b8000_0_32, LS_0xa530b8000_0_36, LS_0xa530b8000_0_40, LS_0xa530b8000_0_44;
L_0xa530b8000 .concat [ 16 16 16 0], LS_0xa530b8000_1_0, LS_0xa530b8000_1_4, LS_0xa530b8000_1_8;
L_0xa524bd7c0 .reduce/nor L_0xa530b8000;
L_0xa530b80a0 .concat [ 1 1 1 1], v0xa524b1a40_0, v0xa524b19a0_0, v0xa524b1900_0, v0xa524b1860_0;
L_0xa524bd860 .reduce/or L_0xa530b80a0;
L_0xa530b8140 .functor MUXZ 32, v0xa524b6300_0, L_0xa530afaa0, L_0xa530afa30, C4<>;
L_0xa524530c0 .cmp/eq 8, v0xa524aef80_0, L_0xa52c790f0;
S_0xa52959680 .scope task, "empty_statement" "empty_statement" 3 214, 3 214 0, S_0xa52959500;
 .timescale -9 -12;
TD_tb_reload.dut.cpu.empty_statement ;
    %end;
S_0xa52959800 .scope generate, "genblk1" "genblk1" 3 285, 3 285 0, S_0xa52959500;
 .timescale -9 -12;
S_0xa52959980 .scope generate, "genblk2" "genblk2" 3 305, 3 305 0, S_0xa52959500;
 .timescale -9 -12;
S_0xa52959b00 .scope generate, "genblk3" "genblk3" 3 1229, 3 1229 0, S_0xa52959500;
 .timescale -9 -12;
E_0xa52478dc0/0 .event anyedge, v0xa524b23a0_0, v0xa524b63a0_0, v0xa524b6440_0, v0xa524b2120_0;
E_0xa52478dc0/1 .event anyedge, v0xa524b21c0_0;
E_0xa52478dc0 .event/or E_0xa52478dc0/0, E_0xa52478dc0/1;
S_0xa52959c80 .scope module, "ldr" "loader" 5 39, 7 7 0, S_0xa52959200;
 .timescale -9 -12;
    .port_info 0 /INPUT 1 "clk";
    .port_info 1 /INPUT 1 "rst_n";
    .port_info 2 /INPUT 1 "rx_valid";
    .port_info 3 /INPUT 8 "rx_data";
    .port_info 4 /OUTPUT 1 "tx_start";
    .port_info 5 /OUTPUT 8 "tx_data";
    .port_info 6 /INPUT 1 "tx_busy";
    .port_info 7 /OUTPUT 1 "mem_we";
    .port_info 8 /OUTPUT 14 "mem_waddr";
    .port_info 9 /OUTPUT 32 "mem_wdata";
    .port_info 10 /OUTPUT 1 "cpu_run";
P_0x1013560a0 .param/l "ACK" 1 7 24, C4<00000110>;
P_0x1013560e0 .param/l "CMD_RUN" 1 7 23, C4<00000010>;
P_0x101356120 .param/l "CMD_WRITE" 1 7 22, C4<00000001>;
P_0x101356160 .param/l "NACK" 1 7 25, C4<00010101>;
P_0x1013561a0 .param/l "SYNC0" 1 7 20, C4<10101010>;
P_0x1013561e0 .param/l "SYNC1" 1 7 21, C4<01010101>;
P_0x101356220 .param/l "S_A0" 1 7 29, C4<00110>;
P_0x101356260 .param/l "S_A1" 1 7 29, C4<00101>;
P_0x1013562a0 .param/l "S_A2" 1 7 29, C4<00100>;
P_0x1013562e0 .param/l "S_A3" 1 7 29, C4<00011>;
P_0x101356320 .param/l "S_CMD" 1 7 28, C4<00010>;
P_0x101356360 .param/l "S_CRC0" 1 7 30, C4<01010>;
P_0x1013563a0 .param/l "S_CRC1" 1 7 30, C4<01001>;
P_0x1013563e0 .param/l "S_DATA" 1 7 30, C4<01000>;
P_0x101356420 .param/l "S_NW" 1 7 30, C4<00111>;
P_0x101356460 .param/l "S_RCRC0" 1 7 32, C4<01101>;
P_0x1013564a0 .param/l "S_RCRC1" 1 7 32, C4<01100>;
P_0x1013564e0 .param/l "S_REPLY" 1 7 31, C4<01011>;
P_0x101356520 .param/l "S_RFLUSH" 1 7 32, C4<01111>;
P_0x101356560 .param/l "S_RREPLY" 1 7 32, C4<01110>;
P_0x1013565a0 .param/l "S_RUNNING" 1 7 33, C4<10000>;
P_0x1013565e0 .param/l "S_SYNC0" 1 7 28, C4<00000>;
P_0x101356620 .param/l "S_SYNC1" 1 7 28, C4<00001>;
v0xa524b6ee0_0 .net *"_ivl_1", 23 0, L_0xa524bcf00;  1 drivers
v0xa524b6f80_0 .net *"_ivl_5", 13 0, L_0xa524bcfa0;  1 drivers
v0xa524b7020_0 .net *"_ivl_7", 13 0, L_0xa524bd040;  1 drivers
v0xa524b70c0_0 .var "addr_reg", 31 0;
v0xa524b7160_0 .var "byte_in_word", 1 0;
v0xa524b7200_0 .net "clk", 0 0, v0xa524bb2a0_0;  alias, 1 drivers
v0xa524b72a0_0 .var "cpu_run", 0 0;
v0xa524b7340_0 .var "crc", 15 0;
v0xa524b73e0_0 .net "cur_waddr", 13 0, L_0xa524bba20;  1 drivers
v0xa524b7480_0 .var "mem_waddr", 13 0;
v0xa524b7520_0 .var "mem_wdata", 31 0;
v0xa524b75c0_0 .var "mem_we", 0 0;
v0xa524b7660_0 .var "nwords", 7 0;
v0xa524b7700_0 .var "reply_ack", 0 0;
v0xa524b77a0_0 .net "rst_n", 0 0, L_0xa524bce60;  alias, 1 drivers
v0xa524b7840_0 .var "rx_crc", 15 0;
v0xa524b78e0_0 .net "rx_data", 7 0, v0xa524b80a0_0;  alias, 1 drivers
v0xa524b7980_0 .net "rx_valid", 0 0, v0xa524b83c0_0;  alias, 1 drivers
v0xa524b7a20_0 .var "state", 4 0;
v0xa524b7ac0_0 .net "tx_busy", 0 0, v0xa524b8500_0;  alias, 1 drivers
v0xa524b7b60_0 .var "tx_data", 7 0;
v0xa524b7c00_0 .var "tx_start", 0 0;
v0xa524b7ca0_0 .net "word_asm", 31 0, L_0xa53557b60;  1 drivers
v0xa524b7d40_0 .var "word_buf", 31 0;
v0xa524b7de0_0 .var "words_done", 15 0;
E_0xa52478e00/0 .event negedge, v0xa524b77a0_0;
E_0xa52478e00/1 .event posedge, v0xa524abe80_0;
E_0xa52478e00 .event/or E_0xa52478e00/0, E_0xa52478e00/1;
L_0xa524bcf00 .part v0xa524b7d40_0, 0, 24;
L_0xa53557b60 .concat [ 8 24 0 0], v0xa524b80a0_0, L_0xa524bcf00;
L_0xa524bcfa0 .part v0xa524b70c0_0, 2, 14;
L_0xa524bd040 .part v0xa524b7de0_0, 0, 14;
L_0xa524bba20 .arith/sum 14, L_0xa524bcfa0, L_0xa524bd040;
S_0xa52959e00 .scope function.vec4.s16, "crc_next" "crc_next" 7 45, 7 45 0, S_0xa52959c80;
 .timescale -9 -12;
v0xa524b6bc0_0 .var "c", 15 0;
; Variable crc_next is vec4 return value of scope S_0xa52959e00
v0xa524b6d00_0 .var "d", 7 0;
v0xa524b6da0_0 .var/i "i", 31 0;
v0xa524b6e40_0 .var "t", 15 0;
TD_tb_reload.dut.ldr.crc_next ;
    %load/vec4 v0xa524b6bc0_0;
    %load/vec4 v0xa524b6d00_0;
    %concati/vec4 0, 0, 8;
    %xor;
    %store/vec4 v0xa524b6e40_0, 0, 16;
    %pushi/vec4 0, 0, 32;
    %store/vec4 v0xa524b6da0_0, 0, 32;
T_4.5 ; Top of for-loop
    %load/vec4 v0xa524b6da0_0;
    %cmpi/s 8, 0, 32;
	  %jmp/0xz T_4.6, 5;
    %load/vec4 v0xa524b6e40_0;
    %parti/s 1, 15, 5;
    %flag_set/vec4 8;
    %jmp/0 T_4.8, 8;
    %load/vec4 v0xa524b6e40_0;
    %ix/load 4, 1, 0;
    %flag_set/imm 4, 0;
    %shiftl 4;
    %pushi/vec4 4129, 0, 16;
    %xor;
    %jmp/1 T_4.9, 8;
T_4.8 ; End of true expr.
    %load/vec4 v0xa524b6e40_0;
    %ix/load 4, 1, 0;
    %flag_set/imm 4, 0;
    %shiftl 4;
    %jmp/0 T_4.9, 8;
 ; End of false expr.
    %blend;
T_4.9;
    %store/vec4 v0xa524b6e40_0, 0, 16;
T_4.7 ; for-loop step statement
    %load/vec4 v0xa524b6da0_0;
    %addi 1, 0, 32;
    %store/vec4 v0xa524b6da0_0, 0, 32;
    %jmp T_4.5;
T_4.6 ; for-loop exit label
    %load/vec4 v0xa524b6e40_0;
    %ret/vec4 0, 0, 16;  Assign to crc_next (store_vec4_to_lval)
    %end;
S_0xa52959f80 .scope module, "urx" "uart_rx" 5 25, 8 3 0, S_0xa52959200;
 .timescale -9 -12;
    .port_info 0 /INPUT 1 "clk";
    .port_info 1 /INPUT 1 "rst_n";
    .port_info 2 /INPUT 1 "rx";
    .port_info 3 /OUTPUT 1 "valid";
    .port_info 4 /OUTPUT 8 "data";
P_0xa53590640 .param/l "CLKS_PER_BIT" 0 8 4, +C4<00000000000000000000000000001000>;
P_0xa53590680 .param/l "S_DATA" 1 8 14, C4<10>;
P_0xa535906c0 .param/l "S_IDLE" 1 8 12, C4<00>;
P_0xa53590700 .param/l "S_START" 1 8 13, C4<01>;
P_0xa53590740 .param/l "S_STOP" 1 8 15, C4<11>;
v0xa524b7e80_0 .var "bit_i", 2 0;
v0xa524b7f20_0 .net "clk", 0 0, v0xa524bb2a0_0;  alias, 1 drivers
v0xa524b8000_0 .var "cnt", 8 0;
v0xa524b80a0_0 .var "data", 7 0;
v0xa524b8140_0 .net "rst_n", 0 0, L_0xa524bce60;  alias, 1 drivers
v0xa524b81e0_0 .net "rx", 0 0, v0xa524bb7a0_0;  alias, 1 drivers
v0xa524b8280_0 .var "shift", 7 0;
v0xa524b8320_0 .var "state", 1 0;
v0xa524b83c0_0 .var "valid", 0 0;
S_0xa5295a100 .scope module, "utx" "uart_tx" 5 125, 9 2 0, S_0xa52959200;
 .timescale -9 -12;
    .port_info 0 /INPUT 1 "clk";
    .port_info 1 /INPUT 1 "rst_n";
    .port_info 2 /INPUT 1 "start";
    .port_info 3 /INPUT 8 "data";
    .port_info 4 /OUTPUT 1 "busy";
    .port_info 5 /OUTPUT 1 "tx";
P_0xa53591040 .param/l "CLKS_PER_BIT" 0 9 3, +C4<00000000000000000000000000001000>;
P_0xa53591080 .param/l "S_DATA" 1 9 14, C4<10>;
P_0xa535910c0 .param/l "S_IDLE" 1 9 12, C4<00>;
P_0xa53591100 .param/l "S_START" 1 9 13, C4<01>;
P_0xa53591140 .param/l "S_STOP" 1 9 15, C4<11>;
v0xa524b8460_0 .var "bit_i", 2 0;
v0xa524b8500_0 .var "busy", 0 0;
v0xa524b85a0_0 .net "clk", 0 0, v0xa524bb2a0_0;  alias, 1 drivers
v0xa524b8640_0 .var "cnt", 8 0;
v0xa524b86e0_0 .net "data", 7 0, L_0xa530b85a0;  1 drivers
v0xa524b8780_0 .net "rst_n", 0 0, L_0xa524bce60;  alias, 1 drivers
v0xa524b8820_0 .var "shift", 7 0;
v0xa524b88c0_0 .net "start", 0 0, L_0xa530b8500;  1 drivers
v0xa524b8960_0 .var "state", 1 0;
v0xa524b8a00_0 .var "tx", 0 0;
S_0xa5295a280 .scope task, "load_and_run" "load_and_run" 4 63, 4 63 0, S_0x101339860;
 .timescale -9 -12;
v0xa524bac60_0 .var/i "cnt", 31 0;
v0xa524bad00_0 .var/i "k", 31 0;
v0xa524bada0_0 .var/i "nwords", 31 0;
v0xa524bae40_0 .var "path", 1023 0;
v0xa524baee0_0 .var/i "wi", 31 0;
TD_tb_reload.load_and_run ;
    %pushi/vec4 0, 0, 32;
    %store/vec4 v0xa524bad00_0, 0, 32;
T_5.10 ; Top of for-loop
    %load/vec4 v0xa524bad00_0;
    %cmpi/s 2048, 0, 32;
	  %jmp/0xz T_5.11, 5;
    %pushi/vec4 0, 0, 32;
    %ix/getv/s 4, v0xa524bad00_0;
    %store/vec4a v0xa524bb5c0, 4, 0;
T_5.12 ; for-loop step statement
    %load/vec4 v0xa524bad00_0;
    %addi 1, 0, 32;
    %store/vec4 v0xa524bad00_0, 0, 32;
    %jmp T_5.10;
T_5.11 ; for-loop exit label
    %vpi_call/w 4 69 "$readmemh", v0xa524bae40_0, v0xa524bb5c0 {0 0 0};
    %pushi/vec4 0, 0, 32;
    %store/vec4 v0xa524baee0_0, 0, 32;
T_5.13 ; Top of for-loop
    %load/vec4 v0xa524baee0_0;
    %load/vec4 v0xa524bada0_0;
    %cmp/s;
	  %jmp/0xz T_5.14, 5;
    %load/vec4 v0xa524bada0_0;
    %load/vec4 v0xa524baee0_0;
    %sub;
    %cmpi/s 8, 0, 32;
    %flag_mov 8, 5;
    %jmp/0 T_5.16, 8;
    %load/vec4 v0xa524bada0_0;
    %load/vec4 v0xa524baee0_0;
    %sub;
    %jmp/1 T_5.17, 8;
T_5.16 ; End of true expr.
    %pushi/vec4 8, 0, 32;
    %jmp/0 T_5.17, 8;
 ; End of false expr.
    %blend;
T_5.17;
    %store/vec4 v0xa524bac60_0, 0, 32;
    %pushi/vec4 65535, 0, 16;
    %store/vec4 v0xa524bb340_0, 0, 16;
    %pushi/vec4 170, 0, 8;
    %store/vec4 v0xa524bb0c0_0, 0, 8;
    %fork TD_tb_reload.send_byte, S_0xa5295a580;
    %join;
    %pushi/vec4 85, 0, 8;
    %store/vec4 v0xa524bb0c0_0, 0, 8;
    %fork TD_tb_reload.send_byte, S_0xa5295a580;
    %join;
    %pushi/vec4 1, 0, 8;
    %store/vec4 v0xa524bb0c0_0, 0, 8;
    %fork TD_tb_reload.send_byte, S_0xa5295a580;
    %join;
    %load/vec4 v0xa524bb340_0;
    %pushi/vec4 1, 0, 8;
    %store/vec4 v0xa524abc00_0, 0, 8;
    %store/vec4 v0xa524abac0_0, 0, 16;
    %callf/vec4 TD_tb_reload.crc_next, S_0xa52959080;
    %store/vec4 v0xa524bb340_0, 0, 16;
    %load/vec4 v0xa524baee0_0;
    %muli 4, 0, 32;
    %ix/load 4, 24, 0;
    %flag_set/imm 4, 0;
    %shiftr 4;
    %pad/s 8;
    %store/vec4 v0xa524bb0c0_0, 0, 8;
    %fork TD_tb_reload.send_byte, S_0xa5295a580;
    %join;
    %load/vec4 v0xa524bb340_0;
    %load/vec4 v0xa524baee0_0;
    %muli 4, 0, 32;
    %ix/load 4, 24, 0;
    %flag_set/imm 4, 0;
    %shiftr 4;
    %store/vec4 v0xa524abc00_0, 0, 8;
    %store/vec4 v0xa524abac0_0, 0, 16;
    %callf/vec4 TD_tb_reload.crc_next, S_0xa52959080;
    %store/vec4 v0xa524bb340_0, 0, 16;
    %load/vec4 v0xa524baee0_0;
    %muli 4, 0, 32;
    %ix/load 4, 16, 0;
    %flag_set/imm 4, 0;
    %shiftr 4;
    %pad/s 8;
    %store/vec4 v0xa524bb0c0_0, 0, 8;
    %fork TD_tb_reload.send_byte, S_0xa5295a580;
    %join;
    %load/vec4 v0xa524bb340_0;
    %load/vec4 v0xa524baee0_0;
    %muli 4, 0, 32;
    %ix/load 4, 16, 0;
    %flag_set/imm 4, 0;
    %shiftr 4;
    %store/vec4 v0xa524abc00_0, 0, 8;
    %store/vec4 v0xa524abac0_0, 0, 16;
    %callf/vec4 TD_tb_reload.crc_next, S_0xa52959080;
    %store/vec4 v0xa524bb340_0, 0, 16;
    %load/vec4 v0xa524baee0_0;
    %muli 4, 0, 32;
    %ix/load 4, 8, 0;
    %flag_set/imm 4, 0;
    %shiftr 4;
    %pad/s 8;
    %store/vec4 v0xa524bb0c0_0, 0, 8;
    %fork TD_tb_reload.send_byte, S_0xa5295a580;
    %join;
    %load/vec4 v0xa524bb340_0;
    %load/vec4 v0xa524baee0_0;
    %muli 4, 0, 32;
    %ix/load 4, 8, 0;
    %flag_set/imm 4, 0;
    %shiftr 4;
    %store/vec4 v0xa524abc00_0, 0, 8;
    %store/vec4 v0xa524abac0_0, 0, 16;
    %callf/vec4 TD_tb_reload.crc_next, S_0xa52959080;
    %store/vec4 v0xa524bb340_0, 0, 16;
    %load/vec4 v0xa524baee0_0;
    %muli 4, 0, 32;
    %pad/s 8;
    %store/vec4 v0xa524bb0c0_0, 0, 8;
    %fork TD_tb_reload.send_byte, S_0xa5295a580;
    %join;
    %load/vec4 v0xa524bb340_0;
    %load/vec4 v0xa524baee0_0;
    %muli 4, 0, 32;
    %store/vec4 v0xa524abc00_0, 0, 8;
    %store/vec4 v0xa524abac0_0, 0, 16;
    %callf/vec4 TD_tb_reload.crc_next, S_0xa52959080;
    %store/vec4 v0xa524bb340_0, 0, 16;
    %load/vec4 v0xa524bac60_0;
    %parti/s 8, 0, 2;
    %store/vec4 v0xa524bb0c0_0, 0, 8;
    %fork TD_tb_reload.send_byte, S_0xa5295a580;
    %join;
    %load/vec4 v0xa524bb340_0;
    %load/vec4 v0xa524bac60_0;
    %parti/s 8, 0, 2;
    %store/vec4 v0xa524abc00_0, 0, 8;
    %store/vec4 v0xa524abac0_0, 0, 16;
    %callf/vec4 TD_tb_reload.crc_next, S_0xa52959080;
    %store/vec4 v0xa524bb340_0, 0, 16;
    %pushi/vec4 0, 0, 32;
    %store/vec4 v0xa524bad00_0, 0, 32;
T_5.18 ; Top of for-loop
    %load/vec4 v0xa524bad00_0;
    %load/vec4 v0xa524bac60_0;
    %cmp/s;
	  %jmp/0xz T_5.19, 5;
    %load/vec4 v0xa524baee0_0;
    %load/vec4 v0xa524bad00_0;
    %add;
    %ix/vec4/s 4;
    %load/vec4a v0xa524bb5c0, 4;
    %store/vec4 v0xa524bb3e0_0, 0, 32;
    %load/vec4 v0xa524bb3e0_0;
    %parti/s 8, 24, 6;
    %store/vec4 v0xa524bb0c0_0, 0, 8;
    %fork TD_tb_reload.send_byte, S_0xa5295a580;
    %join;
    %load/vec4 v0xa524bb340_0;
    %load/vec4 v0xa524bb3e0_0;
    %parti/s 8, 24, 6;
    %store/vec4 v0xa524abc00_0, 0, 8;
    %store/vec4 v0xa524abac0_0, 0, 16;
    %callf/vec4 TD_tb_reload.crc_next, S_0xa52959080;
    %store/vec4 v0xa524bb340_0, 0, 16;
    %load/vec4 v0xa524bb3e0_0;
    %parti/s 8, 16, 6;
    %store/vec4 v0xa524bb0c0_0, 0, 8;
    %fork TD_tb_reload.send_byte, S_0xa5295a580;
    %join;
    %load/vec4 v0xa524bb340_0;
    %load/vec4 v0xa524bb3e0_0;
    %parti/s 8, 16, 6;
    %store/vec4 v0xa524abc00_0, 0, 8;
    %store/vec4 v0xa524abac0_0, 0, 16;
    %callf/vec4 TD_tb_reload.crc_next, S_0xa52959080;
    %store/vec4 v0xa524bb340_0, 0, 16;
    %load/vec4 v0xa524bb3e0_0;
    %parti/s 8, 8, 5;
    %store/vec4 v0xa524bb0c0_0, 0, 8;
    %fork TD_tb_reload.send_byte, S_0xa5295a580;
    %join;
    %load/vec4 v0xa524bb340_0;
    %load/vec4 v0xa524bb3e0_0;
    %parti/s 8, 8, 5;
    %store/vec4 v0xa524abc00_0, 0, 8;
    %store/vec4 v0xa524abac0_0, 0, 16;
    %callf/vec4 TD_tb_reload.crc_next, S_0xa52959080;
    %store/vec4 v0xa524bb340_0, 0, 16;
    %load/vec4 v0xa524bb3e0_0;
    %parti/s 8, 0, 2;
    %store/vec4 v0xa524bb0c0_0, 0, 8;
    %fork TD_tb_reload.send_byte, S_0xa5295a580;
    %join;
    %load/vec4 v0xa524bb340_0;
    %load/vec4 v0xa524bb3e0_0;
    %parti/s 8, 0, 2;
    %store/vec4 v0xa524abc00_0, 0, 8;
    %store/vec4 v0xa524abac0_0, 0, 16;
    %callf/vec4 TD_tb_reload.crc_next, S_0xa52959080;
    %store/vec4 v0xa524bb340_0, 0, 16;
T_5.20 ; for-loop step statement
    %load/vec4 v0xa524bad00_0;
    %addi 1, 0, 32;
    %store/vec4 v0xa524bad00_0, 0, 32;
    %jmp T_5.18;
T_5.19 ; for-loop exit label
    %load/vec4 v0xa524bb340_0;
    %parti/s 8, 8, 5;
    %store/vec4 v0xa524bb0c0_0, 0, 8;
    %fork TD_tb_reload.send_byte, S_0xa5295a580;
    %join;
    %load/vec4 v0xa524bb340_0;
    %parti/s 8, 0, 2;
    %store/vec4 v0xa524bb0c0_0, 0, 8;
    %fork TD_tb_reload.send_byte, S_0xa5295a580;
    %join;
    %fork TD_tb_reload.recv_byte, S_0xa5295a400;
    %join;
    %load/vec4 v0xa524baf80_0;
    %store/vec4 v0xa524bb200_0, 0, 8;
    %load/vec4 v0xa524bb200_0;
    %cmpi/ne 6, 0, 8;
    %jmp/0xz  T_5.21, 6;
    %load/vec4 v0xa524baee0_0;
    %muli 4, 0, 32;
    %vpi_call/w 4 90 "$display", "  [HATA] WRITE @%0d ACK yok (0x%02x)", S<0,vec4,s32>, v0xa524bb200_0 {1 0 0};
    %load/vec4 v0xa524bb480_0;
    %addi 1, 0, 32;
    %store/vec4 v0xa524bb480_0, 0, 32;
T_5.21 ;
T_5.15 ; for-loop step statement
    %load/vec4 v0xa524baee0_0;
    %addi 8, 0, 32;
    %store/vec4 v0xa524baee0_0, 0, 32;
    %jmp T_5.13;
T_5.14 ; for-loop exit label
    %pushi/vec4 65535, 0, 16;
    %pushi/vec4 2, 0, 8;
    %store/vec4 v0xa524abc00_0, 0, 8;
    %store/vec4 v0xa524abac0_0, 0, 16;
    %callf/vec4 TD_tb_reload.crc_next, S_0xa52959080;
    %store/vec4 v0xa524bb340_0, 0, 16;
    %pushi/vec4 170, 0, 8;
    %store/vec4 v0xa524bb0c0_0, 0, 8;
    %fork TD_tb_reload.send_byte, S_0xa5295a580;
    %join;
    %pushi/vec4 85, 0, 8;
    %store/vec4 v0xa524bb0c0_0, 0, 8;
    %fork TD_tb_reload.send_byte, S_0xa5295a580;
    %join;
    %pushi/vec4 2, 0, 8;
    %store/vec4 v0xa524bb0c0_0, 0, 8;
    %fork TD_tb_reload.send_byte, S_0xa5295a580;
    %join;
    %load/vec4 v0xa524bb340_0;
    %parti/s 8, 8, 5;
    %store/vec4 v0xa524bb0c0_0, 0, 8;
    %fork TD_tb_reload.send_byte, S_0xa5295a580;
    %join;
    %load/vec4 v0xa524bb340_0;
    %parti/s 8, 0, 2;
    %store/vec4 v0xa524bb0c0_0, 0, 8;
    %fork TD_tb_reload.send_byte, S_0xa5295a580;
    %join;
    %fork TD_tb_reload.recv_byte, S_0xa5295a400;
    %join;
    %load/vec4 v0xa524baf80_0;
    %store/vec4 v0xa524bb200_0, 0, 8;
    %load/vec4 v0xa524bb200_0;
    %cmpi/ne 6, 0, 8;
    %jmp/0xz  T_5.23, 6;
    %vpi_call/w 4 99 "$display", "  [HATA] RUN ACK yok" {0 0 0};
    %load/vec4 v0xa524bb480_0;
    %addi 1, 0, 32;
    %store/vec4 v0xa524bb480_0, 0, 32;
T_5.23 ;
    %end;
S_0xa5295a400 .scope task, "recv_byte" "recv_byte" 4 38, 4 38 0, S_0x101339860;
 .timescale -9 -12;
v0xa524baf80_0 .var "b", 7 0;
v0xa524bb020_0 .var/i "k", 31 0;
E_0xa52478f00 .event negedge, v0xa524b8a00_0;
TD_tb_reload.recv_byte ;
    %wait E_0xa52478f00;
    %delay 125000, 0;
    %pushi/vec4 0, 0, 32;
    %store/vec4 v0xa524bb020_0, 0, 32;
T_6.25 ; Top of for-loop
    %load/vec4 v0xa524bb020_0;
    %cmpi/s 8, 0, 32;
	  %jmp/0xz T_6.26, 5;
    %load/vec4 v0xa524bb840_0;
    %ix/getv/s 4, v0xa524bb020_0;
    %store/vec4 v0xa524baf80_0, 4, 1;
    %delay 80000, 0;
T_6.27 ; for-loop step statement
    %load/vec4 v0xa524bb020_0;
    %addi 1, 0, 32;
    %store/vec4 v0xa524bb020_0, 0, 32;
    %jmp T_6.25;
T_6.26 ; for-loop exit label
    %end;
S_0xa5295a580 .scope task, "send_byte" "send_byte" 4 28, 4 28 0, S_0x101339860;
 .timescale -9 -12;
v0xa524bb0c0_0 .var "b", 7 0;
v0xa524bb160_0 .var/i "i", 31 0;
TD_tb_reload.send_byte ;
    %pushi/vec4 0, 0, 1;
    %store/vec4 v0xa524bb7a0_0, 0, 1;
    %delay 80000, 0;
    %pushi/vec4 0, 0, 32;
    %store/vec4 v0xa524bb160_0, 0, 32;
T_7.28 ; Top of for-loop
    %load/vec4 v0xa524bb160_0;
    %cmpi/s 8, 0, 32;
	  %jmp/0xz T_7.29, 5;
    %load/vec4 v0xa524bb0c0_0;
    %load/vec4 v0xa524bb160_0;
    %part/s 1;
    %store/vec4 v0xa524bb7a0_0, 0, 1;
    %delay 80000, 0;
T_7.30 ; for-loop step statement
    %load/vec4 v0xa524bb160_0;
    %addi 1, 0, 32;
    %store/vec4 v0xa524bb160_0, 0, 32;
    %jmp T_7.28;
T_7.29 ; for-loop exit label
    %pushi/vec4 1, 0, 1;
    %store/vec4 v0xa524bb7a0_0, 0, 1;
    %delay 80000, 0;
    %pushi/vec4 2, 0, 32;
T_7.31 %dup/vec4;
    %cmpi/s 0, 0, 32;
    %jmp/1xz T_7.32, 5;
    %jmp/1 T_7.32, 4;
    %subi 1, 0, 32;
    %wait E_0xa52478b00;
    %jmp T_7.31;
T_7.32 ;
    %pop/vec4 1;
    %end;
    .scope S_0xa52958180;
T_8 ;
    %wait E_0xa524784c0;
    %load/vec4 v0xa52892800_0;
    %nor/r;
    %flag_set/vec4 8;
    %jmp/0xz  T_8.0, 8;
    %pushi/vec4 0, 0, 1;
    %assign/vec4 v0xa52891c20_0, 0;
    %jmp T_8.1;
T_8.0 ;
    %load/vec4 v0xa52892620_0;
    %flag_set/vec4 8;
    %flag_get/vec4 8;
    %jmp/0 T_8.2, 8;
    %load/vec4 v0xa52892580_0;
    %and;
T_8.2;
    %assign/vec4 v0xa528928a0_0, 0;
    %load/vec4 v0xa528910e0_0;
    %flag_set/vec4 9;
    %flag_get/vec4 9;
    %jmp/0 T_8.5, 9;
    %load/vec4 v0xa52891180_0;
    %and;
T_8.5;
    %flag_set/vec4 8;
    %jmp/0xz  T_8.3, 8;
    %pushi/vec4 1, 0, 1;
    %assign/vec4 v0xa52891c20_0, 0;
T_8.3 ;
    %load/vec4 v0xa52890e60_0;
    %flag_set/vec4 9;
    %flag_get/vec4 9;
    %jmp/0 T_8.8, 9;
    %load/vec4 v0xa52890f00_0;
    %and;
T_8.8;
    %flag_set/vec4 8;
    %jmp/0xz  T_8.6, 8;
    %pushi/vec4 1, 0, 1;
    %assign/vec4 v0xa52891b80_0, 0;
T_8.6 ;
    %load/vec4 v0xa52890780_0;
    %flag_set/vec4 9;
    %flag_get/vec4 9;
    %jmp/0 T_8.11, 9;
    %load/vec4 v0xa528908c0_0;
    %and;
T_8.11;
    %flag_set/vec4 8;
    %jmp/0xz  T_8.9, 8;
    %pushi/vec4 1, 0, 1;
    %assign/vec4 v0xa52891cc0_0, 0;
T_8.9 ;
    %load/vec4 v0xa528928a0_0;
    %flag_set/vec4 8;
    %jmp/1 T_8.14, 8;
    %load/vec4 v0xa52892620_0;
    %nor/r;
    %flag_set/vec4 9;
    %flag_or 8, 9;
T_8.14;
    %jmp/0xz  T_8.12, 8;
    %pushi/vec4 0, 0, 1;
    %assign/vec4 v0xa52891c20_0, 0;
    %pushi/vec4 0, 0, 1;
    %assign/vec4 v0xa52891b80_0, 0;
    %pushi/vec4 0, 0, 1;
    %assign/vec4 v0xa52891cc0_0, 0;
T_8.12 ;
T_8.1 ;
    %jmp T_8;
    .thread T_8;
    .scope S_0xa52958780;
T_9 ;
    %wait E_0xa52478740;
    %load/vec4 v0xa52490b40_0;
    %flag_set/vec4 8;
    %jmp/0 T_9.0, 8;
    %load/vec4 v0xa52494b40_0;
    %load/vec4 v0xa52494be0_0;
    %sub;
    %jmp/1 T_9.1, 8;
T_9.0 ; End of true expr.
    %load/vec4 v0xa52494b40_0;
    %load/vec4 v0xa52494be0_0;
    %add;
    %jmp/0 T_9.1, 8;
 ; End of false expr.
    %blend;
T_9.1;
    %store/vec4 v0xa5248c820_0, 0, 32;
    %load/vec4 v0xa52494b40_0;
    %load/vec4 v0xa52494be0_0;
    %cmp/e;
    %flag_get/vec4 4;
    %store/vec4 v0xa5248c8c0_0, 0, 1;
    %load/vec4 v0xa52494b40_0;
    %load/vec4 v0xa52494be0_0;
    %cmp/s;
    %flag_get/vec4 5;
    %store/vec4 v0xa5248c960_0, 0, 1;
    %load/vec4 v0xa52494b40_0;
    %load/vec4 v0xa52494be0_0;
    %cmp/u;
    %flag_get/vec4 5;
    %store/vec4 v0xa5248ca00_0, 0, 1;
    %load/vec4 v0xa52494b40_0;
    %load/vec4 v0xa52494be0_0;
    %parti/s 5, 0, 2;
    %ix/vec4 4;
    %shiftl 4;
    %store/vec4 v0xa5248cd20_0, 0, 32;
    %load/vec4 v0xa524908c0_0;
    %flag_set/vec4 8;
    %jmp/1 T_9.4, 8;
    %load/vec4 v0xa52490960_0;
    %flag_set/vec4 9;
    %flag_or 8, 9;
T_9.4;
    %jmp/0 T_9.2, 8;
    %load/vec4 v0xa52494b40_0;
    %parti/s 1, 31, 6;
    %jmp/1 T_9.3, 8;
T_9.2 ; End of true expr.
    %pushi/vec4 0, 0, 1;
    %jmp/0 T_9.3, 8;
 ; End of false expr.
    %blend;
T_9.3;
    %load/vec4 v0xa52494b40_0;
    %concat/vec4; draw_concat_vec4
    %load/vec4 v0xa52494be0_0;
    %parti/s 5, 0, 2;
    %ix/vec4 4;
    %shiftr/s 4;
    %pad/s 32;
    %store/vec4 v0xa5248cdc0_0, 0, 32;
    %jmp T_9;
    .thread T_9, $push;
    .scope S_0xa52958000;
T_10 ;
    %end;
    .thread T_10;
    .scope S_0xa52958000;
T_11 ;
    %wait E_0xa52478700;
    %pushi/vec4 0, 0, 1;
    %store/vec4 v0xa52493de0_0, 0, 1;
    %pushi/vec4 4294967295, 4294967295, 32;
    %store/vec4 v0xa52493c00_0, 0, 32;
    %pushi/vec4 0, 0, 1;
    %store/vec4 v0xa52493d40_0, 0, 1;
    %pushi/vec4 0, 0, 1;
    %store/vec4 v0xa52493ca0_0, 0, 1;
    %pushi/vec4 1, 0, 1;
    %dup/vec4;
    %pushi/vec4 0, 0, 1;
    %cmp/u;
    %jmp/1 T_11.0, 6;
    %dup/vec4;
    %pushi/vec4 0, 0, 1;
    %cmp/u;
    %jmp/1 T_11.1, 6;
    %dup/vec4;
    %pushi/vec4 0, 0, 1;
    %cmp/u;
    %jmp/1 T_11.2, 6;
    %jmp T_11.3;
T_11.0 ;
    %pushi/vec4 0, 0, 1;
    %store/vec4 v0xa52493de0_0, 0, 1;
    %pushi/vec4 0, 0, 32;
    %store/vec4 v0xa52493c00_0, 0, 32;
    %jmp T_11.3;
T_11.1 ;
    %load/vec4 v0xa524940a0_0;
    %store/vec4 v0xa52493de0_0, 0, 1;
    %load/vec4 v0xa52493e80_0;
    %store/vec4 v0xa52493c00_0, 0, 32;
    %jmp T_11.3;
T_11.2 ;
    %load/vec4 v0xa52493ac0_0;
    %store/vec4 v0xa52493de0_0, 0, 1;
    %load/vec4 v0xa524938e0_0;
    %store/vec4 v0xa52493c00_0, 0, 32;
    %jmp T_11.3;
T_11.3 ;
    %pop/vec4 1;
    %jmp T_11;
    .thread T_11, $push;
    .scope S_0xa52958000;
T_12 ;
    %wait E_0xa524784c0;
    %load/vec4 v0xa52494e60_0;
    %nor/r;
    %flag_set/vec4 8;
    %jmp/0xz  T_12.0, 8;
    %pushi/vec4 0, 0, 1;
    %assign/vec4 v0xa524929e0_0, 0;
    %pushi/vec4 0, 0, 1;
    %assign/vec4 v0xa52491cc0_0, 0;
    %jmp T_12.1;
T_12.0 ;
    %load/vec4 v0xa52491cc0_0;
    %nor/r;
    %flag_set/vec4 8;
    %jmp/0xz  T_12.2, 8;
    %load/vec4 v0xa52492940_0;
    %assign/vec4 v0xa524929e0_0, 0;
T_12.2 ;
    %load/vec4 v0xa52493340_0;
    %flag_set/vec4 8;
    %flag_get/vec4 8;
    %jmp/0 T_12.4, 8;
    %load/vec4 v0xa52493200_0;
    %nor/r;
    %and;
T_12.4;
    %assign/vec4 v0xa52491cc0_0, 0;
T_12.1 ;
    %jmp T_12;
    .thread T_12;
    .scope S_0xa52958000;
T_13 ;
    %wait E_0xa524786c0;
    %load/vec4 v0xa52493480_0;
    %dup/vec4;
    %pushi/vec4 0, 0, 2;
    %cmp/u;
    %jmp/1 T_13.0, 6;
    %dup/vec4;
    %pushi/vec4 1, 0, 2;
    %cmp/u;
    %jmp/1 T_13.1, 6;
    %dup/vec4;
    %pushi/vec4 2, 0, 2;
    %cmp/u;
    %jmp/1 T_13.2, 6;
    %jmp T_13.3;
T_13.0 ;
    %load/vec4 v0xa52494be0_0;
    %store/vec4 v0xa52492d00_0, 0, 32;
    %pushi/vec4 15, 0, 4;
    %store/vec4 v0xa52492e40_0, 0, 4;
    %load/vec4 v0xa52492ee0_0;
    %store/vec4 v0xa52493160_0, 0, 32;
    %jmp T_13.3;
T_13.1 ;
    %load/vec4 v0xa52494be0_0;
    %parti/s 16, 0, 2;
    %replicate 2;
    %store/vec4 v0xa52492d00_0, 0, 32;
    %load/vec4 v0xa52494b40_0;
    %parti/s 1, 1, 2;
    %flag_set/vec4 8;
    %jmp/0 T_13.4, 8;
    %pushi/vec4 12, 0, 4;
    %jmp/1 T_13.5, 8;
T_13.4 ; End of true expr.
    %pushi/vec4 3, 0, 4;
    %jmp/0 T_13.5, 8;
 ; End of false expr.
    %blend;
T_13.5;
    %store/vec4 v0xa52492e40_0, 0, 4;
    %load/vec4 v0xa52494b40_0;
    %parti/s 1, 1, 2;
    %dup/vec4;
    %pushi/vec4 0, 0, 1;
    %cmp/u;
    %jmp/1 T_13.6, 6;
    %dup/vec4;
    %pushi/vec4 1, 0, 1;
    %cmp/u;
    %jmp/1 T_13.7, 6;
    %jmp T_13.8;
T_13.6 ;
    %pushi/vec4 0, 0, 16;
    %load/vec4 v0xa52492ee0_0;
    %parti/s 16, 0, 2;
    %concat/vec4; draw_concat_vec4
    %store/vec4 v0xa52493160_0, 0, 32;
    %jmp T_13.8;
T_13.7 ;
    %pushi/vec4 0, 0, 16;
    %load/vec4 v0xa52492ee0_0;
    %parti/s 16, 16, 6;
    %concat/vec4; draw_concat_vec4
    %store/vec4 v0xa52493160_0, 0, 32;
    %jmp T_13.8;
T_13.8 ;
    %pop/vec4 1;
    %jmp T_13.3;
T_13.2 ;
    %load/vec4 v0xa52494be0_0;
    %parti/s 8, 0, 2;
    %replicate 4;
    %store/vec4 v0xa52492d00_0, 0, 32;
    %pushi/vec4 1, 0, 4;
    %load/vec4 v0xa52494b40_0;
    %parti/s 2, 0, 2;
    %ix/vec4 4;
    %shiftl 4;
    %store/vec4 v0xa52492e40_0, 0, 4;
    %load/vec4 v0xa52494b40_0;
    %parti/s 2, 0, 2;
    %dup/vec4;
    %pushi/vec4 0, 0, 2;
    %cmp/u;
    %jmp/1 T_13.9, 6;
    %dup/vec4;
    %pushi/vec4 1, 0, 2;
    %cmp/u;
    %jmp/1 T_13.10, 6;
    %dup/vec4;
    %pushi/vec4 2, 0, 2;
    %cmp/u;
    %jmp/1 T_13.11, 6;
    %dup/vec4;
    %pushi/vec4 3, 0, 2;
    %cmp/u;
    %jmp/1 T_13.12, 6;
    %jmp T_13.13;
T_13.9 ;
    %pushi/vec4 0, 0, 24;
    %load/vec4 v0xa52492ee0_0;
    %parti/s 8, 0, 2;
    %concat/vec4; draw_concat_vec4
    %store/vec4 v0xa52493160_0, 0, 32;
    %jmp T_13.13;
T_13.10 ;
    %pushi/vec4 0, 0, 24;
    %load/vec4 v0xa52492ee0_0;
    %parti/s 8, 8, 5;
    %concat/vec4; draw_concat_vec4
    %store/vec4 v0xa52493160_0, 0, 32;
    %jmp T_13.13;
T_13.11 ;
    %pushi/vec4 0, 0, 24;
    %load/vec4 v0xa52492ee0_0;
    %parti/s 8, 16, 6;
    %concat/vec4; draw_concat_vec4
    %store/vec4 v0xa52493160_0, 0, 32;
    %jmp T_13.13;
T_13.12 ;
    %pushi/vec4 0, 0, 24;
    %load/vec4 v0xa52492ee0_0;
    %parti/s 8, 24, 6;
    %concat/vec4; draw_concat_vec4
    %store/vec4 v0xa52493160_0, 0, 32;
    %jmp T_13.13;
T_13.13 ;
    %pop/vec4 1;
    %jmp T_13.3;
T_13.3 ;
    %pop/vec4 1;
    %jmp T_13;
    .thread T_13, $push;
    .scope S_0xa52958000;
T_14 ;
    %wait E_0xa524784c0;
    %load/vec4 v0xa524935c0_0;
    %flag_set/vec4 8;
    %jmp/0xz  T_14.0, 8;
    %load/vec4 v0xa52492ee0_0;
    %assign/vec4 v0xa524930c0_0, 0;
    %load/vec4 v0xa52492ee0_0;
    %assign/vec4 v0xa52493700_0, 0;
T_14.0 ;
    %jmp T_14;
    .thread T_14;
    .scope S_0xa52958000;
T_15 ;
    %wait E_0xa524784c0;
    %load/vec4 v0xa52494e60_0;
    %flag_set/vec4 9;
    %flag_get/vec4 9;
    %jmp/0 T_15.2, 9;
    %load/vec4 v0xa524952c0_0;
    %nor/r;
    %and;
T_15.2;
    %flag_set/vec4 8;
    %jmp/0xz  T_15.0, 8;
    %load/vec4 v0xa524924e0_0;
    %flag_set/vec4 8;
    %jmp/1 T_15.6, 8;
    %load/vec4 v0xa52492620_0;
    %flag_set/vec4 9;
    %flag_or 8, 9;
T_15.6;
    %jmp/1 T_15.5, 8;
    %load/vec4 v0xa52492580_0;
    %flag_set/vec4 9;
    %flag_or 8, 9;
T_15.5;
    %jmp/0xz  T_15.3, 8;
    %fork TD_picorv32_axi.picorv32_core.empty_statement, S_0xa52958300;
    %join;
T_15.3 ;
    %load/vec4 v0xa524924e0_0;
    %flag_set/vec4 8;
    %jmp/1 T_15.9, 8;
    %load/vec4 v0xa52492620_0;
    %flag_set/vec4 9;
    %flag_or 8, 9;
T_15.9;
    %jmp/0xz  T_15.7, 8;
    %fork TD_picorv32_axi.picorv32_core.empty_statement, S_0xa52958300;
    %join;
T_15.7 ;
    %load/vec4 v0xa52492580_0;
    %flag_set/vec4 8;
    %jmp/0xz  T_15.10, 8;
    %fork TD_picorv32_axi.picorv32_core.empty_statement, S_0xa52958300;
    %join;
T_15.10 ;
    %load/vec4 v0xa524926c0_0;
    %flag_set/vec4 8;
    %jmp/0xz  T_15.12, 8;
    %fork TD_picorv32_axi.picorv32_core.empty_statement, S_0xa52958300;
    %join;
T_15.12 ;
    %load/vec4 v0xa524932a0_0;
    %pad/u 32;
    %cmpi/e 2, 0, 32;
    %jmp/1 T_15.16, 4;
    %flag_mov 8, 4;
    %load/vec4 v0xa524932a0_0;
    %pad/u 32;
    %cmpi/e 3, 0, 32;
    %flag_or 4, 8;
T_15.16;
    %jmp/0xz  T_15.14, 4;
    %fork TD_picorv32_axi.picorv32_core.empty_statement, S_0xa52958300;
    %join;
T_15.14 ;
T_15.0 ;
    %jmp T_15;
    .thread T_15;
    .scope S_0xa52958000;
T_16 ;
    %wait E_0xa524784c0;
    %load/vec4 v0xa52494e60_0;
    %nor/r;
    %flag_set/vec4 8;
    %jmp/1 T_16.2, 8;
    %load/vec4 v0xa524952c0_0;
    %flag_set/vec4 9;
    %flag_or 8, 9;
T_16.2;
    %jmp/0xz  T_16.0, 8;
    %load/vec4 v0xa52494e60_0;
    %nor/r;
    %flag_set/vec4 8;
    %jmp/0xz  T_16.3, 8;
    %pushi/vec4 0, 0, 2;
    %assign/vec4 v0xa524932a0_0, 0;
T_16.3 ;
    %load/vec4 v0xa52494e60_0;
    %nor/r;
    %flag_set/vec4 8;
    %jmp/1 T_16.7, 8;
    %load/vec4 v0xa52493200_0;
    %flag_set/vec4 9;
    %flag_or 8, 9;
T_16.7;
    %jmp/0xz  T_16.5, 8;
    %pushi/vec4 0, 0, 1;
    %assign/vec4 v0xa52493340_0, 0;
T_16.5 ;
    %pushi/vec4 0, 0, 1;
    %assign/vec4 v0xa52492bc0_0, 0;
    %pushi/vec4 0, 0, 1;
    %assign/vec4 v0xa52494640_0, 0;
    %jmp T_16.1;
T_16.0 ;
    %load/vec4 v0xa52492b20_0;
    %flag_set/vec4 8;
    %jmp/1 T_16.10, 8;
    %load/vec4 v0xa52492da0_0;
    %flag_set/vec4 9;
    %flag_or 8, 9;
T_16.10;
    %jmp/0xz  T_16.8, 8;
    %load/vec4 v0xa524928a0_0;
    %assign/vec4 v0xa524923a0_0, 0;
    %load/vec4 v0xa52492e40_0;
    %load/vec4 v0xa52492da0_0;
    %replicate 4;
    %and;
    %assign/vec4 v0xa52493520_0, 0;
T_16.8 ;
    %load/vec4 v0xa52492da0_0;
    %flag_set/vec4 8;
    %jmp/0xz  T_16.11, 8;
    %load/vec4 v0xa52492d00_0;
    %assign/vec4 v0xa524933e0_0, 0;
T_16.11 ;
    %load/vec4 v0xa524932a0_0;
    %dup/vec4;
    %pushi/vec4 0, 0, 2;
    %cmp/u;
    %jmp/1 T_16.13, 6;
    %dup/vec4;
    %pushi/vec4 1, 0, 2;
    %cmp/u;
    %jmp/1 T_16.14, 6;
    %dup/vec4;
    %pushi/vec4 2, 0, 2;
    %cmp/u;
    %jmp/1 T_16.15, 6;
    %dup/vec4;
    %pushi/vec4 3, 0, 2;
    %cmp/u;
    %jmp/1 T_16.16, 6;
    %jmp T_16.17;
T_16.13 ;
    %load/vec4 v0xa524924e0_0;
    %flag_set/vec4 8;
    %jmp/1 T_16.21, 8;
    %load/vec4 v0xa52492620_0;
    %flag_set/vec4 9;
    %flag_or 8, 9;
T_16.21;
    %jmp/1 T_16.20, 8;
    %load/vec4 v0xa52492580_0;
    %flag_set/vec4 9;
    %flag_or 8, 9;
T_16.20;
    %jmp/0xz  T_16.18, 8;
    %load/vec4 v0xa52492c60_0;
    %nor/r;
    %assign/vec4 v0xa52493340_0, 0;
    %load/vec4 v0xa524924e0_0;
    %flag_set/vec4 8;
    %flag_get/vec4 8;
    %jmp/1 T_16.22, 8;
    %load/vec4 v0xa52492620_0;
    %or;
T_16.22;
    %assign/vec4 v0xa52492800_0, 0;
    %pushi/vec4 0, 0, 4;
    %assign/vec4 v0xa52493520_0, 0;
    %pushi/vec4 1, 0, 2;
    %assign/vec4 v0xa524932a0_0, 0;
T_16.18 ;
    %load/vec4 v0xa524926c0_0;
    %flag_set/vec4 8;
    %jmp/0xz  T_16.23, 8;
    %pushi/vec4 1, 0, 1;
    %assign/vec4 v0xa52493340_0, 0;
    %pushi/vec4 0, 0, 1;
    %assign/vec4 v0xa52492800_0, 0;
    %pushi/vec4 2, 0, 2;
    %assign/vec4 v0xa524932a0_0, 0;
T_16.23 ;
    %jmp T_16.17;
T_16.14 ;
    %fork TD_picorv32_axi.picorv32_core.empty_statement, S_0xa52958300;
    %join;
    %fork TD_picorv32_axi.picorv32_core.empty_statement, S_0xa52958300;
    %join;
    %fork TD_picorv32_axi.picorv32_core.empty_statement, S_0xa52958300;
    %join;
    %fork TD_picorv32_axi.picorv32_core.empty_statement, S_0xa52958300;
    %join;
    %load/vec4 v0xa524935c0_0;
    %flag_set/vec4 8;
    %jmp/0xz  T_16.25, 8;
    %pushi/vec4 0, 0, 1;
    %assign/vec4 v0xa52493340_0, 0;
    %pushi/vec4 0, 0, 1;
    %assign/vec4 v0xa52492bc0_0, 0;
    %load/vec4 v0xa52492620_0;
    %flag_set/vec4 8;
    %jmp/1 T_16.29, 8;
    %load/vec4 v0xa52492580_0;
    %flag_set/vec4 9;
    %flag_or 8, 9;
T_16.29;
    %jmp/0 T_16.27, 8;
    %pushi/vec4 0, 0, 3;
    %jmp/1 T_16.28, 8;
T_16.27 ; End of true expr.
    %pushi/vec4 3, 0, 3;
    %jmp/0 T_16.28, 8;
 ; End of false expr.
    %blend;
T_16.28;
    %pad/s 2;
    %assign/vec4 v0xa524932a0_0, 0;
T_16.25 ;
    %jmp T_16.17;
T_16.15 ;
    %fork TD_picorv32_axi.picorv32_core.empty_statement, S_0xa52958300;
    %join;
    %fork TD_picorv32_axi.picorv32_core.empty_statement, S_0xa52958300;
    %join;
    %load/vec4 v0xa524935c0_0;
    %flag_set/vec4 8;
    %jmp/0xz  T_16.30, 8;
    %pushi/vec4 0, 0, 1;
    %assign/vec4 v0xa52493340_0, 0;
    %pushi/vec4 0, 0, 2;
    %assign/vec4 v0xa524932a0_0, 0;
T_16.30 ;
    %jmp T_16.17;
T_16.16 ;
    %fork TD_picorv32_axi.picorv32_core.empty_statement, S_0xa52958300;
    %join;
    %fork TD_picorv32_axi.picorv32_core.empty_statement, S_0xa52958300;
    %join;
    %load/vec4 v0xa52492620_0;
    %flag_set/vec4 8;
    %jmp/0xz  T_16.32, 8;
    %pushi/vec4 0, 0, 2;
    %assign/vec4 v0xa524932a0_0, 0;
T_16.32 ;
    %jmp T_16.17;
T_16.17 ;
    %pop/vec4 1;
T_16.1 ;
    %load/vec4 v0xa5248d360_0;
    %flag_set/vec4 8;
    %jmp/0xz  T_16.34, 8;
    %pushi/vec4 0, 0, 1;
    %assign/vec4 v0xa52494640_0, 0;
T_16.34 ;
    %jmp T_16;
    .thread T_16;
    .scope S_0xa52958000;
T_17 ;
    %wait E_0xa52478680;
    %pushi/vec4 0, 0, 32; draw_string_vec4
    %pushi/vec4 0, 0, 32; draw_string_vec4
    %concat/vec4; draw_string_vec4
    %store/vec4 v0xa52493660_0, 0, 64;
    %load/vec4 v0xa5248fca0_0;
    %flag_set/vec4 8;
    %jmp/0xz  T_17.0, 8;
    %pushi/vec4 0, 0, 32; draw_string_vec4
    %pushi/vec4 7107945, 0, 32; draw_string_vec4
    %concat/vec4; draw_string_vec4
    %store/vec4 v0xa52493660_0, 0, 64;
T_17.0 ;
    %load/vec4 v0xa5248f2a0_0;
    %flag_set/vec4 8;
    %jmp/0xz  T_17.2, 8;
    %pushi/vec4 97, 0, 32; draw_string_vec4
    %pushi/vec4 1969844323, 0, 32; draw_string_vec4
    %concat/vec4; draw_string_vec4
    %store/vec4 v0xa52493660_0, 0, 64;
T_17.2 ;
    %load/vec4 v0xa5248f8e0_0;
    %flag_set/vec4 8;
    %jmp/0xz  T_17.4, 8;
    %pushi/vec4 0, 0, 32; draw_string_vec4
    %pushi/vec4 6971756, 0, 32; draw_string_vec4
    %concat/vec4; draw_string_vec4
    %store/vec4 v0xa52493660_0, 0, 64;
T_17.4 ;
    %load/vec4 v0xa5248f980_0;
    %flag_set/vec4 8;
    %jmp/0xz  T_17.6, 8;
    %pushi/vec4 0, 0, 32; draw_string_vec4
    %pushi/vec4 1784769650, 0, 32; draw_string_vec4
    %concat/vec4; draw_string_vec4
    %store/vec4 v0xa52493660_0, 0, 64;
T_17.6 ;
    %load/vec4 v0xa5248f340_0;
    %flag_set/vec4 8;
    %jmp/0xz  T_17.8, 8;
    %pushi/vec4 0, 0, 32; draw_string_vec4
    %pushi/vec4 6448497, 0, 32; draw_string_vec4
    %concat/vec4; draw_string_vec4
    %store/vec4 v0xa52493660_0, 0, 64;
T_17.8 ;
    %load/vec4 v0xa5248f660_0;
    %flag_set/vec4 8;
    %jmp/0xz  T_17.10, 8;
    %pushi/vec4 0, 0, 32; draw_string_vec4
    %pushi/vec4 6450789, 0, 32; draw_string_vec4
    %concat/vec4; draw_string_vec4
    %store/vec4 v0xa52493660_0, 0, 64;
T_17.10 ;
    %load/vec4 v0xa5248f520_0;
    %flag_set/vec4 8;
    %jmp/0xz  T_17.12, 8;
    %pushi/vec4 0, 0, 32; draw_string_vec4
    %pushi/vec4 6450292, 0, 32; draw_string_vec4
    %concat/vec4; draw_string_vec4
    %store/vec4 v0xa52493660_0, 0, 64;
T_17.12 ;
    %load/vec4 v0xa5248f3e0_0;
    %flag_set/vec4 8;
    %jmp/0xz  T_17.14, 8;
    %pushi/vec4 0, 0, 32; draw_string_vec4
    %pushi/vec4 6448997, 0, 32; draw_string_vec4
    %concat/vec4; draw_string_vec4
    %store/vec4 v0xa52493660_0, 0, 64;
T_17.14 ;
    %load/vec4 v0xa5248f5c0_0;
    %flag_set/vec4 8;
    %jmp/0xz  T_17.16, 8;
    %pushi/vec4 0, 0, 32; draw_string_vec4
    %pushi/vec4 1651274869, 0, 32; draw_string_vec4
    %concat/vec4; draw_string_vec4
    %store/vec4 v0xa52493660_0, 0, 64;
T_17.16 ;
    %load/vec4 v0xa5248f480_0;
    %flag_set/vec4 8;
    %jmp/0xz  T_17.18, 8;
    %pushi/vec4 0, 0, 32; draw_string_vec4
    %pushi/vec4 1650943349, 0, 32; draw_string_vec4
    %concat/vec4; draw_string_vec4
    %store/vec4 v0xa52493660_0, 0, 64;
T_17.18 ;
    %load/vec4 v0xa5248fa20_0;
    %flag_set/vec4 8;
    %jmp/0xz  T_17.20, 8;
    %pushi/vec4 0, 0, 32; draw_string_vec4
    %pushi/vec4 27746, 0, 32; draw_string_vec4
    %concat/vec4; draw_string_vec4
    %store/vec4 v0xa52493660_0, 0, 64;
T_17.20 ;
    %load/vec4 v0xa5248fb60_0;
    %flag_set/vec4 8;
    %jmp/0xz  T_17.22, 8;
    %pushi/vec4 0, 0, 32; draw_string_vec4
    %pushi/vec4 27752, 0, 32; draw_string_vec4
    %concat/vec4; draw_string_vec4
    %store/vec4 v0xa52493660_0, 0, 64;
T_17.22 ;
    %load/vec4 v0xa5248fd40_0;
    %flag_set/vec4 8;
    %jmp/0xz  T_17.24, 8;
    %pushi/vec4 0, 0, 32; draw_string_vec4
    %pushi/vec4 27767, 0, 32; draw_string_vec4
    %concat/vec4; draw_string_vec4
    %store/vec4 v0xa52493660_0, 0, 64;
T_17.24 ;
    %load/vec4 v0xa5248fac0_0;
    %flag_set/vec4 8;
    %jmp/0xz  T_17.26, 8;
    %pushi/vec4 0, 0, 32; draw_string_vec4
    %pushi/vec4 7103093, 0, 32; draw_string_vec4
    %concat/vec4; draw_string_vec4
    %store/vec4 v0xa52493660_0, 0, 64;
T_17.26 ;
    %load/vec4 v0xa5248fc00_0;
    %flag_set/vec4 8;
    %jmp/0xz  T_17.28, 8;
    %pushi/vec4 0, 0, 32; draw_string_vec4
    %pushi/vec4 7104629, 0, 32; draw_string_vec4
    %concat/vec4; draw_string_vec4
    %store/vec4 v0xa52493660_0, 0, 64;
T_17.28 ;
    %load/vec4 v0xa52490320_0;
    %flag_set/vec4 8;
    %jmp/0xz  T_17.30, 8;
    %pushi/vec4 0, 0, 32; draw_string_vec4
    %pushi/vec4 29538, 0, 32; draw_string_vec4
    %concat/vec4; draw_string_vec4
    %store/vec4 v0xa52493660_0, 0, 64;
T_17.30 ;
    %load/vec4 v0xa52490460_0;
    %flag_set/vec4 8;
    %jmp/0xz  T_17.32, 8;
    %pushi/vec4 0, 0, 32; draw_string_vec4
    %pushi/vec4 29544, 0, 32; draw_string_vec4
    %concat/vec4; draw_string_vec4
    %store/vec4 v0xa52493660_0, 0, 64;
T_17.32 ;
    %load/vec4 v0xa52490be0_0;
    %flag_set/vec4 8;
    %jmp/0xz  T_17.34, 8;
    %pushi/vec4 0, 0, 32; draw_string_vec4
    %pushi/vec4 29559, 0, 32; draw_string_vec4
    %concat/vec4; draw_string_vec4
    %store/vec4 v0xa52493660_0, 0, 64;
T_17.34 ;
    %load/vec4 v0xa5248f0c0_0;
    %flag_set/vec4 8;
    %jmp/0xz  T_17.36, 8;
    %pushi/vec4 0, 0, 32; draw_string_vec4
    %pushi/vec4 1633969257, 0, 32; draw_string_vec4
    %concat/vec4; draw_string_vec4
    %store/vec4 v0xa52493660_0, 0, 64;
T_17.36 ;
    %load/vec4 v0xa524906e0_0;
    %flag_set/vec4 8;
    %jmp/0xz  T_17.38, 8;
    %pushi/vec4 0, 0, 32; draw_string_vec4
    %pushi/vec4 1936487529, 0, 32; draw_string_vec4
    %concat/vec4; draw_string_vec4
    %store/vec4 v0xa52493660_0, 0, 64;
T_17.38 ;
    %load/vec4 v0xa52490780_0;
    %flag_set/vec4 8;
    %jmp/0xz  T_17.40, 8;
    %pushi/vec4 115, 0, 32; draw_string_vec4
    %pushi/vec4 1819568501, 0, 32; draw_string_vec4
    %concat/vec4; draw_string_vec4
    %store/vec4 v0xa52493660_0, 0, 64;
T_17.40 ;
    %load/vec4 v0xa52490f00_0;
    %flag_set/vec4 8;
    %jmp/0xz  T_17.42, 8;
    %pushi/vec4 0, 0, 32; draw_string_vec4
    %pushi/vec4 2020569705, 0, 32; draw_string_vec4
    %concat/vec4; draw_string_vec4
    %store/vec4 v0xa52493660_0, 0, 64;
T_17.42 ;
    %load/vec4 v0xa5248ff20_0;
    %flag_set/vec4 8;
    %jmp/0xz  T_17.44, 8;
    %pushi/vec4 0, 0, 32; draw_string_vec4
    %pushi/vec4 7303785, 0, 32; draw_string_vec4
    %concat/vec4; draw_string_vec4
    %store/vec4 v0xa52493660_0, 0, 64;
T_17.44 ;
    %load/vec4 v0xa5248f200_0;
    %flag_set/vec4 8;
    %jmp/0xz  T_17.46, 8;
    %pushi/vec4 0, 0, 32; draw_string_vec4
    %pushi/vec4 1634624617, 0, 32; draw_string_vec4
    %concat/vec4; draw_string_vec4
    %store/vec4 v0xa52493660_0, 0, 64;
T_17.46 ;
    %load/vec4 v0xa524905a0_0;
    %flag_set/vec4 8;
    %jmp/0xz  T_17.48, 8;
    %pushi/vec4 0, 0, 32; draw_string_vec4
    %pushi/vec4 1936485481, 0, 32; draw_string_vec4
    %concat/vec4; draw_string_vec4
    %store/vec4 v0xa52493660_0, 0, 64;
T_17.48 ;
    %load/vec4 v0xa52490aa0_0;
    %flag_set/vec4 8;
    %jmp/0xz  T_17.50, 8;
    %pushi/vec4 0, 0, 32; draw_string_vec4
    %pushi/vec4 1936878697, 0, 32; draw_string_vec4
    %concat/vec4; draw_string_vec4
    %store/vec4 v0xa52493660_0, 0, 64;
T_17.50 ;
    %load/vec4 v0xa52490960_0;
    %flag_set/vec4 8;
    %jmp/0xz  T_17.52, 8;
    %pushi/vec4 0, 0, 32; draw_string_vec4
    %pushi/vec4 1936875881, 0, 32; draw_string_vec4
    %concat/vec4; draw_string_vec4
    %store/vec4 v0xa52493660_0, 0, 64;
T_17.52 ;
    %load/vec4 v0xa5248f020_0;
    %flag_set/vec4 8;
    %jmp/0xz  T_17.54, 8;
    %pushi/vec4 0, 0, 32; draw_string_vec4
    %pushi/vec4 6382692, 0, 32; draw_string_vec4
    %concat/vec4; draw_string_vec4
    %store/vec4 v0xa52493660_0, 0, 64;
T_17.54 ;
    %load/vec4 v0xa52490b40_0;
    %flag_set/vec4 8;
    %jmp/0xz  T_17.56, 8;
    %pushi/vec4 0, 0, 32; draw_string_vec4
    %pushi/vec4 7566690, 0, 32; draw_string_vec4
    %concat/vec4; draw_string_vec4
    %store/vec4 v0xa52493660_0, 0, 64;
T_17.56 ;
    %load/vec4 v0xa52490500_0;
    %flag_set/vec4 8;
    %jmp/0xz  T_17.58, 8;
    %pushi/vec4 0, 0, 32; draw_string_vec4
    %pushi/vec4 7564396, 0, 32; draw_string_vec4
    %concat/vec4; draw_string_vec4
    %store/vec4 v0xa52493660_0, 0, 64;
T_17.58 ;
    %load/vec4 v0xa52490640_0;
    %flag_set/vec4 8;
    %jmp/0xz  T_17.60, 8;
    %pushi/vec4 0, 0, 32; draw_string_vec4
    %pushi/vec4 7564404, 0, 32; draw_string_vec4
    %concat/vec4; draw_string_vec4
    %store/vec4 v0xa52493660_0, 0, 64;
T_17.60 ;
    %load/vec4 v0xa52490820_0;
    %flag_set/vec4 8;
    %jmp/0xz  T_17.62, 8;
    %pushi/vec4 0, 0, 32; draw_string_vec4
    %pushi/vec4 1936487541, 0, 32; draw_string_vec4
    %concat/vec4; draw_string_vec4
    %store/vec4 v0xa52493660_0, 0, 64;
T_17.62 ;
    %load/vec4 v0xa52490e60_0;
    %flag_set/vec4 8;
    %jmp/0xz  T_17.64, 8;
    %pushi/vec4 0, 0, 32; draw_string_vec4
    %pushi/vec4 7892850, 0, 32; draw_string_vec4
    %concat/vec4; draw_string_vec4
    %store/vec4 v0xa52493660_0, 0, 64;
T_17.64 ;
    %load/vec4 v0xa52490a00_0;
    %flag_set/vec4 8;
    %jmp/0xz  T_17.66, 8;
    %pushi/vec4 0, 0, 32; draw_string_vec4
    %pushi/vec4 7565932, 0, 32; draw_string_vec4
    %concat/vec4; draw_string_vec4
    %store/vec4 v0xa52493660_0, 0, 64;
T_17.66 ;
    %load/vec4 v0xa524908c0_0;
    %flag_set/vec4 8;
    %jmp/0xz  T_17.68, 8;
    %pushi/vec4 0, 0, 32; draw_string_vec4
    %pushi/vec4 7565921, 0, 32; draw_string_vec4
    %concat/vec4; draw_string_vec4
    %store/vec4 v0xa52493660_0, 0, 64;
T_17.68 ;
    %load/vec4 v0xa5248fe80_0;
    %flag_set/vec4 8;
    %jmp/0xz  T_17.70, 8;
    %pushi/vec4 0, 0, 32; draw_string_vec4
    %pushi/vec4 28530, 0, 32; draw_string_vec4
    %concat/vec4; draw_string_vec4
    %store/vec4 v0xa52493660_0, 0, 64;
T_17.70 ;
    %load/vec4 v0xa5248f160_0;
    %flag_set/vec4 8;
    %jmp/0xz  T_17.72, 8;
    %pushi/vec4 0, 0, 32; draw_string_vec4
    %pushi/vec4 6385252, 0, 32; draw_string_vec4
    %concat/vec4; draw_string_vec4
    %store/vec4 v0xa52493660_0, 0, 64;
T_17.72 ;
    %load/vec4 v0xa52490000_0;
    %flag_set/vec4 8;
    %jmp/0xz  T_17.74, 8;
    %pushi/vec4 7496803, 0, 32; draw_string_vec4
    %pushi/vec4 2036558949, 0, 32; draw_string_vec4
    %concat/vec4; draw_string_vec4
    %store/vec4 v0xa52493660_0, 0, 64;
T_17.74 ;
    %load/vec4 v0xa524900a0_0;
    %flag_set/vec4 8;
    %jmp/0xz  T_17.76, 8;
    %pushi/vec4 1919181689, 0, 32; draw_string_vec4
    %pushi/vec4 1668048232, 0, 32; draw_string_vec4
    %concat/vec4; draw_string_vec4
    %store/vec4 v0xa52493660_0, 0, 64;
T_17.76 ;
    %load/vec4 v0xa52490140_0;
    %flag_set/vec4 8;
    %jmp/0xz  T_17.78, 8;
    %pushi/vec4 7496809, 0, 32; draw_string_vec4
    %pushi/vec4 1853060210, 0, 32; draw_string_vec4
    %concat/vec4; draw_string_vec4
    %store/vec4 v0xa52493660_0, 0, 64;
T_17.78 ;
    %load/vec4 v0xa524901e0_0;
    %flag_set/vec4 8;
    %jmp/0xz  T_17.80, 8;
    %pushi/vec4 1919183214, 0, 32; draw_string_vec4
    %pushi/vec4 1937011304, 0, 32; draw_string_vec4
    %concat/vec4; draw_string_vec4
    %store/vec4 v0xa52493660_0, 0, 64;
T_17.80 ;
    %load/vec4 v0xa5248f7a0_0;
    %flag_set/vec4 8;
    %jmp/0xz  T_17.82, 8;
    %pushi/vec4 102, 0, 32; draw_string_vec4
    %pushi/vec4 1701733221, 0, 32; draw_string_vec4
    %concat/vec4; draw_string_vec4
    %store/vec4 v0xa52493660_0, 0, 64;
T_17.82 ;
    %load/vec4 v0xa5248f840_0;
    %flag_set/vec4 8;
    %jmp/0xz  T_17.84, 8;
    %pushi/vec4 0, 0, 32; draw_string_vec4
    %pushi/vec4 1734702193, 0, 32; draw_string_vec4
    %concat/vec4; draw_string_vec4
    %store/vec4 v0xa52493660_0, 0, 64;
T_17.84 ;
    %load/vec4 v0xa524903c0_0;
    %flag_set/vec4 8;
    %jmp/0xz  T_17.86, 8;
    %pushi/vec4 0, 0, 32; draw_string_vec4
    %pushi/vec4 1936028785, 0, 32; draw_string_vec4
    %concat/vec4; draw_string_vec4
    %store/vec4 v0xa52493660_0, 0, 64;
T_17.86 ;
    %load/vec4 v0xa52490280_0;
    %flag_set/vec4 8;
    %jmp/0xz  T_17.88, 8;
    %pushi/vec4 29285, 0, 32; draw_string_vec4
    %pushi/vec4 1953067633, 0, 32; draw_string_vec4
    %concat/vec4; draw_string_vec4
    %store/vec4 v0xa52493660_0, 0, 64;
T_17.88 ;
    %load/vec4 v0xa5248fde0_0;
    %flag_set/vec4 8;
    %jmp/0xz  T_17.90, 8;
    %pushi/vec4 7168371, 0, 32; draw_string_vec4
    %pushi/vec4 1802072689, 0, 32; draw_string_vec4
    %concat/vec4; draw_string_vec4
    %store/vec4 v0xa52493660_0, 0, 64;
T_17.90 ;
    %load/vec4 v0xa52490dc0_0;
    %flag_set/vec4 8;
    %jmp/0xz  T_17.92, 8;
    %pushi/vec4 7823721, 0, 32; draw_string_vec4
    %pushi/vec4 1953067633, 0, 32; draw_string_vec4
    %concat/vec4; draw_string_vec4
    %store/vec4 v0xa52493660_0, 0, 64;
T_17.92 ;
    %load/vec4 v0xa52490c80_0;
    %flag_set/vec4 8;
    %jmp/0xz  T_17.94, 8;
    %pushi/vec4 116, 0, 32; draw_string_vec4
    %pushi/vec4 1768777074, 0, 32; draw_string_vec4
    %concat/vec4; draw_string_vec4
    %store/vec4 v0xa52493660_0, 0, 64;
T_17.94 ;
    %jmp T_17;
    .thread T_17, $push;
    .scope S_0xa52958000;
T_18 ;
    %wait E_0xa524784c0;
    %load/vec4 v0xa5248db80_0;
    %assign/vec4 v0xa524946e0_0, 0;
    %load/vec4 v0xa5248dd60_0;
    %assign/vec4 v0xa52494780_0, 0;
    %load/vec4 v0xa5248de00_0;
    %assign/vec4 v0xa52494820_0, 0;
    %load/vec4 v0xa5248df40_0;
    %assign/vec4 v0xa52494960_0, 0;
    %load/vec4 v0xa5248dfe0_0;
    %assign/vec4 v0xa52494a00_0, 0;
    %load/vec4 v0xa5248dea0_0;
    %assign/vec4 v0xa524948c0_0, 0;
    %load/vec4 v0xa52492300_0;
    %assign/vec4 v0xa5248e4e0_0, 0;
    %load/vec4 v0xa52494e60_0;
    %nor/r;
    %flag_set/vec4 8;
    %jmp/1 T_18.2, 8;
    %load/vec4 v0xa524952c0_0;
    %flag_set/vec4 9;
    %flag_or 8, 9;
T_18.2;
    %jmp/0xz  T_18.0, 8;
    %pushi/vec4 0, 0, 1;
    %assign/vec4 v0xa5248e800_0, 0;
    %jmp T_18.1;
T_18.0 ;
    %load/vec4 v0xa52492300_0;
    %flag_set/vec4 8;
    %jmp/0xz  T_18.3, 8;
    %pushi/vec4 1, 0, 1;
    %assign/vec4 v0xa5248e800_0, 0;
T_18.3 ;
T_18.1 ;
    %load/vec4 v0xa5248ee40_0;
    %flag_set/vec4 8;
    %jmp/0xz  T_18.5, 8;
    %load/vec4 v0xa52493660_0;
    %assign/vec4 v0xa5248cfa0_0, 0;
    %load/vec4 v0xa5248e8a0_0;
    %assign/vec4 v0xa5248d040_0, 0;
    %load/vec4 v0xa52493700_0;
    %parti/s 2, 0, 2;
    %and/r;
    %flag_set/vec4 8;
    %jmp/0xz  T_18.7, 8;
    %load/vec4 v0xa52493700_0;
    %assign/vec4 v0xa5248d0e0_0, 0;
    %jmp T_18.8;
T_18.7 ;
    %pushi/vec4 0, 0, 16;
    %load/vec4 v0xa52493700_0;
    %parti/s 16, 0, 2;
    %concat/vec4; draw_concat_vec4
    %assign/vec4 v0xa5248d0e0_0, 0;
T_18.8 ;
    %load/vec4 v0xa5248eb20_0;
    %assign/vec4 v0xa5248d220_0, 0;
    %load/vec4 v0xa5248ebc0_0;
    %assign/vec4 v0xa5248d2c0_0, 0;
    %load/vec4 v0xa5248e9e0_0;
    %assign/vec4 v0xa5248d180_0, 0;
T_18.5 ;
    %load/vec4 v0xa52492300_0;
    %flag_set/vec4 8;
    %jmp/0xz  T_18.9, 8;
    %load/vec4 v0xa52493840_0;
    %assign/vec4 v0xa5248dcc0_0, 0;
T_18.9 ;
    %jmp T_18;
    .thread T_18;
    .scope S_0xa52958000;
T_19 ;
    %wait E_0xa52478640;
    %load/vec4 v0xa524946e0_0;
    %store/vec4 v0xa5248db80_0, 0, 64;
    %load/vec4 v0xa52494780_0;
    %store/vec4 v0xa5248dd60_0, 0, 32;
    %load/vec4 v0xa52494820_0;
    %store/vec4 v0xa5248de00_0, 0, 32;
    %load/vec4 v0xa52494960_0;
    %store/vec4 v0xa5248df40_0, 0, 5;
    %load/vec4 v0xa52494a00_0;
    %store/vec4 v0xa5248dfe0_0, 0, 5;
    %load/vec4 v0xa524948c0_0;
    %store/vec4 v0xa5248dea0_0, 0, 5;
    %load/vec4 v0xa5248e4e0_0;
    %flag_set/vec4 8;
    %jmp/0xz  T_19.0, 8;
    %load/vec4 v0xa5248ed00_0;
    %flag_set/vec4 8;
    %jmp/0xz  T_19.2, 8;
    %load/vec4 v0xa5248cfa0_0;
    %store/vec4 v0xa5248db80_0, 0, 64;
    %load/vec4 v0xa5248d040_0;
    %store/vec4 v0xa5248dd60_0, 0, 32;
    %load/vec4 v0xa5248d0e0_0;
    %store/vec4 v0xa5248de00_0, 0, 32;
    %load/vec4 v0xa5248d220_0;
    %store/vec4 v0xa5248df40_0, 0, 5;
    %load/vec4 v0xa5248d2c0_0;
    %store/vec4 v0xa5248dfe0_0, 0, 5;
    %load/vec4 v0xa5248d180_0;
    %store/vec4 v0xa5248dea0_0, 0, 5;
    %jmp T_19.3;
T_19.2 ;
    %load/vec4 v0xa52493660_0;
    %store/vec4 v0xa5248db80_0, 0, 64;
    %load/vec4 v0xa52493700_0;
    %parti/s 2, 0, 2;
    %and/r;
    %flag_set/vec4 8;
    %jmp/0xz  T_19.4, 8;
    %load/vec4 v0xa52493700_0;
    %store/vec4 v0xa5248de00_0, 0, 32;
    %jmp T_19.5;
T_19.4 ;
    %pushi/vec4 0, 0, 16;
    %load/vec4 v0xa52493700_0;
    %parti/s 16, 0, 2;
    %concat/vec4; draw_concat_vec4
    %store/vec4 v0xa5248de00_0, 0, 32;
T_19.5 ;
    %load/vec4 v0xa5248e8a0_0;
    %store/vec4 v0xa5248dd60_0, 0, 32;
    %load/vec4 v0xa5248eb20_0;
    %store/vec4 v0xa5248df40_0, 0, 5;
    %load/vec4 v0xa5248ebc0_0;
    %store/vec4 v0xa5248dfe0_0, 0, 5;
    %load/vec4 v0xa5248e9e0_0;
    %store/vec4 v0xa5248dea0_0, 0, 5;
T_19.3 ;
T_19.0 ;
    %jmp T_19;
    .thread T_19, $push;
    .scope S_0xa52958000;
T_20 ;
    %wait E_0xa524784c0;
    %load/vec4 v0xa5248fca0_0;
    %load/vec4 v0xa5248f2a0_0;
    %concat/vec4; draw_concat_vec4
    %load/vec4 v0xa5248f8e0_0;
    %concat/vec4; draw_concat_vec4
    %or/r;
    %assign/vec4 v0xa524917c0_0, 0;
    %load/vec4 v0xa5248fca0_0;
    %load/vec4 v0xa5248f2a0_0;
    %concat/vec4; draw_concat_vec4
    %load/vec4 v0xa5248f8e0_0;
    %concat/vec4; draw_concat_vec4
    %load/vec4 v0xa5248f980_0;
    %concat/vec4; draw_concat_vec4
    %load/vec4 v0xa5248f0c0_0;
    %concat/vec4; draw_concat_vec4
    %load/vec4 v0xa5248f020_0;
    %concat/vec4; draw_concat_vec4
    %load/vec4 v0xa52490b40_0;
    %concat/vec4; draw_concat_vec4
    %or/r;
    %assign/vec4 v0xa52491860_0, 0;
    %load/vec4 v0xa524906e0_0;
    %load/vec4 v0xa5248f520_0;
    %concat/vec4; draw_concat_vec4
    %load/vec4 v0xa52490640_0;
    %concat/vec4; draw_concat_vec4
    %or/r;
    %assign/vec4 v0xa52491b80_0, 0;
    %load/vec4 v0xa52490780_0;
    %load/vec4 v0xa5248f5c0_0;
    %concat/vec4; draw_concat_vec4
    %load/vec4 v0xa52490820_0;
    %concat/vec4; draw_concat_vec4
    %or/r;
    %assign/vec4 v0xa52491c20_0, 0;
    %load/vec4 v0xa5248fac0_0;
    %load/vec4 v0xa5248fc00_0;
    %concat/vec4; draw_concat_vec4
    %load/vec4 v0xa5248fd40_0;
    %concat/vec4; draw_concat_vec4
    %or/r;
    %assign/vec4 v0xa52491720_0, 0;
    %load/vec4 v0xa524914a0_0;
    %load/vec4 v0xa524906e0_0;
    %concat/vec4; draw_concat_vec4
    %load/vec4 v0xa52490640_0;
    %concat/vec4; draw_concat_vec4
    %load/vec4 v0xa52490780_0;
    %concat/vec4; draw_concat_vec4
    %load/vec4 v0xa52490820_0;
    %concat/vec4; draw_concat_vec4
    %or/r;
    %assign/vec4 v0xa52491540_0, 0;
    %load/vec4 v0xa52492620_0;
    %flag_set/vec4 9;
    %flag_get/vec4 9;
    %jmp/0 T_20.2, 9;
    %load/vec4 v0xa52492760_0;
    %and;
T_20.2;
    %flag_set/vec4 8;
    %jmp/0xz  T_20.0, 8;
    %load/vec4 v0xa52492f80_0;
    %parti/s 7, 0, 2;
    %pushi/vec4 55, 0, 7;
    %cmp/e;
    %flag_get/vec4 4;
    %assign/vec4 v0xa5248fca0_0, 0;
    %load/vec4 v0xa52492f80_0;
    %parti/s 7, 0, 2;
    %pushi/vec4 23, 0, 7;
    %cmp/e;
    %flag_get/vec4 4;
    %assign/vec4 v0xa5248f2a0_0, 0;
    %load/vec4 v0xa52492f80_0;
    %parti/s 7, 0, 2;
    %pushi/vec4 111, 0, 7;
    %cmp/e;
    %flag_get/vec4 4;
    %assign/vec4 v0xa5248f8e0_0, 0;
    %load/vec4 v0xa52492f80_0;
    %parti/s 7, 0, 2;
    %cmpi/e 103, 0, 7;
    %flag_get/vec4 4;
    %jmp/0 T_20.3, 4;
    %load/vec4 v0xa52492f80_0;
    %parti/s 3, 12, 5;
    %pushi/vec4 0, 0, 3;
    %cmp/e;
    %flag_get/vec4 4;
    %and;
T_20.3;
    %assign/vec4 v0xa5248f980_0, 0;
    %load/vec4 v0xa52492f80_0;
    %parti/s 7, 0, 2;
    %cmpi/e 11, 0, 7;
    %flag_get/vec4 4;
    %jmp/0 T_20.5, 4;
    %load/vec4 v0xa52492f80_0;
    %parti/s 7, 25, 6;
    %pushi/vec4 2, 0, 7;
    %cmp/e;
    %flag_get/vec4 4;
    %and;
T_20.5;
    %flag_set/vec4 8;
    %flag_get/vec4 8;
    %jmp/0 T_20.4, 8;
    %pushi/vec4 0, 0, 1;
    %and;
T_20.4;
    %assign/vec4 v0xa52490280_0, 0;
    %load/vec4 v0xa52492f80_0;
    %parti/s 7, 0, 2;
    %cmpi/e 11, 0, 7;
    %flag_get/vec4 4;
    %jmp/0 T_20.7, 4;
    %load/vec4 v0xa52492f80_0;
    %parti/s 7, 25, 6;
    %pushi/vec4 4, 0, 7;
    %cmp/e;
    %flag_get/vec4 4;
    %and;
T_20.7;
    %flag_set/vec4 8;
    %flag_get/vec4 8;
    %jmp/0 T_20.6, 8;
    %pushi/vec4 0, 0, 1;
    %and;
T_20.6;
    %assign/vec4 v0xa52490dc0_0, 0;
    %load/vec4 v0xa52492f80_0;
    %parti/s 7, 0, 2;
    %pushi/vec4 99, 0, 7;
    %cmp/e;
    %flag_get/vec4 4;
    %assign/vec4 v0xa524914a0_0, 0;
    %load/vec4 v0xa52492f80_0;
    %parti/s 7, 0, 2;
    %pushi/vec4 3, 0, 7;
    %cmp/e;
    %flag_get/vec4 4;
    %assign/vec4 v0xa52491680_0, 0;
    %load/vec4 v0xa52492f80_0;
    %parti/s 7, 0, 2;
    %pushi/vec4 35, 0, 7;
    %cmp/e;
    %flag_get/vec4 4;
    %assign/vec4 v0xa524919a0_0, 0;
    %load/vec4 v0xa52492f80_0;
    %parti/s 7, 0, 2;
    %pushi/vec4 19, 0, 7;
    %cmp/e;
    %flag_get/vec4 4;
    %assign/vec4 v0xa52491360_0, 0;
    %load/vec4 v0xa52492f80_0;
    %parti/s 7, 0, 2;
    %pushi/vec4 51, 0, 7;
    %cmp/e;
    %flag_get/vec4 4;
    %assign/vec4 v0xa52491400_0, 0;
    %load/vec4 v0xa52492f80_0;
    %parti/s 20, 12, 5;
    %concati/vec4 0, 0, 1;
    %pad/s 32;
    %split/vec4 1;
    %ix/load 5, 0, 0;
    %ix/load 4, 0, 0;
    %flag_set/imm 4, 0;
    %assign/vec4/off/d v0xa5248e940_0, 4, 5;
    %split/vec4 8;
    %ix/load 5, 0, 0;
    %ix/load 4, 12, 0;
    %flag_set/imm 4, 0;
    %assign/vec4/off/d v0xa5248e940_0, 4, 5;
    %split/vec4 1;
    %ix/load 5, 0, 0;
    %ix/load 4, 11, 0;
    %flag_set/imm 4, 0;
    %assign/vec4/off/d v0xa5248e940_0, 4, 5;
    %split/vec4 10;
    %ix/load 5, 0, 0;
    %ix/load 4, 1, 0;
    %flag_set/imm 4, 0;
    %assign/vec4/off/d v0xa5248e940_0, 4, 5;
    %ix/load 5, 0, 0;
    %ix/load 4, 20, 0;
    %flag_set/imm 4, 0;
    %assign/vec4/off/d v0xa5248e940_0, 4, 5;
    %load/vec4 v0xa52492f80_0;
    %parti/s 5, 7, 4;
    %assign/vec4 v0xa5248e9e0_0, 0;
    %load/vec4 v0xa52492f80_0;
    %parti/s 5, 15, 5;
    %assign/vec4 v0xa5248eb20_0, 0;
    %load/vec4 v0xa52492f80_0;
    %parti/s 5, 20, 6;
    %assign/vec4 v0xa5248ebc0_0, 0;
    %load/vec4 v0xa52492f80_0;
    %parti/s 7, 0, 2;
    %cmpi/e 11, 0, 7;
    %flag_get/vec4 4;
    %jmp/0 T_20.12, 4;
    %load/vec4 v0xa52492f80_0;
    %parti/s 7, 25, 6;
    %pushi/vec4 0, 0, 7;
    %cmp/e;
    %flag_get/vec4 4;
    %and;
T_20.12;
    %flag_set/vec4 10;
    %flag_get/vec4 10;
    %jmp/0 T_20.11, 10;
    %pushi/vec4 0, 0, 1;
    %and;
T_20.11;
    %flag_set/vec4 9;
    %flag_get/vec4 9;
    %jmp/0 T_20.10, 9;
    %pushi/vec4 1, 0, 1;
    %and;
T_20.10;
    %flag_set/vec4 8;
    %jmp/0xz  T_20.8, 8;
    %pushi/vec4 1, 0, 1;
    %ix/load 5, 0, 0;
    %ix/load 4, 4, 0;
    %flag_set/imm 4, 0;
    %assign/vec4/off/d v0xa5248eb20_0, 4, 5;
T_20.8 ;
    %load/vec4 v0xa52492f80_0;
    %parti/s 7, 0, 2;
    %cmpi/e 11, 0, 7;
    %flag_get/vec4 4;
    %jmp/0 T_20.16, 4;
    %load/vec4 v0xa52492f80_0;
    %parti/s 7, 25, 6;
    %pushi/vec4 2, 0, 7;
    %cmp/e;
    %flag_get/vec4 4;
    %and;
T_20.16;
    %flag_set/vec4 9;
    %flag_get/vec4 9;
    %jmp/0 T_20.15, 9;
    %pushi/vec4 0, 0, 1;
    %and;
T_20.15;
    %flag_set/vec4 8;
    %jmp/0xz  T_20.13, 8;
    %pushi/vec4 0, 0, 5;
    %assign/vec4 v0xa5248eb20_0, 0;
T_20.13 ;
    %pushi/vec4 0, 0, 1;
    %assign/vec4 v0xa5248d540_0, 0;
T_20.0 ;
    %load/vec4 v0xa5248eda0_0;
    %flag_set/vec4 9;
    %flag_get/vec4 9;
    %jmp/0 T_20.19, 9;
    %load/vec4 v0xa5248ec60_0;
    %nor/r;
    %and;
T_20.19;
    %flag_set/vec4 8;
    %jmp/0xz  T_20.17, 8;
    %pushi/vec4 4294967295, 4294967295, 32;
    %assign/vec4 v0xa52493b60_0, 0;
    %load/vec4 v0xa524914a0_0;
    %flag_set/vec4 8;
    %flag_get/vec4 8;
    %jmp/0 T_20.20, 8;
    %load/vec4 v0xa524930c0_0;
    %parti/s 3, 12, 5;
    %pushi/vec4 0, 0, 3;
    %cmp/e;
    %flag_get/vec4 4;
    %and;
T_20.20;
    %assign/vec4 v0xa5248f340_0, 0;
    %load/vec4 v0xa524914a0_0;
    %flag_set/vec4 8;
    %flag_get/vec4 8;
    %jmp/0 T_20.21, 8;
    %load/vec4 v0xa524930c0_0;
    %parti/s 3, 12, 5;
    %pushi/vec4 1, 0, 3;
    %cmp/e;
    %flag_get/vec4 4;
    %and;
T_20.21;
    %assign/vec4 v0xa5248f660_0, 0;
    %load/vec4 v0xa524914a0_0;
    %flag_set/vec4 8;
    %flag_get/vec4 8;
    %jmp/0 T_20.22, 8;
    %load/vec4 v0xa524930c0_0;
    %parti/s 3, 12, 5;
    %pushi/vec4 4, 0, 3;
    %cmp/e;
    %flag_get/vec4 4;
    %and;
T_20.22;
    %assign/vec4 v0xa5248f520_0, 0;
    %load/vec4 v0xa524914a0_0;
    %flag_set/vec4 8;
    %flag_get/vec4 8;
    %jmp/0 T_20.23, 8;
    %load/vec4 v0xa524930c0_0;
    %parti/s 3, 12, 5;
    %pushi/vec4 5, 0, 3;
    %cmp/e;
    %flag_get/vec4 4;
    %and;
T_20.23;
    %assign/vec4 v0xa5248f3e0_0, 0;
    %load/vec4 v0xa524914a0_0;
    %flag_set/vec4 8;
    %flag_get/vec4 8;
    %jmp/0 T_20.24, 8;
    %load/vec4 v0xa524930c0_0;
    %parti/s 3, 12, 5;
    %pushi/vec4 6, 0, 3;
    %cmp/e;
    %flag_get/vec4 4;
    %and;
T_20.24;
    %assign/vec4 v0xa5248f5c0_0, 0;
    %load/vec4 v0xa524914a0_0;
    %flag_set/vec4 8;
    %flag_get/vec4 8;
    %jmp/0 T_20.25, 8;
    %load/vec4 v0xa524930c0_0;
    %parti/s 3, 12, 5;
    %pushi/vec4 7, 0, 3;
    %cmp/e;
    %flag_get/vec4 4;
    %and;
T_20.25;
    %assign/vec4 v0xa5248f480_0, 0;
    %load/vec4 v0xa52491680_0;
    %flag_set/vec4 8;
    %flag_get/vec4 8;
    %jmp/0 T_20.26, 8;
    %load/vec4 v0xa524930c0_0;
    %parti/s 3, 12, 5;
    %pushi/vec4 0, 0, 3;
    %cmp/e;
    %flag_get/vec4 4;
    %and;
T_20.26;
    %assign/vec4 v0xa5248fa20_0, 0;
    %load/vec4 v0xa52491680_0;
    %flag_set/vec4 8;
    %flag_get/vec4 8;
    %jmp/0 T_20.27, 8;
    %load/vec4 v0xa524930c0_0;
    %parti/s 3, 12, 5;
    %pushi/vec4 1, 0, 3;
    %cmp/e;
    %flag_get/vec4 4;
    %and;
T_20.27;
    %assign/vec4 v0xa5248fb60_0, 0;
    %load/vec4 v0xa52491680_0;
    %flag_set/vec4 8;
    %flag_get/vec4 8;
    %jmp/0 T_20.28, 8;
    %load/vec4 v0xa524930c0_0;
    %parti/s 3, 12, 5;
    %pushi/vec4 2, 0, 3;
    %cmp/e;
    %flag_get/vec4 4;
    %and;
T_20.28;
    %assign/vec4 v0xa5248fd40_0, 0;
    %load/vec4 v0xa52491680_0;
    %flag_set/vec4 8;
    %flag_get/vec4 8;
    %jmp/0 T_20.29, 8;
    %load/vec4 v0xa524930c0_0;
    %parti/s 3, 12, 5;
    %pushi/vec4 4, 0, 3;
    %cmp/e;
    %flag_get/vec4 4;
    %and;
T_20.29;
    %assign/vec4 v0xa5248fac0_0, 0;
    %load/vec4 v0xa52491680_0;
    %flag_set/vec4 8;
    %flag_get/vec4 8;
    %jmp/0 T_20.30, 8;
    %load/vec4 v0xa524930c0_0;
    %parti/s 3, 12, 5;
    %pushi/vec4 5, 0, 3;
    %cmp/e;
    %flag_get/vec4 4;
    %and;
T_20.30;
    %assign/vec4 v0xa5248fc00_0, 0;
    %load/vec4 v0xa524919a0_0;
    %flag_set/vec4 8;
    %flag_get/vec4 8;
    %jmp/0 T_20.31, 8;
    %load/vec4 v0xa524930c0_0;
    %parti/s 3, 12, 5;
    %pushi/vec4 0, 0, 3;
    %cmp/e;
    %flag_get/vec4 4;
    %and;
T_20.31;
    %assign/vec4 v0xa52490320_0, 0;
    %load/vec4 v0xa524919a0_0;
    %flag_set/vec4 8;
    %flag_get/vec4 8;
    %jmp/0 T_20.32, 8;
    %load/vec4 v0xa524930c0_0;
    %parti/s 3, 12, 5;
    %pushi/vec4 1, 0, 3;
    %cmp/e;
    %flag_get/vec4 4;
    %and;
T_20.32;
    %assign/vec4 v0xa52490460_0, 0;
    %load/vec4 v0xa524919a0_0;
    %flag_set/vec4 8;
    %flag_get/vec4 8;
    %jmp/0 T_20.33, 8;
    %load/vec4 v0xa524930c0_0;
    %parti/s 3, 12, 5;
    %pushi/vec4 2, 0, 3;
    %cmp/e;
    %flag_get/vec4 4;
    %and;
T_20.33;
    %assign/vec4 v0xa52490be0_0, 0;
    %load/vec4 v0xa52491360_0;
    %flag_set/vec4 8;
    %flag_get/vec4 8;
    %jmp/0 T_20.34, 8;
    %load/vec4 v0xa524930c0_0;
    %parti/s 3, 12, 5;
    %pushi/vec4 0, 0, 3;
    %cmp/e;
    %flag_get/vec4 4;
    %and;
T_20.34;
    %assign/vec4 v0xa5248f0c0_0, 0;
    %load/vec4 v0xa52491360_0;
    %flag_set/vec4 8;
    %flag_get/vec4 8;
    %jmp/0 T_20.35, 8;
    %load/vec4 v0xa524930c0_0;
    %parti/s 3, 12, 5;
    %pushi/vec4 2, 0, 3;
    %cmp/e;
    %flag_get/vec4 4;
    %and;
T_20.35;
    %assign/vec4 v0xa524906e0_0, 0;
    %load/vec4 v0xa52491360_0;
    %flag_set/vec4 8;
    %flag_get/vec4 8;
    %jmp/0 T_20.36, 8;
    %load/vec4 v0xa524930c0_0;
    %parti/s 3, 12, 5;
    %pushi/vec4 3, 0, 3;
    %cmp/e;
    %flag_get/vec4 4;
    %and;
T_20.36;
    %assign/vec4 v0xa52490780_0, 0;
    %load/vec4 v0xa52491360_0;
    %flag_set/vec4 8;
    %flag_get/vec4 8;
    %jmp/0 T_20.37, 8;
    %load/vec4 v0xa524930c0_0;
    %parti/s 3, 12, 5;
    %pushi/vec4 4, 0, 3;
    %cmp/e;
    %flag_get/vec4 4;
    %and;
T_20.37;
    %assign/vec4 v0xa52490f00_0, 0;
    %load/vec4 v0xa52491360_0;
    %flag_set/vec4 8;
    %flag_get/vec4 8;
    %jmp/0 T_20.38, 8;
    %load/vec4 v0xa524930c0_0;
    %parti/s 3, 12, 5;
    %pushi/vec4 6, 0, 3;
    %cmp/e;
    %flag_get/vec4 4;
    %and;
T_20.38;
    %assign/vec4 v0xa5248ff20_0, 0;
    %load/vec4 v0xa52491360_0;
    %flag_set/vec4 8;
    %flag_get/vec4 8;
    %jmp/0 T_20.39, 8;
    %load/vec4 v0xa524930c0_0;
    %parti/s 3, 12, 5;
    %pushi/vec4 7, 0, 3;
    %cmp/e;
    %flag_get/vec4 4;
    %and;
T_20.39;
    %assign/vec4 v0xa5248f200_0, 0;
    %load/vec4 v0xa52491360_0;
    %flag_set/vec4 9;
    %flag_get/vec4 9;
    %jmp/0 T_20.41, 9;
    %load/vec4 v0xa524930c0_0;
    %parti/s 3, 12, 5;
    %pushi/vec4 1, 0, 3;
    %cmp/e;
    %flag_get/vec4 4;
    %and;
T_20.41;
    %flag_set/vec4 8;
    %flag_get/vec4 8;
    %jmp/0 T_20.40, 8;
    %load/vec4 v0xa524930c0_0;
    %parti/s 7, 25, 6;
    %pushi/vec4 0, 0, 7;
    %cmp/e;
    %flag_get/vec4 4;
    %and;
T_20.40;
    %assign/vec4 v0xa524905a0_0, 0;
    %load/vec4 v0xa52491360_0;
    %flag_set/vec4 9;
    %flag_get/vec4 9;
    %jmp/0 T_20.43, 9;
    %load/vec4 v0xa524930c0_0;
    %parti/s 3, 12, 5;
    %pushi/vec4 5, 0, 3;
    %cmp/e;
    %flag_get/vec4 4;
    %and;
T_20.43;
    %flag_set/vec4 8;
    %flag_get/vec4 8;
    %jmp/0 T_20.42, 8;
    %load/vec4 v0xa524930c0_0;
    %parti/s 7, 25, 6;
    %pushi/vec4 0, 0, 7;
    %cmp/e;
    %flag_get/vec4 4;
    %and;
T_20.42;
    %assign/vec4 v0xa52490aa0_0, 0;
    %load/vec4 v0xa52491360_0;
    %flag_set/vec4 9;
    %flag_get/vec4 9;
    %jmp/0 T_20.45, 9;
    %load/vec4 v0xa524930c0_0;
    %parti/s 3, 12, 5;
    %pushi/vec4 5, 0, 3;
    %cmp/e;
    %flag_get/vec4 4;
    %and;
T_20.45;
    %flag_set/vec4 8;
    %flag_get/vec4 8;
    %jmp/0 T_20.44, 8;
    %load/vec4 v0xa524930c0_0;
    %parti/s 7, 25, 6;
    %pushi/vec4 32, 0, 7;
    %cmp/e;
    %flag_get/vec4 4;
    %and;
T_20.44;
    %assign/vec4 v0xa52490960_0, 0;
    %load/vec4 v0xa52491400_0;
    %flag_set/vec4 9;
    %flag_get/vec4 9;
    %jmp/0 T_20.47, 9;
    %load/vec4 v0xa524930c0_0;
    %parti/s 3, 12, 5;
    %pushi/vec4 0, 0, 3;
    %cmp/e;
    %flag_get/vec4 4;
    %and;
T_20.47;
    %flag_set/vec4 8;
    %flag_get/vec4 8;
    %jmp/0 T_20.46, 8;
    %load/vec4 v0xa524930c0_0;
    %parti/s 7, 25, 6;
    %pushi/vec4 0, 0, 7;
    %cmp/e;
    %flag_get/vec4 4;
    %and;
T_20.46;
    %assign/vec4 v0xa5248f020_0, 0;
    %load/vec4 v0xa52491400_0;
    %flag_set/vec4 9;
    %flag_get/vec4 9;
    %jmp/0 T_20.49, 9;
    %load/vec4 v0xa524930c0_0;
    %parti/s 3, 12, 5;
    %pushi/vec4 0, 0, 3;
    %cmp/e;
    %flag_get/vec4 4;
    %and;
T_20.49;
    %flag_set/vec4 8;
    %flag_get/vec4 8;
    %jmp/0 T_20.48, 8;
    %load/vec4 v0xa524930c0_0;
    %parti/s 7, 25, 6;
    %pushi/vec4 32, 0, 7;
    %cmp/e;
    %flag_get/vec4 4;
    %and;
T_20.48;
    %assign/vec4 v0xa52490b40_0, 0;
    %load/vec4 v0xa52491400_0;
    %flag_set/vec4 9;
    %flag_get/vec4 9;
    %jmp/0 T_20.51, 9;
    %load/vec4 v0xa524930c0_0;
    %parti/s 3, 12, 5;
    %pushi/vec4 1, 0, 3;
    %cmp/e;
    %flag_get/vec4 4;
    %and;
T_20.51;
    %flag_set/vec4 8;
    %flag_get/vec4 8;
    %jmp/0 T_20.50, 8;
    %load/vec4 v0xa524930c0_0;
    %parti/s 7, 25, 6;
    %pushi/vec4 0, 0, 7;
    %cmp/e;
    %flag_get/vec4 4;
    %and;
T_20.50;
    %assign/vec4 v0xa52490500_0, 0;
    %load/vec4 v0xa52491400_0;
    %flag_set/vec4 9;
    %flag_get/vec4 9;
    %jmp/0 T_20.53, 9;
    %load/vec4 v0xa524930c0_0;
    %parti/s 3, 12, 5;
    %pushi/vec4 2, 0, 3;
    %cmp/e;
    %flag_get/vec4 4;
    %and;
T_20.53;
    %flag_set/vec4 8;
    %flag_get/vec4 8;
    %jmp/0 T_20.52, 8;
    %load/vec4 v0xa524930c0_0;
    %parti/s 7, 25, 6;
    %pushi/vec4 0, 0, 7;
    %cmp/e;
    %flag_get/vec4 4;
    %and;
T_20.52;
    %assign/vec4 v0xa52490640_0, 0;
    %load/vec4 v0xa52491400_0;
    %flag_set/vec4 9;
    %flag_get/vec4 9;
    %jmp/0 T_20.55, 9;
    %load/vec4 v0xa524930c0_0;
    %parti/s 3, 12, 5;
    %pushi/vec4 3, 0, 3;
    %cmp/e;
    %flag_get/vec4 4;
    %and;
T_20.55;
    %flag_set/vec4 8;
    %flag_get/vec4 8;
    %jmp/0 T_20.54, 8;
    %load/vec4 v0xa524930c0_0;
    %parti/s 7, 25, 6;
    %pushi/vec4 0, 0, 7;
    %cmp/e;
    %flag_get/vec4 4;
    %and;
T_20.54;
    %assign/vec4 v0xa52490820_0, 0;
    %load/vec4 v0xa52491400_0;
    %flag_set/vec4 9;
    %flag_get/vec4 9;
    %jmp/0 T_20.57, 9;
    %load/vec4 v0xa524930c0_0;
    %parti/s 3, 12, 5;
    %pushi/vec4 4, 0, 3;
    %cmp/e;
    %flag_get/vec4 4;
    %and;
T_20.57;
    %flag_set/vec4 8;
    %flag_get/vec4 8;
    %jmp/0 T_20.56, 8;
    %load/vec4 v0xa524930c0_0;
    %parti/s 7, 25, 6;
    %pushi/vec4 0, 0, 7;
    %cmp/e;
    %flag_get/vec4 4;
    %and;
T_20.56;
    %assign/vec4 v0xa52490e60_0, 0;
    %load/vec4 v0xa52491400_0;
    %flag_set/vec4 9;
    %flag_get/vec4 9;
    %jmp/0 T_20.59, 9;
    %load/vec4 v0xa524930c0_0;
    %parti/s 3, 12, 5;
    %pushi/vec4 5, 0, 3;
    %cmp/e;
    %flag_get/vec4 4;
    %and;
T_20.59;
    %flag_set/vec4 8;
    %flag_get/vec4 8;
    %jmp/0 T_20.58, 8;
    %load/vec4 v0xa524930c0_0;
    %parti/s 7, 25, 6;
    %pushi/vec4 0, 0, 7;
    %cmp/e;
    %flag_get/vec4 4;
    %and;
T_20.58;
    %assign/vec4 v0xa52490a00_0, 0;
    %load/vec4 v0xa52491400_0;
    %flag_set/vec4 9;
    %flag_get/vec4 9;
    %jmp/0 T_20.61, 9;
    %load/vec4 v0xa524930c0_0;
    %parti/s 3, 12, 5;
    %pushi/vec4 5, 0, 3;
    %cmp/e;
    %flag_get/vec4 4;
    %and;
T_20.61;
    %flag_set/vec4 8;
    %flag_get/vec4 8;
    %jmp/0 T_20.60, 8;
    %load/vec4 v0xa524930c0_0;
    %parti/s 7, 25, 6;
    %pushi/vec4 32, 0, 7;
    %cmp/e;
    %flag_get/vec4 4;
    %and;
T_20.60;
    %assign/vec4 v0xa524908c0_0, 0;
    %load/vec4 v0xa52491400_0;
    %flag_set/vec4 9;
    %flag_get/vec4 9;
    %jmp/0 T_20.63, 9;
    %load/vec4 v0xa524930c0_0;
    %parti/s 3, 12, 5;
    %pushi/vec4 6, 0, 3;
    %cmp/e;
    %flag_get/vec4 4;
    %and;
T_20.63;
    %flag_set/vec4 8;
    %flag_get/vec4 8;
    %jmp/0 T_20.62, 8;
    %load/vec4 v0xa524930c0_0;
    %parti/s 7, 25, 6;
    %pushi/vec4 0, 0, 7;
    %cmp/e;
    %flag_get/vec4 4;
    %and;
T_20.62;
    %assign/vec4 v0xa5248fe80_0, 0;
    %load/vec4 v0xa52491400_0;
    %flag_set/vec4 9;
    %flag_get/vec4 9;
    %jmp/0 T_20.65, 9;
    %load/vec4 v0xa524930c0_0;
    %parti/s 3, 12, 5;
    %pushi/vec4 7, 0, 3;
    %cmp/e;
    %flag_get/vec4 4;
    %and;
T_20.65;
    %flag_set/vec4 8;
    %flag_get/vec4 8;
    %jmp/0 T_20.64, 8;
    %load/vec4 v0xa524930c0_0;
    %parti/s 7, 25, 6;
    %pushi/vec4 0, 0, 7;
    %cmp/e;
    %flag_get/vec4 4;
    %and;
T_20.64;
    %assign/vec4 v0xa5248f160_0, 0;
    %load/vec4 v0xa524930c0_0;
    %parti/s 7, 0, 2;
    %cmpi/e 115, 0, 7;
    %flag_get/vec4 4;
    %jmp/0 T_20.68, 4;
    %load/vec4 v0xa524930c0_0;
    %parti/s 20, 12, 5;
    %pad/u 32;
    %pushi/vec4 786434, 0, 32;
    %cmp/e;
    %flag_get/vec4 4;
    %and;
T_20.68;
    %flag_set/vec4 8;
    %jmp/1 T_20.67, 8;
    %load/vec4 v0xa524930c0_0;
    %parti/s 7, 0, 2;
    %cmpi/e 115, 0, 7;
    %flag_get/vec4 4;
    %jmp/0 T_20.69, 4;
    %load/vec4 v0xa524930c0_0;
    %parti/s 20, 12, 5;
    %pad/u 32;
    %pushi/vec4 786690, 0, 32;
    %cmp/e;
    %flag_get/vec4 4;
    %and;
T_20.69;
    %flag_set/vec4 9;
    %flag_or 8, 9;
T_20.67;
    %flag_get/vec4 8;
    %jmp/0 T_20.66, 8;
    %pushi/vec4 1, 0, 1;
    %and;
T_20.66;
    %assign/vec4 v0xa52490000_0, 0;
    %load/vec4 v0xa524930c0_0;
    %parti/s 7, 0, 2;
    %cmpi/e 115, 0, 7;
    %flag_get/vec4 4;
    %jmp/0 T_20.73, 4;
    %load/vec4 v0xa524930c0_0;
    %parti/s 20, 12, 5;
    %pad/u 32;
    %pushi/vec4 819202, 0, 32;
    %cmp/e;
    %flag_get/vec4 4;
    %and;
T_20.73;
    %flag_set/vec4 9;
    %jmp/1 T_20.72, 9;
    %load/vec4 v0xa524930c0_0;
    %parti/s 7, 0, 2;
    %cmpi/e 115, 0, 7;
    %flag_get/vec4 4;
    %jmp/0 T_20.74, 4;
    %load/vec4 v0xa524930c0_0;
    %parti/s 20, 12, 5;
    %pad/u 32;
    %pushi/vec4 819458, 0, 32;
    %cmp/e;
    %flag_get/vec4 4;
    %and;
T_20.74;
    %flag_set/vec4 10;
    %flag_or 9, 10;
T_20.72;
    %flag_get/vec4 9;
    %jmp/0 T_20.71, 9;
    %pushi/vec4 1, 0, 1;
    %and;
T_20.71;
    %flag_set/vec4 8;
    %flag_get/vec4 8;
    %jmp/0 T_20.70, 8;
    %pushi/vec4 1, 0, 1;
    %and;
T_20.70;
    %assign/vec4 v0xa524900a0_0, 0;
    %load/vec4 v0xa524930c0_0;
    %parti/s 7, 0, 2;
    %cmpi/e 115, 0, 7;
    %flag_get/vec4 4;
    %jmp/0 T_20.76, 4;
    %load/vec4 v0xa524930c0_0;
    %parti/s 20, 12, 5;
    %pad/u 32;
    %pushi/vec4 786946, 0, 32;
    %cmp/e;
    %flag_get/vec4 4;
    %and;
T_20.76;
    %flag_set/vec4 8;
    %flag_get/vec4 8;
    %jmp/0 T_20.75, 8;
    %pushi/vec4 1, 0, 1;
    %and;
T_20.75;
    %assign/vec4 v0xa52490140_0, 0;
    %load/vec4 v0xa524930c0_0;
    %parti/s 7, 0, 2;
    %cmpi/e 115, 0, 7;
    %flag_get/vec4 4;
    %jmp/0 T_20.79, 4;
    %load/vec4 v0xa524930c0_0;
    %parti/s 20, 12, 5;
    %pad/u 32;
    %pushi/vec4 819714, 0, 32;
    %cmp/e;
    %flag_get/vec4 4;
    %and;
T_20.79;
    %flag_set/vec4 9;
    %flag_get/vec4 9;
    %jmp/0 T_20.78, 9;
    %pushi/vec4 1, 0, 1;
    %and;
T_20.78;
    %flag_set/vec4 8;
    %flag_get/vec4 8;
    %jmp/0 T_20.77, 8;
    %pushi/vec4 1, 0, 1;
    %and;
T_20.77;
    %assign/vec4 v0xa524901e0_0, 0;
    %load/vec4 v0xa524930c0_0;
    %parti/s 7, 0, 2;
    %cmpi/e 115, 0, 7;
    %flag_get/vec4 4;
    %jmp/0 T_20.82, 4;
    %load/vec4 v0xa524930c0_0;
    %parti/s 11, 21, 6;
    %nor/r;
    %and;
T_20.82;
    %flag_set/vec4 9;
    %flag_get/vec4 9;
    %jmp/0 T_20.81, 9;
    %load/vec4 v0xa524930c0_0;
    %parti/s 13, 7, 4;
    %nor/r;
    %and;
T_20.81;
    %flag_set/vec4 8;
    %flag_get/vec4 8;
    %jmp/1 T_20.80, 8;
    %pushi/vec4 0, 0, 1;
    %or;
T_20.80;
    %assign/vec4 v0xa5248f700_0, 0;
    %load/vec4 v0xa524930c0_0;
    %parti/s 7, 0, 2;
    %cmpi/e 15, 0, 7;
    %flag_get/vec4 4;
    %jmp/0 T_20.83, 4;
    %load/vec4 v0xa524930c0_0;
    %parti/s 3, 12, 5;
    %nor/r;
    %and;
T_20.83;
    %assign/vec4 v0xa5248f7a0_0, 0;
    %load/vec4 v0xa524930c0_0;
    %parti/s 7, 0, 2;
    %cmpi/e 11, 0, 7;
    %flag_get/vec4 4;
    %jmp/0 T_20.86, 4;
    %load/vec4 v0xa524930c0_0;
    %parti/s 7, 25, 6;
    %pushi/vec4 0, 0, 7;
    %cmp/e;
    %flag_get/vec4 4;
    %and;
T_20.86;
    %flag_set/vec4 9;
    %flag_get/vec4 9;
    %jmp/0 T_20.85, 9;
    %pushi/vec4 0, 0, 1;
    %and;
T_20.85;
    %flag_set/vec4 8;
    %flag_get/vec4 8;
    %jmp/0 T_20.84, 8;
    %pushi/vec4 1, 0, 1;
    %and;
T_20.84;
    %assign/vec4 v0xa5248f840_0, 0;
    %load/vec4 v0xa524930c0_0;
    %parti/s 7, 0, 2;
    %cmpi/e 11, 0, 7;
    %flag_get/vec4 4;
    %jmp/0 T_20.89, 4;
    %load/vec4 v0xa524930c0_0;
    %parti/s 7, 25, 6;
    %pushi/vec4 1, 0, 7;
    %cmp/e;
    %flag_get/vec4 4;
    %and;
T_20.89;
    %flag_set/vec4 9;
    %flag_get/vec4 9;
    %jmp/0 T_20.88, 9;
    %pushi/vec4 0, 0, 1;
    %and;
T_20.88;
    %flag_set/vec4 8;
    %flag_get/vec4 8;
    %jmp/0 T_20.87, 8;
    %pushi/vec4 1, 0, 1;
    %and;
T_20.87;
    %assign/vec4 v0xa524903c0_0, 0;
    %load/vec4 v0xa524930c0_0;
    %parti/s 7, 0, 2;
    %cmpi/e 11, 0, 7;
    %flag_get/vec4 4;
    %jmp/0 T_20.91, 4;
    %load/vec4 v0xa524930c0_0;
    %parti/s 7, 25, 6;
    %pushi/vec4 3, 0, 7;
    %cmp/e;
    %flag_get/vec4 4;
    %and;
T_20.91;
    %flag_set/vec4 8;
    %flag_get/vec4 8;
    %jmp/0 T_20.90, 8;
    %pushi/vec4 0, 0, 1;
    %and;
T_20.90;
    %assign/vec4 v0xa5248fde0_0, 0;
    %load/vec4 v0xa524930c0_0;
    %parti/s 7, 0, 2;
    %cmpi/e 11, 0, 7;
    %flag_get/vec4 4;
    %jmp/0 T_20.94, 4;
    %load/vec4 v0xa524930c0_0;
    %parti/s 7, 25, 6;
    %pushi/vec4 5, 0, 7;
    %cmp/e;
    %flag_get/vec4 4;
    %and;
T_20.94;
    %flag_set/vec4 9;
    %flag_get/vec4 9;
    %jmp/0 T_20.93, 9;
    %pushi/vec4 0, 0, 1;
    %and;
T_20.93;
    %flag_set/vec4 8;
    %flag_get/vec4 8;
    %jmp/0 T_20.92, 8;
    %pushi/vec4 1, 0, 1;
    %and;
T_20.92;
    %assign/vec4 v0xa52490c80_0, 0;
    %load/vec4 v0xa52491360_0;
    %flag_set/vec4 8;
    %flag_get/vec4 8;
    %jmp/0 T_20.95, 8;
    %load/vec4 v0xa524930c0_0;
    %parti/s 3, 12, 5;
    %cmpi/e 1, 0, 3;
    %flag_get/vec4 4;
    %jmp/0 T_20.96, 4;
    %load/vec4 v0xa524930c0_0;
    %parti/s 7, 25, 6;
    %pushi/vec4 0, 0, 7;
    %cmp/e;
    %flag_get/vec4 4;
    %and;
T_20.96;
    %load/vec4 v0xa524930c0_0;
    %parti/s 3, 12, 5;
    %cmpi/e 5, 0, 3;
    %flag_get/vec4 4;
    %jmp/0 T_20.97, 4;
    %load/vec4 v0xa524930c0_0;
    %parti/s 7, 25, 6;
    %pushi/vec4 0, 0, 7;
    %cmp/e;
    %flag_get/vec4 4;
    %and;
T_20.97;
    %concat/vec4; draw_concat_vec4
    %load/vec4 v0xa524930c0_0;
    %parti/s 3, 12, 5;
    %cmpi/e 5, 0, 3;
    %flag_get/vec4 4;
    %jmp/0 T_20.98, 4;
    %load/vec4 v0xa524930c0_0;
    %parti/s 7, 25, 6;
    %pushi/vec4 32, 0, 7;
    %cmp/e;
    %flag_get/vec4 4;
    %and;
T_20.98;
    %concat/vec4; draw_concat_vec4
    %or/r;
    %and;
T_20.95;
    %assign/vec4 v0xa52491ae0_0, 0;
    %load/vec4 v0xa5248f980_0;
    %flag_set/vec4 8;
    %flag_get/vec4 8;
    %jmp/1 T_20.99, 8;
    %load/vec4 v0xa52491360_0;
    %flag_set/vec4 8;
    %flag_get/vec4 8;
    %jmp/0 T_20.100, 8;
    %load/vec4 v0xa524930c0_0;
    %parti/s 3, 12, 5;
    %pushi/vec4 0, 0, 3;
    %cmp/e;
    %flag_get/vec4 4;
    %load/vec4 v0xa524930c0_0;
    %parti/s 3, 12, 5;
    %pushi/vec4 2, 0, 3;
    %cmp/e;
    %flag_get/vec4 4;
    %concat/vec4; draw_concat_vec4
    %load/vec4 v0xa524930c0_0;
    %parti/s 3, 12, 5;
    %pushi/vec4 3, 0, 3;
    %cmp/e;
    %flag_get/vec4 4;
    %concat/vec4; draw_concat_vec4
    %load/vec4 v0xa524930c0_0;
    %parti/s 3, 12, 5;
    %pushi/vec4 4, 0, 3;
    %cmp/e;
    %flag_get/vec4 4;
    %concat/vec4; draw_concat_vec4
    %load/vec4 v0xa524930c0_0;
    %parti/s 3, 12, 5;
    %pushi/vec4 6, 0, 3;
    %cmp/e;
    %flag_get/vec4 4;
    %concat/vec4; draw_concat_vec4
    %load/vec4 v0xa524930c0_0;
    %parti/s 3, 12, 5;
    %pushi/vec4 7, 0, 3;
    %cmp/e;
    %flag_get/vec4 4;
    %concat/vec4; draw_concat_vec4
    %or/r;
    %and;
T_20.100;
    %or;
T_20.99;
    %assign/vec4 v0xa524915e0_0, 0;
    %load/vec4 v0xa52491400_0;
    %flag_set/vec4 8;
    %flag_get/vec4 8;
    %jmp/0 T_20.101, 8;
    %load/vec4 v0xa524930c0_0;
    %parti/s 3, 12, 5;
    %cmpi/e 1, 0, 3;
    %flag_get/vec4 4;
    %jmp/0 T_20.102, 4;
    %load/vec4 v0xa524930c0_0;
    %parti/s 7, 25, 6;
    %pushi/vec4 0, 0, 7;
    %cmp/e;
    %flag_get/vec4 4;
    %and;
T_20.102;
    %load/vec4 v0xa524930c0_0;
    %parti/s 3, 12, 5;
    %cmpi/e 5, 0, 3;
    %flag_get/vec4 4;
    %jmp/0 T_20.103, 4;
    %load/vec4 v0xa524930c0_0;
    %parti/s 7, 25, 6;
    %pushi/vec4 0, 0, 7;
    %cmp/e;
    %flag_get/vec4 4;
    %and;
T_20.103;
    %concat/vec4; draw_concat_vec4
    %load/vec4 v0xa524930c0_0;
    %parti/s 3, 12, 5;
    %cmpi/e 5, 0, 3;
    %flag_get/vec4 4;
    %jmp/0 T_20.104, 4;
    %load/vec4 v0xa524930c0_0;
    %parti/s 7, 25, 6;
    %pushi/vec4 32, 0, 7;
    %cmp/e;
    %flag_get/vec4 4;
    %and;
T_20.104;
    %concat/vec4; draw_concat_vec4
    %or/r;
    %and;
T_20.101;
    %assign/vec4 v0xa52491a40_0, 0;
    %pushi/vec4 0, 0, 1;
    %assign/vec4 v0xa52491860_0, 0;
    %pushi/vec4 0, 0, 1;
    %assign/vec4 v0xa52491540_0, 0;
    %pushi/vec4 1, 0, 1;
    %dup/vec4;
    %load/vec4 v0xa5248f8e0_0;
    %cmp/u;
    %jmp/1 T_20.105, 6;
    %dup/vec4;
    %load/vec4 v0xa5248fca0_0;
    %load/vec4 v0xa5248f2a0_0;
    %concat/vec4; draw_concat_vec4
    %or/r;
    %cmp/u;
    %jmp/1 T_20.106, 6;
    %dup/vec4;
    %load/vec4 v0xa5248f980_0;
    %load/vec4 v0xa52491680_0;
    %concat/vec4; draw_concat_vec4
    %load/vec4 v0xa52491360_0;
    %concat/vec4; draw_concat_vec4
    %or/r;
    %cmp/u;
    %jmp/1 T_20.107, 6;
    %dup/vec4;
    %load/vec4 v0xa524914a0_0;
    %cmp/u;
    %jmp/1 T_20.108, 6;
    %dup/vec4;
    %load/vec4 v0xa524919a0_0;
    %cmp/u;
    %jmp/1 T_20.109, 6;
    %pushi/vec4 1, 1, 32;
    %assign/vec4 v0xa5248e8a0_0, 0;
    %jmp T_20.111;
T_20.105 ;
    %load/vec4 v0xa5248e940_0;
    %assign/vec4 v0xa5248e8a0_0, 0;
    %jmp T_20.111;
T_20.106 ;
    %load/vec4 v0xa524930c0_0;
    %parti/s 20, 12, 5;
    %pad/u 32;
    %ix/load 4, 12, 0;
    %flag_set/imm 4, 0;
    %shiftl 4;
    %assign/vec4 v0xa5248e8a0_0, 0;
    %jmp T_20.111;
T_20.107 ;
    %load/vec4 v0xa524930c0_0;
    %parti/s 12, 20, 6;
    %pad/s 32;
    %assign/vec4 v0xa5248e8a0_0, 0;
    %jmp T_20.111;
T_20.108 ;
    %load/vec4 v0xa524930c0_0;
    %parti/s 1, 31, 6;
    %load/vec4 v0xa524930c0_0;
    %parti/s 1, 7, 4;
    %concat/vec4; draw_concat_vec4
    %load/vec4 v0xa524930c0_0;
    %parti/s 6, 25, 6;
    %concat/vec4; draw_concat_vec4
    %load/vec4 v0xa524930c0_0;
    %parti/s 4, 8, 5;
    %concat/vec4; draw_concat_vec4
    %concati/vec4 0, 0, 1;
    %pad/s 32;
    %assign/vec4 v0xa5248e8a0_0, 0;
    %jmp T_20.111;
T_20.109 ;
    %load/vec4 v0xa524930c0_0;
    %parti/s 7, 25, 6;
    %load/vec4 v0xa524930c0_0;
    %parti/s 5, 7, 4;
    %concat/vec4; draw_concat_vec4
    %pad/s 32;
    %assign/vec4 v0xa5248e8a0_0, 0;
    %jmp T_20.111;
T_20.111 ;
    %pop/vec4 1;
T_20.17 ;
    %load/vec4 v0xa52494e60_0;
    %nor/r;
    %flag_set/vec4 8;
    %jmp/0xz  T_20.112, 8;
    %pushi/vec4 0, 0, 1;
    %assign/vec4 v0xa524914a0_0, 0;
    %pushi/vec4 0, 0, 1;
    %assign/vec4 v0xa52491540_0, 0;
    %pushi/vec4 0, 0, 1;
    %assign/vec4 v0xa5248f340_0, 0;
    %pushi/vec4 0, 0, 1;
    %assign/vec4 v0xa5248f660_0, 0;
    %pushi/vec4 0, 0, 1;
    %assign/vec4 v0xa5248f520_0, 0;
    %pushi/vec4 0, 0, 1;
    %assign/vec4 v0xa5248f3e0_0, 0;
    %pushi/vec4 0, 0, 1;
    %assign/vec4 v0xa5248f5c0_0, 0;
    %pushi/vec4 0, 0, 1;
    %assign/vec4 v0xa5248f480_0, 0;
    %pushi/vec4 0, 0, 1;
    %assign/vec4 v0xa5248f0c0_0, 0;
    %pushi/vec4 0, 0, 1;
    %assign/vec4 v0xa524906e0_0, 0;
    %pushi/vec4 0, 0, 1;
    %assign/vec4 v0xa52490780_0, 0;
    %pushi/vec4 0, 0, 1;
    %assign/vec4 v0xa52490f00_0, 0;
    %pushi/vec4 0, 0, 1;
    %assign/vec4 v0xa5248ff20_0, 0;
    %pushi/vec4 0, 0, 1;
    %assign/vec4 v0xa5248f200_0, 0;
    %pushi/vec4 0, 0, 1;
    %assign/vec4 v0xa5248f020_0, 0;
    %pushi/vec4 0, 0, 1;
    %assign/vec4 v0xa52490b40_0, 0;
    %pushi/vec4 0, 0, 1;
    %assign/vec4 v0xa52490500_0, 0;
    %pushi/vec4 0, 0, 1;
    %assign/vec4 v0xa52490640_0, 0;
    %pushi/vec4 0, 0, 1;
    %assign/vec4 v0xa52490820_0, 0;
    %pushi/vec4 0, 0, 1;
    %assign/vec4 v0xa52490e60_0, 0;
    %pushi/vec4 0, 0, 1;
    %assign/vec4 v0xa52490a00_0, 0;
    %pushi/vec4 0, 0, 1;
    %assign/vec4 v0xa524908c0_0, 0;
    %pushi/vec4 0, 0, 1;
    %assign/vec4 v0xa5248fe80_0, 0;
    %pushi/vec4 0, 0, 1;
    %assign/vec4 v0xa5248f160_0, 0;
    %pushi/vec4 0, 0, 1;
    %assign/vec4 v0xa5248f7a0_0, 0;
T_20.112 ;
    %jmp T_20;
    .thread T_20;
    .scope S_0xa52958000;
T_21 ;
    %wait E_0xa52478600;
    %pushi/vec4 0, 0, 32; draw_string_vec4
    %pushi/vec4 0, 0, 32; draw_string_vec4
    %concat/vec4; draw_string_vec4
    %pushi/vec4 0, 0, 32; draw_string_vec4
    %concat/vec4; draw_string_vec4
    %pushi/vec4 0, 0, 32; draw_string_vec4
    %concat/vec4; draw_string_vec4
    %store/vec4 v0xa5248dc20_0, 0, 128;
    %load/vec4 v0xa5248d720_0;
    %cmpi/e 128, 0, 8;
    %jmp/0xz  T_21.0, 4;
    %pushi/vec4 0, 0, 32; draw_string_vec4
    %pushi/vec4 0, 0, 32; draw_string_vec4
    %concat/vec4; draw_string_vec4
    %pushi/vec4 0, 0, 32; draw_string_vec4
    %concat/vec4; draw_string_vec4
    %pushi/vec4 1953653104, 0, 32; draw_string_vec4
    %concat/vec4; draw_string_vec4
    %store/vec4 v0xa5248dc20_0, 0, 128;
T_21.0 ;
    %load/vec4 v0xa5248d720_0;
    %cmpi/e 64, 0, 8;
    %jmp/0xz  T_21.2, 4;
    %pushi/vec4 0, 0, 32; draw_string_vec4
    %pushi/vec4 0, 0, 32; draw_string_vec4
    %concat/vec4; draw_string_vec4
    %pushi/vec4 102, 0, 32; draw_string_vec4
    %concat/vec4; draw_string_vec4
    %pushi/vec4 1702126440, 0, 32; draw_string_vec4
    %concat/vec4; draw_string_vec4
    %store/vec4 v0xa5248dc20_0, 0, 128;
T_21.2 ;
    %load/vec4 v0xa5248d720_0;
    %cmpi/e 32, 0, 8;
    %jmp/0xz  T_21.4, 4;
    %pushi/vec4 0, 0, 32; draw_string_vec4
    %pushi/vec4 0, 0, 32; draw_string_vec4
    %concat/vec4; draw_string_vec4
    %pushi/vec4 27748, 0, 32; draw_string_vec4
    %concat/vec4; draw_string_vec4
    %pushi/vec4 1601336113, 0, 32; draw_string_vec4
    %concat/vec4; draw_string_vec4
    %store/vec4 v0xa5248dc20_0, 0, 128;
T_21.4 ;
    %load/vec4 v0xa5248d720_0;
    %cmpi/e 16, 0, 8;
    %jmp/0xz  T_21.6, 4;
    %pushi/vec4 0, 0, 32; draw_string_vec4
    %pushi/vec4 0, 0, 32; draw_string_vec4
    %concat/vec4; draw_string_vec4
    %pushi/vec4 27748, 0, 32; draw_string_vec4
    %concat/vec4; draw_string_vec4
    %pushi/vec4 1601336114, 0, 32; draw_string_vec4
    %concat/vec4; draw_string_vec4
    %store/vec4 v0xa5248dc20_0, 0, 128;
T_21.6 ;
    %load/vec4 v0xa5248d720_0;
    %cmpi/e 8, 0, 8;
    %jmp/0xz  T_21.8, 4;
    %pushi/vec4 0, 0, 32; draw_string_vec4
    %pushi/vec4 0, 0, 32; draw_string_vec4
    %concat/vec4; draw_string_vec4
    %pushi/vec4 0, 0, 32; draw_string_vec4
    %concat/vec4; draw_string_vec4
    %pushi/vec4 1702389091, 0, 32; draw_string_vec4
    %concat/vec4; draw_string_vec4
    %store/vec4 v0xa5248dc20_0, 0, 128;
T_21.8 ;
    %load/vec4 v0xa5248d720_0;
    %cmpi/e 4, 0, 8;
    %jmp/0xz  T_21.10, 4;
    %pushi/vec4 0, 0, 32; draw_string_vec4
    %pushi/vec4 0, 0, 32; draw_string_vec4
    %concat/vec4; draw_string_vec4
    %pushi/vec4 115, 0, 32; draw_string_vec4
    %concat/vec4; draw_string_vec4
    %pushi/vec4 1751737972, 0, 32; draw_string_vec4
    %concat/vec4; draw_string_vec4
    %store/vec4 v0xa5248dc20_0, 0, 128;
T_21.10 ;
    %load/vec4 v0xa5248d720_0;
    %cmpi/e 2, 0, 8;
    %jmp/0xz  T_21.12, 4;
    %pushi/vec4 0, 0, 32; draw_string_vec4
    %pushi/vec4 0, 0, 32; draw_string_vec4
    %concat/vec4; draw_string_vec4
    %pushi/vec4 115, 0, 32; draw_string_vec4
    %concat/vec4; draw_string_vec4
    %pushi/vec4 1953326445, 0, 32; draw_string_vec4
    %concat/vec4; draw_string_vec4
    %store/vec4 v0xa5248dc20_0, 0, 128;
T_21.12 ;
    %load/vec4 v0xa5248d720_0;
    %cmpi/e 1, 0, 8;
    %jmp/0xz  T_21.14, 4;
    %pushi/vec4 0, 0, 32; draw_string_vec4
    %pushi/vec4 0, 0, 32; draw_string_vec4
    %concat/vec4; draw_string_vec4
    %pushi/vec4 108, 0, 32; draw_string_vec4
    %concat/vec4; draw_string_vec4
    %pushi/vec4 1684890989, 0, 32; draw_string_vec4
    %concat/vec4; draw_string_vec4
    %store/vec4 v0xa5248dc20_0, 0, 128;
T_21.14 ;
    %jmp T_21;
    .thread T_21, $push;
    .scope S_0xa52958000;
T_22 ;
    %wait E_0xa524785c0;
    %pushi/vec4 1, 1, 1;
    %store/vec4 v0xa5248cb40_0, 0, 1;
    %pushi/vec4 1, 0, 1;
    %dup/vec4;
    %load/vec4 v0xa5248f340_0;
    %cmp/u;
    %jmp/1 T_22.0, 6;
    %dup/vec4;
    %load/vec4 v0xa5248f660_0;
    %cmp/u;
    %jmp/1 T_22.1, 6;
    %dup/vec4;
    %load/vec4 v0xa5248f3e0_0;
    %cmp/u;
    %jmp/1 T_22.2, 6;
    %dup/vec4;
    %load/vec4 v0xa5248f480_0;
    %cmp/u;
    %jmp/1 T_22.3, 6;
    %dup/vec4;
    %load/vec4 v0xa52491b80_0;
    %flag_set/vec4 8;
    %flag_get/vec4 8;
    %jmp/0 T_22.7, 8;
    %pushi/vec4 1, 0, 1;
    %and;
T_22.7;
    %cmp/u;
    %jmp/1 T_22.4, 6;
    %dup/vec4;
    %load/vec4 v0xa52491c20_0;
    %flag_set/vec4 8;
    %flag_get/vec4 8;
    %jmp/0 T_22.8, 8;
    %pushi/vec4 1, 0, 1;
    %and;
T_22.8;
    %cmp/u;
    %jmp/1 T_22.5, 6;
    %jmp T_22.6;
T_22.0 ;
    %load/vec4 v0xa5248c8c0_0;
    %store/vec4 v0xa5248cb40_0, 0, 1;
    %jmp T_22.6;
T_22.1 ;
    %load/vec4 v0xa5248c8c0_0;
    %nor/r;
    %store/vec4 v0xa5248cb40_0, 0, 1;
    %jmp T_22.6;
T_22.2 ;
    %load/vec4 v0xa5248c960_0;
    %nor/r;
    %store/vec4 v0xa5248cb40_0, 0, 1;
    %jmp T_22.6;
T_22.3 ;
    %load/vec4 v0xa5248ca00_0;
    %nor/r;
    %store/vec4 v0xa5248cb40_0, 0, 1;
    %jmp T_22.6;
T_22.4 ;
    %load/vec4 v0xa5248c960_0;
    %store/vec4 v0xa5248cb40_0, 0, 1;
    %jmp T_22.6;
T_22.5 ;
    %load/vec4 v0xa5248ca00_0;
    %store/vec4 v0xa5248cb40_0, 0, 1;
    %jmp T_22.6;
T_22.6 ;
    %pop/vec4 1;
    %pushi/vec4 4294967295, 4294967295, 32;
    %store/vec4 v0xa5248caa0_0, 0, 32;
    %pushi/vec4 1, 0, 1;
    %dup/vec4;
    %load/vec4 v0xa52491860_0;
    %cmp/u;
    %jmp/1 T_22.9, 6;
    %dup/vec4;
    %load/vec4 v0xa52491540_0;
    %cmp/u;
    %jmp/1 T_22.10, 6;
    %dup/vec4;
    %load/vec4 v0xa52490f00_0;
    %flag_set/vec4 8;
    %flag_get/vec4 8;
    %jmp/1 T_22.17, 8;
    %load/vec4 v0xa52490e60_0;
    %or;
T_22.17;
    %cmp/u;
    %jmp/1 T_22.11, 6;
    %dup/vec4;
    %load/vec4 v0xa5248ff20_0;
    %flag_set/vec4 8;
    %flag_get/vec4 8;
    %jmp/1 T_22.18, 8;
    %load/vec4 v0xa5248fe80_0;
    %or;
T_22.18;
    %cmp/u;
    %jmp/1 T_22.12, 6;
    %dup/vec4;
    %load/vec4 v0xa5248f200_0;
    %flag_set/vec4 8;
    %flag_get/vec4 8;
    %jmp/1 T_22.19, 8;
    %load/vec4 v0xa5248f160_0;
    %or;
T_22.19;
    %cmp/u;
    %jmp/1 T_22.13, 6;
    %dup/vec4;
    %pushi/vec4 0, 0, 1;
    %cmp/u;
    %jmp/1 T_22.14, 6;
    %dup/vec4;
    %pushi/vec4 0, 0, 1;
    %cmp/u;
    %jmp/1 T_22.15, 6;
    %jmp T_22.16;
T_22.9 ;
    %load/vec4 v0xa5248c820_0;
    %store/vec4 v0xa5248caa0_0, 0, 32;
    %jmp T_22.16;
T_22.10 ;
    %load/vec4 v0xa5248cb40_0;
    %pad/u 32;
    %store/vec4 v0xa5248caa0_0, 0, 32;
    %jmp T_22.16;
T_22.11 ;
    %load/vec4 v0xa52494b40_0;
    %load/vec4 v0xa52494be0_0;
    %xor;
    %store/vec4 v0xa5248caa0_0, 0, 32;
    %jmp T_22.16;
T_22.12 ;
    %load/vec4 v0xa52494b40_0;
    %load/vec4 v0xa52494be0_0;
    %or;
    %store/vec4 v0xa5248caa0_0, 0, 32;
    %jmp T_22.16;
T_22.13 ;
    %load/vec4 v0xa52494b40_0;
    %load/vec4 v0xa52494be0_0;
    %and;
    %store/vec4 v0xa5248caa0_0, 0, 32;
    %jmp T_22.16;
T_22.14 ;
    %load/vec4 v0xa5248cd20_0;
    %store/vec4 v0xa5248caa0_0, 0, 32;
    %jmp T_22.16;
T_22.15 ;
    %load/vec4 v0xa5248cdc0_0;
    %store/vec4 v0xa5248caa0_0, 0, 32;
    %jmp T_22.16;
T_22.16 ;
    %pop/vec4 1;
    %jmp T_22;
    .thread T_22, $push;
    .scope S_0xa52958000;
T_23 ;
    %wait E_0xa524784c0;
    %load/vec4 v0xa5248d360_0;
    %assign/vec4 v0xa5248d400_0, 0;
    %jmp T_23;
    .thread T_23;
    .scope S_0xa52958000;
T_24 ;
    %wait E_0xa52478580;
    %load/vec4 v0xa5248d400_0;
    %store/vec4 v0xa5248d360_0, 0, 1;
    %load/vec4 v0xa52494640_0;
    %nor/r;
    %flag_set/vec4 8;
    %jmp/0xz  T_24.0, 8;
    %pushi/vec4 0, 0, 1;
    %store/vec4 v0xa5248d360_0, 0, 1;
T_24.0 ;
    %load/vec4 v0xa52491d60_0;
    %flag_set/vec4 8;
    %jmp/1 T_24.5, 8;
    %load/vec4 v0xa524912c0_0;
    %cmpi/ne 0, 0, 2;
    %flag_or 8, 4;
T_24.5;
    %jmp/1 T_24.4, 8;
    %load/vec4 v0xa52494e60_0;
    %nor/r;
    %flag_set/vec4 9;
    %flag_or 8, 9;
T_24.4;
    %jmp/0xz  T_24.2, 8;
    %pushi/vec4 0, 0, 1;
    %store/vec4 v0xa5248d360_0, 0, 1;
T_24.2 ;
    %jmp T_24;
    .thread T_24, $push;
    .scope S_0xa52958000;
T_25 ;
    %wait E_0xa52478540;
    %pushi/vec4 0, 0, 1;
    %store/vec4 v0xa5248da40_0, 0, 1;
    %pushi/vec4 4294967295, 4294967295, 32;
    %store/vec4 v0xa5248d9a0_0, 0, 32;
    %load/vec4 v0xa5248d720_0;
    %cmpi/e 64, 0, 8;
    %jmp/0xz  T_25.0, 4;
    %pushi/vec4 1, 0, 1;
    %dup/vec4;
    %load/vec4 v0xa52491d60_0;
    %cmp/u;
    %jmp/1 T_25.2, 6;
    %dup/vec4;
    %load/vec4 v0xa524921c0_0;
    %flag_set/vec4 8;
    %flag_get/vec4 8;
    %jmp/0 T_25.7, 8;
    %load/vec4 v0xa52491d60_0;
    %nor/r;
    %and;
T_25.7;
    %cmp/u;
    %jmp/1 T_25.3, 6;
    %dup/vec4;
    %pushi/vec4 0, 0, 1;
    %cmp/u;
    %jmp/1 T_25.4, 6;
    %dup/vec4;
    %pushi/vec4 0, 0, 1;
    %cmp/u;
    %jmp/1 T_25.5, 6;
    %jmp T_25.6;
T_25.2 ;
    %load/vec4 v0xa52494d20_0;
    %load/vec4 v0xa52491e00_0;
    %flag_set/vec4 8;
    %jmp/0 T_25.8, 8;
    %pushi/vec4 2, 0, 32;
    %jmp/1 T_25.9, 8;
T_25.8 ; End of true expr.
    %pushi/vec4 4, 0, 32;
    %jmp/0 T_25.9, 8;
 ; End of false expr.
    %blend;
T_25.9;
    %add;
    %store/vec4 v0xa5248d9a0_0, 0, 32;
    %pushi/vec4 1, 0, 1;
    %store/vec4 v0xa5248da40_0, 0, 1;
    %jmp T_25.6;
T_25.3 ;
    %load/vec4 v0xa52492120_0;
    %flag_set/vec4 8;
    %jmp/0 T_25.10, 8;
    %load/vec4 v0xa5248cc80_0;
    %jmp/1 T_25.11, 8;
T_25.10 ; End of true expr.
    %load/vec4 v0xa52494c80_0;
    %jmp/0 T_25.11, 8;
 ; End of false expr.
    %blend;
T_25.11;
    %store/vec4 v0xa5248d9a0_0, 0, 32;
    %pushi/vec4 1, 0, 1;
    %store/vec4 v0xa5248da40_0, 0, 1;
    %jmp T_25.6;
T_25.4 ;
    %load/vec4 v0xa52494aa0_0;
    %load/vec4 v0xa52491e00_0;
    %pad/u 32;
    %or;
    %store/vec4 v0xa5248d9a0_0, 0, 32;
    %pushi/vec4 1, 0, 1;
    %store/vec4 v0xa5248da40_0, 0, 1;
    %jmp T_25.6;
T_25.5 ;
    %load/vec4 v0xa52491220_0;
    %load/vec4 v0xa52491180_0;
    %inv;
    %and;
    %store/vec4 v0xa5248d9a0_0, 0, 32;
    %pushi/vec4 1, 0, 1;
    %store/vec4 v0xa5248da40_0, 0, 1;
    %jmp T_25.6;
T_25.6 ;
    %pop/vec4 1;
T_25.0 ;
    %jmp T_25;
    .thread T_25, $push;
    .scope S_0xa52958000;
T_26 ;
    %wait E_0xa524784c0;
    %load/vec4 v0xa52494e60_0;
    %flag_set/vec4 10;
    %flag_get/vec4 10;
    %jmp/0 T_26.3, 10;
    %load/vec4 v0xa5248da40_0;
    %and;
T_26.3;
    %flag_set/vec4 9;
    %flag_get/vec4 9;
    %jmp/0 T_26.2, 9;
    %load/vec4 v0xa52492080_0;
    %pushi/vec4 0, 0, 5;
    %cmp/ne;
    %flag_get/vec4 4;
    %and;
T_26.2;
    %flag_set/vec4 8;
    %jmp/0xz  T_26.0, 8;
    %load/vec4 v0xa5248d9a0_0;
    %load/vec4 v0xa52492080_0;
    %pad/u 7;
    %ix/vec4 3;
    %ix/load 4, 0, 0; Constant delay
    %assign/vec4/a/d v0xa5248d7c0, 0, 4;
T_26.0 ;
    %jmp T_26;
    .thread T_26;
    .scope S_0xa52958000;
T_27 ;
    %wait E_0xa52478500;
    %pushi/vec4 31, 31, 5;
    %store/vec4 v0xa5248ea80_0, 0, 5;
    %load/vec4 v0xa5248eb20_0;
    %cmpi/ne 0, 0, 5;
    %flag_mov 8, 4;
    %jmp/0 T_27.0, 8;
    %load/vec4 v0xa5248eb20_0;
    %pad/u 7;
    %ix/vec4 4;
    %load/vec4a v0xa5248d7c0, 4;
    %jmp/1 T_27.1, 8;
T_27.0 ; End of true expr.
    %pushi/vec4 0, 0, 32;
    %jmp/0 T_27.1, 8;
 ; End of false expr.
    %blend;
T_27.1;
    %store/vec4 v0xa5248d860_0, 0, 32;
    %load/vec4 v0xa5248ebc0_0;
    %cmpi/ne 0, 0, 5;
    %flag_mov 8, 4;
    %jmp/0 T_27.2, 8;
    %load/vec4 v0xa5248ebc0_0;
    %pad/u 7;
    %ix/vec4 4;
    %load/vec4a v0xa5248d7c0, 4;
    %jmp/1 T_27.3, 8;
T_27.2 ; End of true expr.
    %pushi/vec4 0, 0, 32;
    %jmp/0 T_27.3, 8;
 ; End of false expr.
    %blend;
T_27.3;
    %store/vec4 v0xa5248d900_0, 0, 32;
    %jmp T_27;
    .thread T_27, $push;
    .scope S_0xa52958000;
T_28 ;
    %wait E_0xa524784c0;
    %pushi/vec4 0, 0, 1;
    %assign/vec4 v0xa524952c0_0, 0;
    %pushi/vec4 31, 31, 5;
    %assign/vec4 v0xa52494dc0_0, 0;
    %pushi/vec4 4294967295, 4294967295, 32;
    %assign/vec4 v0xa52494c80_0, 0;
    %pushi/vec4 0, 0, 1;
    %store/vec4 v0xa52494fa0_0, 0, 1;
    %pushi/vec4 0, 0, 1;
    %store/vec4 v0xa52494f00_0, 0, 1;
    %pushi/vec4 0, 0, 1;
    %store/vec4 v0xa52495040_0, 0, 1;
    %load/vec4 v0xa5248cb40_0;
    %assign/vec4 v0xa5248cbe0_0, 0;
    %load/vec4 v0xa5248caa0_0;
    %assign/vec4 v0xa5248cc80_0, 0;
    %pushi/vec4 0, 0, 1;
    %assign/vec4 v0xa5248ce60_0, 0;
    %pushi/vec4 0, 0, 1;
    %assign/vec4 v0xa5248cf00_0, 0;
    %load/vec4 v0xa52492300_0;
    %flag_set/vec4 8;
    %jmp/0xz  T_28.0, 8;
    %pushi/vec4 4294967295, 4294967295, 32;
    %assign/vec4 v0xa5248e580_0, 0;
    %pushi/vec4 4294967295, 4294967295, 32;
    %assign/vec4 v0xa5248e6c0_0, 0;
    %pushi/vec4 0, 0, 1;
    %assign/vec4 v0xa5248e620_0, 0;
    %pushi/vec4 0, 0, 1;
    %assign/vec4 v0xa5248e760_0, 0;
T_28.0 ;
    %load/vec4 v0xa52494e60_0;
    %flag_set/vec4 8;
    %jmp/0 T_28.2, 8;
    %load/vec4 v0xa5248d5e0_0;
    %addi 1, 0, 64;
    %jmp/1 T_28.3, 8;
T_28.2 ; End of true expr.
    %pushi/vec4 0, 0, 64;
    %jmp/0 T_28.3, 8;
 ; End of false expr.
    %blend;
T_28.3;
    %assign/vec4 v0xa5248d5e0_0, 0;
    %pushi/vec4 4294967295, 4294967295, 32;
    %store/vec4 v0xa524937a0_0, 0, 32;
    %load/vec4 v0xa52492620_0;
    %flag_set/vec4 8;
    %flag_get/vec4 8;
    %jmp/0 T_28.4, 8;
    %load/vec4 v0xa52492760_0;
    %and;
T_28.4;
    %assign/vec4 v0xa5248eda0_0, 0;
    %load/vec4 v0xa5248eda0_0;
    %assign/vec4 v0xa5248ee40_0, 0;
    %pushi/vec4 0, 0, 1;
    %assign/vec4 v0xa5248ec60_0, 0;
    %load/vec4 v0xa5248ec60_0;
    %assign/vec4 v0xa5248ed00_0, 0;
    %pushi/vec4 0, 0, 1;
    %assign/vec4 v0xa5248eee0_0, 0;
    %pushi/vec4 0, 0, 1;
    %assign/vec4 v0xa52495220_0, 0;
    %pushi/vec4 4294967295, 4294967295, 32;
    %concati/vec4 15, 15, 4;
    %assign/vec4 v0xa52495180_0, 0;
    %load/vec4 v0xa52494e60_0;
    %nor/r;
    %flag_set/vec4 8;
    %jmp/0xz  T_28.5, 8;
    %pushi/vec4 0, 0, 32;
    %assign/vec4 v0xa52494d20_0, 0;
    %pushi/vec4 0, 0, 32;
    %assign/vec4 v0xa52494aa0_0, 0;
    %pushi/vec4 0, 0, 64;
    %assign/vec4 v0xa5248d680_0, 0;
    %pushi/vec4 0, 0, 1;
    %assign/vec4 v0xa524921c0_0, 0;
    %pushi/vec4 0, 0, 1;
    %assign/vec4 v0xa52492120_0, 0;
    %pushi/vec4 0, 0, 1;
    %assign/vec4 v0xa52491d60_0, 0;
    %pushi/vec4 0, 0, 1;
    %assign/vec4 v0xa52492260_0, 0;
    %pushi/vec4 0, 0, 1;
    %assign/vec4 v0xa52491fe0_0, 0;
    %pushi/vec4 0, 0, 1;
    %assign/vec4 v0xa52491f40_0, 0;
    %pushi/vec4 0, 0, 1;
    %assign/vec4 v0xa52491ea0_0, 0;
    %pushi/vec4 0, 0, 1;
    %assign/vec4 v0xa52494460_0, 0;
    %pushi/vec4 0, 0, 1;
    %assign/vec4 v0xa524943c0_0, 0;
    %pushi/vec4 0, 0, 1;
    %assign/vec4 v0xa52491040_0, 0;
    %pushi/vec4 0, 0, 1;
    %assign/vec4 v0xa524910e0_0, 0;
    %pushi/vec4 4294967295, 0, 32;
    %assign/vec4 v0xa52491180_0, 0;
    %pushi/vec4 0, 0, 32;
    %store/vec4 v0xa524937a0_0, 0, 32;
    %pushi/vec4 0, 0, 2;
    %assign/vec4 v0xa524912c0_0, 0;
    %pushi/vec4 0, 0, 32;
    %assign/vec4 v0xa5248ef80_0, 0;
    %pushi/vec4 0, 0, 32;
    %assign/vec4 v0xa524950e0_0, 0;
    %pushi/vec4 64, 0, 8;
    %assign/vec4 v0xa5248d720_0, 0;
    %jmp T_28.6;
T_28.5 ;
    %load/vec4 v0xa5248d720_0;
    %dup/vec4;
    %pushi/vec4 128, 0, 8;
    %cmp/u;
    %jmp/1 T_28.7, 6;
    %dup/vec4;
    %pushi/vec4 64, 0, 8;
    %cmp/u;
    %jmp/1 T_28.8, 6;
    %dup/vec4;
    %pushi/vec4 32, 0, 8;
    %cmp/u;
    %jmp/1 T_28.9, 6;
    %dup/vec4;
    %pushi/vec4 16, 0, 8;
    %cmp/u;
    %jmp/1 T_28.10, 6;
    %dup/vec4;
    %pushi/vec4 8, 0, 8;
    %cmp/u;
    %jmp/1 T_28.11, 6;
    %dup/vec4;
    %pushi/vec4 4, 0, 8;
    %cmp/u;
    %jmp/1 T_28.12, 6;
    %dup/vec4;
    %pushi/vec4 2, 0, 8;
    %cmp/u;
    %jmp/1 T_28.13, 6;
    %dup/vec4;
    %pushi/vec4 1, 0, 8;
    %cmp/u;
    %jmp/1 T_28.14, 6;
    %jmp T_28.15;
T_28.7 ;
    %pushi/vec4 1, 0, 1;
    %assign/vec4 v0xa524952c0_0, 0;
    %jmp T_28.15;
T_28.8 ;
    %load/vec4 v0xa5248eda0_0;
    %nor/r;
    %flag_set/vec4 8;
    %flag_get/vec4 8;
    %jmp/0 T_28.16, 8;
    %load/vec4 v0xa5248eee0_0;
    %nor/r;
    %and;
T_28.16;
    %assign/vec4 v0xa52492620_0, 0;
    %pushi/vec4 0, 0, 2;
    %assign/vec4 v0xa52493480_0, 0;
    %load/vec4 v0xa52494aa0_0;
    %store/vec4 v0xa5248dae0_0, 0, 32;
    %pushi/vec4 1, 0, 1;
    %dup/vec4;
    %load/vec4 v0xa52491d60_0;
    %cmp/u;
    %jmp/1 T_28.17, 6;
    %dup/vec4;
    %load/vec4 v0xa524921c0_0;
    %flag_set/vec4 8;
    %flag_get/vec4 8;
    %jmp/0 T_28.22, 8;
    %load/vec4 v0xa52491d60_0;
    %nor/r;
    %and;
T_28.22;
    %cmp/u;
    %jmp/1 T_28.18, 6;
    %dup/vec4;
    %pushi/vec4 0, 0, 1;
    %cmp/u;
    %jmp/1 T_28.19, 6;
    %dup/vec4;
    %pushi/vec4 0, 0, 1;
    %cmp/u;
    %jmp/1 T_28.20, 6;
    %jmp T_28.21;
T_28.17 ;
    %load/vec4 v0xa524921c0_0;
    %flag_set/vec4 8;
    %jmp/0 T_28.23, 8;
    %load/vec4 v0xa52492120_0;
    %flag_set/vec4 9;
    %jmp/0 T_28.25, 9;
    %load/vec4 v0xa5248cc80_0;
    %jmp/1 T_28.26, 9;
T_28.25 ; End of true expr.
    %load/vec4 v0xa52494c80_0;
    %jmp/0 T_28.26, 9;
 ; End of false expr.
    %blend;
T_28.26;
    %pushi/vec4 4294967294, 0, 32;
    %and;
    %jmp/1 T_28.24, 8;
T_28.23 ; End of true expr.
    %load/vec4 v0xa52494aa0_0;
    %jmp/0 T_28.24, 8;
 ; End of false expr.
    %blend;
T_28.24;
    %store/vec4 v0xa5248dae0_0, 0, 32;
    %jmp T_28.21;
T_28.18 ;
    %jmp T_28.21;
T_28.19 ;
    %pushi/vec4 16, 0, 32;
    %store/vec4 v0xa5248dae0_0, 0, 32;
    %pushi/vec4 1, 0, 1;
    %assign/vec4 v0xa52491040_0, 0;
    %pushi/vec4 1, 0, 1;
    %assign/vec4 v0xa52492620_0, 0;
    %jmp T_28.21;
T_28.20 ;
    %load/vec4 v0xa52491220_0;
    %load/vec4 v0xa52491180_0;
    %inv;
    %and;
    %assign/vec4 v0xa5248ef80_0, 0;
    %load/vec4 v0xa524937a0_0;
    %load/vec4 v0xa52491180_0;
    %and;
    %store/vec4 v0xa524937a0_0, 0, 32;
    %jmp T_28.21;
T_28.21 ;
    %pop/vec4 1;
    %load/vec4 v0xa5248dae0_0;
    %assign/vec4 v0xa52494d20_0, 0;
    %load/vec4 v0xa5248dae0_0;
    %assign/vec4 v0xa52494aa0_0, 0;
    %pushi/vec4 0, 0, 1;
    %assign/vec4 v0xa524921c0_0, 0;
    %pushi/vec4 0, 0, 1;
    %assign/vec4 v0xa52492120_0, 0;
    %pushi/vec4 0, 0, 1;
    %assign/vec4 v0xa52491d60_0, 0;
    %pushi/vec4 0, 0, 1;
    %assign/vec4 v0xa52491fe0_0, 0;
    %pushi/vec4 0, 0, 1;
    %assign/vec4 v0xa52491f40_0, 0;
    %pushi/vec4 0, 0, 1;
    %assign/vec4 v0xa52491ea0_0, 0;
    %load/vec4 v0xa5248e9e0_0;
    %assign/vec4 v0xa52492080_0, 0;
    %load/vec4 v0xa5248d540_0;
    %assign/vec4 v0xa52491e00_0, 0;
    %load/vec4 v0xa5248eda0_0;
    %flag_set/vec4 8;
    %jmp/0xz  T_28.27, 8;
    %load/vec4 v0xa52491040_0;
    %assign/vec4 v0xa524910e0_0, 0;
    %load/vec4 v0xa5248dae0_0;
    %load/vec4 v0xa5248d540_0;
    %flag_set/vec4 8;
    %jmp/0 T_28.29, 8;
    %pushi/vec4 2, 0, 32;
    %jmp/1 T_28.30, 8;
T_28.29 ; End of true expr.
    %pushi/vec4 4, 0, 32;
    %jmp/0 T_28.30, 8;
 ; End of false expr.
    %blend;
T_28.30;
    %add;
    %assign/vec4 v0xa52494aa0_0, 0;
    %load/vec4 v0xa5248d680_0;
    %addi 1, 0, 64;
    %assign/vec4 v0xa5248d680_0, 0;
    %load/vec4 v0xa5248f8e0_0;
    %flag_set/vec4 8;
    %jmp/0xz  T_28.31, 8;
    %pushi/vec4 1, 0, 1;
    %assign/vec4 v0xa52492620_0, 0;
    %load/vec4 v0xa5248dae0_0;
    %load/vec4 v0xa5248e940_0;
    %add;
    %assign/vec4 v0xa52494aa0_0, 0;
    %pushi/vec4 1, 0, 1;
    %assign/vec4 v0xa52491d60_0, 0;
    %jmp T_28.32;
T_28.31 ;
    %pushi/vec4 0, 0, 1;
    %assign/vec4 v0xa52492620_0, 0;
    %load/vec4 v0xa5248f980_0;
    %nor/r;
    %flag_set/vec4 8;
    %flag_get/vec4 8;
    %jmp/0 T_28.33, 8;
    %load/vec4 v0xa52490280_0;
    %nor/r;
    %and;
T_28.33;
    %assign/vec4 v0xa524924e0_0, 0;
    %pushi/vec4 32, 0, 8;
    %assign/vec4 v0xa5248d720_0, 0;
T_28.32 ;
T_28.27 ;
    %jmp T_28.15;
T_28.9 ;
    %pushi/vec4 4294967295, 4294967295, 32;
    %assign/vec4 v0xa52494b40_0, 0;
    %pushi/vec4 4294967295, 4294967295, 32;
    %assign/vec4 v0xa52494be0_0, 0;
    %pushi/vec4 1, 0, 1;
    %dup/vec4;
    %pushi/vec4 1, 0, 1;
    %flag_set/vec4 8;
    %flag_get/vec4 8;
    %jmp/0 T_28.48, 8;
    %load/vec4 v0xa52490d20_0;
    %and;
T_28.48;
    %cmp/u;
    %jmp/1 T_28.34, 6;
    %dup/vec4;
    %pushi/vec4 1, 0, 1;
    %flag_set/vec4 8;
    %flag_get/vec4 8;
    %jmp/0 T_28.49, 8;
    %load/vec4 v0xa52491900_0;
    %and;
T_28.49;
    %cmp/u;
    %jmp/1 T_28.35, 6;
    %dup/vec4;
    %load/vec4 v0xa524917c0_0;
    %cmp/u;
    %jmp/1 T_28.36, 6;
    %dup/vec4;
    %pushi/vec4 0, 0, 1;
    %cmp/u;
    %jmp/1 T_28.37, 6;
    %dup/vec4;
    %pushi/vec4 0, 0, 1;
    %cmp/u;
    %jmp/1 T_28.38, 6;
    %dup/vec4;
    %pushi/vec4 0, 0, 1;
    %cmp/u;
    %jmp/1 T_28.39, 6;
    %dup/vec4;
    %pushi/vec4 0, 0, 1;
    %cmp/u;
    %jmp/1 T_28.40, 6;
    %dup/vec4;
    %pushi/vec4 0, 0, 1;
    %cmp/u;
    %jmp/1 T_28.41, 6;
    %dup/vec4;
    %load/vec4 v0xa52491680_0;
    %flag_set/vec4 8;
    %flag_get/vec4 8;
    %jmp/0 T_28.50, 8;
    %load/vec4 v0xa52490d20_0;
    %nor/r;
    %and;
T_28.50;
    %cmp/u;
    %jmp/1 T_28.42, 6;
    %dup/vec4;
    %load/vec4 v0xa52491ae0_0;
    %flag_set/vec4 8;
    %flag_get/vec4 8;
    %jmp/0 T_28.51, 8;
    %pushi/vec4 1, 0, 1;
    %and;
T_28.51;
    %cmp/u;
    %jmp/1 T_28.43, 6;
    %dup/vec4;
    %load/vec4 v0xa524915e0_0;
    %cmp/u;
    %jmp/1 T_28.44, 6;
    %dup/vec4;
    %load/vec4 v0xa52491ae0_0;
    %flag_set/vec4 8;
    %flag_get/vec4 8;
    %jmp/0 T_28.52, 8;
    %pushi/vec4 0, 0, 1;
    %and;
T_28.52;
    %cmp/u;
    %jmp/1 T_28.45, 6;
    %load/vec4 v0xa5248d860_0;
    %assign/vec4 v0xa52494b40_0, 0;
    %load/vec4 v0xa5248d860_0;
    %assign/vec4 v0xa5248e580_0, 0;
    %pushi/vec4 1, 0, 1;
    %assign/vec4 v0xa5248e620_0, 0;
    %load/vec4 v0xa5248d900_0;
    %pad/u 5;
    %assign/vec4 v0xa52494dc0_0, 0;
    %load/vec4 v0xa5248d900_0;
    %assign/vec4 v0xa52494be0_0, 0;
    %load/vec4 v0xa5248d900_0;
    %assign/vec4 v0xa5248e6c0_0, 0;
    %pushi/vec4 1, 0, 1;
    %assign/vec4 v0xa5248e760_0, 0;
    %pushi/vec4 1, 0, 1;
    %dup/vec4;
    %load/vec4 v0xa524919a0_0;
    %cmp/u;
    %jmp/1 T_28.53, 6;
    %dup/vec4;
    %load/vec4 v0xa52491a40_0;
    %flag_set/vec4 8;
    %flag_get/vec4 8;
    %jmp/0 T_28.57, 8;
    %pushi/vec4 1, 0, 1;
    %and;
T_28.57;
    %cmp/u;
    %jmp/1 T_28.54, 6;
    %load/vec4 v0xa524924e0_0;
    %assign/vec4 v0xa52492620_0, 0;
    %pushi/vec4 8, 0, 8;
    %assign/vec4 v0xa5248d720_0, 0;
    %jmp T_28.56;
T_28.53 ;
    %pushi/vec4 2, 0, 8;
    %assign/vec4 v0xa5248d720_0, 0;
    %pushi/vec4 1, 0, 1;
    %assign/vec4 v0xa52492620_0, 0;
    %jmp T_28.56;
T_28.54 ;
    %pushi/vec4 4, 0, 8;
    %assign/vec4 v0xa5248d720_0, 0;
    %jmp T_28.56;
T_28.56 ;
    %pop/vec4 1;
    %jmp T_28.47;
T_28.34 ;
    %pushi/vec4 128, 0, 8;
    %assign/vec4 v0xa5248d720_0, 0;
    %jmp T_28.47;
T_28.35 ;
    %pushi/vec4 1, 0, 1;
    %dup/vec4;
    %load/vec4 v0xa52490000_0;
    %cmp/u;
    %jmp/1 T_28.58, 6;
    %dup/vec4;
    %load/vec4 v0xa524900a0_0;
    %flag_set/vec4 8;
    %flag_get/vec4 8;
    %jmp/0 T_28.63, 8;
    %pushi/vec4 1, 0, 1;
    %and;
T_28.63;
    %cmp/u;
    %jmp/1 T_28.59, 6;
    %dup/vec4;
    %load/vec4 v0xa52490140_0;
    %cmp/u;
    %jmp/1 T_28.60, 6;
    %dup/vec4;
    %load/vec4 v0xa524901e0_0;
    %flag_set/vec4 8;
    %flag_get/vec4 8;
    %jmp/0 T_28.64, 8;
    %pushi/vec4 1, 0, 1;
    %and;
T_28.64;
    %cmp/u;
    %jmp/1 T_28.61, 6;
    %jmp T_28.62;
T_28.58 ;
    %load/vec4 v0xa5248d5e0_0;
    %parti/s 32, 0, 2;
    %assign/vec4 v0xa52494c80_0, 0;
    %jmp T_28.62;
T_28.59 ;
    %load/vec4 v0xa5248d5e0_0;
    %parti/s 32, 32, 7;
    %assign/vec4 v0xa52494c80_0, 0;
    %jmp T_28.62;
T_28.60 ;
    %load/vec4 v0xa5248d680_0;
    %parti/s 32, 0, 2;
    %assign/vec4 v0xa52494c80_0, 0;
    %jmp T_28.62;
T_28.61 ;
    %load/vec4 v0xa5248d680_0;
    %parti/s 32, 32, 7;
    %assign/vec4 v0xa52494c80_0, 0;
    %jmp T_28.62;
T_28.62 ;
    %pop/vec4 1;
    %pushi/vec4 1, 0, 1;
    %assign/vec4 v0xa524921c0_0, 0;
    %pushi/vec4 64, 0, 8;
    %assign/vec4 v0xa5248d720_0, 0;
    %jmp T_28.47;
T_28.36 ;
    %load/vec4 v0xa5248fca0_0;
    %flag_set/vec4 8;
    %jmp/0 T_28.65, 8;
    %pushi/vec4 0, 0, 32;
    %jmp/1 T_28.66, 8;
T_28.65 ; End of true expr.
    %load/vec4 v0xa52494d20_0;
    %jmp/0 T_28.66, 8;
 ; End of false expr.
    %blend;
T_28.66;
    %assign/vec4 v0xa52494b40_0, 0;
    %load/vec4 v0xa5248e8a0_0;
    %assign/vec4 v0xa52494be0_0, 0;
    %load/vec4 v0xa524924e0_0;
    %assign/vec4 v0xa52492620_0, 0;
    %pushi/vec4 8, 0, 8;
    %assign/vec4 v0xa5248d720_0, 0;
    %jmp T_28.47;
T_28.37 ;
    %load/vec4 v0xa5248d860_0;
    %assign/vec4 v0xa52494c80_0, 0;
    %load/vec4 v0xa5248d860_0;
    %assign/vec4 v0xa5248e580_0, 0;
    %pushi/vec4 1, 0, 1;
    %assign/vec4 v0xa5248e620_0, 0;
    %pushi/vec4 1, 0, 1;
    %assign/vec4 v0xa524921c0_0, 0;
    %pushi/vec4 64, 0, 8;
    %assign/vec4 v0xa5248d720_0, 0;
    %jmp T_28.47;
T_28.38 ;
    %load/vec4 v0xa5248d860_0;
    %assign/vec4 v0xa52494c80_0, 0;
    %load/vec4 v0xa5248d860_0;
    %assign/vec4 v0xa5248e580_0, 0;
    %pushi/vec4 1, 0, 1;
    %assign/vec4 v0xa5248e620_0, 0;
    %load/vec4 v0xa52492080_0;
    %pad/u 32;
    %pushi/vec4 32, 0, 32;
    %or;
    %pad/u 5;
    %assign/vec4 v0xa52492080_0, 0;
    %pushi/vec4 1, 0, 1;
    %assign/vec4 v0xa524921c0_0, 0;
    %pushi/vec4 64, 0, 8;
    %assign/vec4 v0xa5248d720_0, 0;
    %jmp T_28.47;
T_28.39 ;
    %pushi/vec4 0, 0, 32;
    %assign/vec4 v0xa5248ef80_0, 0;
    %pushi/vec4 0, 0, 1;
    %assign/vec4 v0xa52491040_0, 0;
    %pushi/vec4 1, 0, 1;
    %assign/vec4 v0xa52491d60_0, 0;
    %pushi/vec4 1, 0, 1;
    %assign/vec4 v0xa524921c0_0, 0;
    %load/vec4 v0xa5248d860_0;
    %pushi/vec4 4294967294, 0, 32;
    %and;
    %assign/vec4 v0xa52494c80_0, 0;
    %load/vec4 v0xa5248d860_0;
    %assign/vec4 v0xa5248e580_0, 0;
    %pushi/vec4 1, 0, 1;
    %assign/vec4 v0xa5248e620_0, 0;
    %pushi/vec4 64, 0, 8;
    %assign/vec4 v0xa5248d720_0, 0;
    %jmp T_28.47;
T_28.40 ;
    %pushi/vec4 1, 0, 1;
    %assign/vec4 v0xa524921c0_0, 0;
    %load/vec4 v0xa52491180_0;
    %assign/vec4 v0xa52494c80_0, 0;
    %load/vec4 v0xa5248d860_0;
    %pushi/vec4 0, 0, 32;
    %or;
    %assign/vec4 v0xa52491180_0, 0;
    %load/vec4 v0xa5248d860_0;
    %assign/vec4 v0xa5248e580_0, 0;
    %pushi/vec4 1, 0, 1;
    %assign/vec4 v0xa5248e620_0, 0;
    %pushi/vec4 64, 0, 8;
    %assign/vec4 v0xa5248d720_0, 0;
    %jmp T_28.47;
T_28.41 ;
    %pushi/vec4 1, 0, 1;
    %assign/vec4 v0xa524921c0_0, 0;
    %load/vec4 v0xa524950e0_0;
    %assign/vec4 v0xa52494c80_0, 0;
    %load/vec4 v0xa5248d860_0;
    %assign/vec4 v0xa524950e0_0, 0;
    %load/vec4 v0xa5248d860_0;
    %assign/vec4 v0xa5248e580_0, 0;
    %pushi/vec4 1, 0, 1;
    %assign/vec4 v0xa5248e620_0, 0;
    %pushi/vec4 64, 0, 8;
    %assign/vec4 v0xa5248d720_0, 0;
    %jmp T_28.47;
T_28.42 ;
    %load/vec4 v0xa5248d860_0;
    %assign/vec4 v0xa52494b40_0, 0;
    %load/vec4 v0xa5248d860_0;
    %assign/vec4 v0xa5248e580_0, 0;
    %pushi/vec4 1, 0, 1;
    %assign/vec4 v0xa5248e620_0, 0;
    %pushi/vec4 1, 0, 8;
    %assign/vec4 v0xa5248d720_0, 0;
    %pushi/vec4 1, 0, 1;
    %assign/vec4 v0xa52492620_0, 0;
    %jmp T_28.47;
T_28.43 ;
    %load/vec4 v0xa5248d860_0;
    %assign/vec4 v0xa52494b40_0, 0;
    %load/vec4 v0xa5248d860_0;
    %assign/vec4 v0xa5248e580_0, 0;
    %pushi/vec4 1, 0, 1;
    %assign/vec4 v0xa5248e620_0, 0;
    %load/vec4 v0xa5248ebc0_0;
    %assign/vec4 v0xa52494dc0_0, 0;
    %pushi/vec4 4, 0, 8;
    %assign/vec4 v0xa5248d720_0, 0;
    %jmp T_28.47;
T_28.44 ;
    %load/vec4 v0xa5248d860_0;
    %assign/vec4 v0xa52494b40_0, 0;
    %load/vec4 v0xa5248d860_0;
    %assign/vec4 v0xa5248e580_0, 0;
    %pushi/vec4 1, 0, 1;
    %assign/vec4 v0xa5248e620_0, 0;
    %load/vec4 v0xa52491ae0_0;
    %flag_set/vec4 9;
    %flag_get/vec4 9;
    %jmp/0 T_28.69, 9;
    %pushi/vec4 0, 0, 1;
    %and;
T_28.69;
    %flag_set/vec4 8;
    %jmp/0 T_28.67, 8;
    %load/vec4 v0xa5248ebc0_0;
    %pad/u 32;
    %jmp/1 T_28.68, 8;
T_28.67 ; End of true expr.
    %load/vec4 v0xa5248e8a0_0;
    %jmp/0 T_28.68, 8;
 ; End of false expr.
    %blend;
T_28.68;
    %assign/vec4 v0xa52494be0_0, 0;
    %load/vec4 v0xa524924e0_0;
    %assign/vec4 v0xa52492620_0, 0;
    %pushi/vec4 8, 0, 8;
    %assign/vec4 v0xa5248d720_0, 0;
    %jmp T_28.47;
T_28.45 ;
    %load/vec4 v0xa5248d860_0;
    %assign/vec4 v0xa52494b40_0, 0;
    %load/vec4 v0xa5248d860_0;
    %assign/vec4 v0xa5248e580_0, 0;
    %pushi/vec4 1, 0, 1;
    %assign/vec4 v0xa5248e620_0, 0;
    %load/vec4 v0xa52491ae0_0;
    %flag_set/vec4 9;
    %flag_get/vec4 9;
    %jmp/0 T_28.72, 9;
    %pushi/vec4 0, 0, 1;
    %and;
T_28.72;
    %flag_set/vec4 8;
    %jmp/0 T_28.70, 8;
    %load/vec4 v0xa5248ebc0_0;
    %pad/u 32;
    %jmp/1 T_28.71, 8;
T_28.70 ; End of true expr.
    %load/vec4 v0xa5248e8a0_0;
    %jmp/0 T_28.71, 8;
 ; End of false expr.
    %blend;
T_28.71;
    %assign/vec4 v0xa52494be0_0, 0;
    %load/vec4 v0xa524924e0_0;
    %assign/vec4 v0xa52492620_0, 0;
    %pushi/vec4 8, 0, 8;
    %assign/vec4 v0xa5248d720_0, 0;
    %jmp T_28.47;
T_28.47 ;
    %pop/vec4 1;
    %jmp T_28.15;
T_28.10 ;
    %load/vec4 v0xa5248d900_0;
    %pad/u 5;
    %assign/vec4 v0xa52494dc0_0, 0;
    %load/vec4 v0xa5248d900_0;
    %assign/vec4 v0xa52494be0_0, 0;
    %load/vec4 v0xa5248d900_0;
    %assign/vec4 v0xa5248e6c0_0, 0;
    %pushi/vec4 1, 0, 1;
    %assign/vec4 v0xa5248e760_0, 0;
    %pushi/vec4 1, 0, 1;
    %dup/vec4;
    %pushi/vec4 0, 0, 1;
    %cmp/u;
    %jmp/1 T_28.73, 6;
    %dup/vec4;
    %load/vec4 v0xa524919a0_0;
    %cmp/u;
    %jmp/1 T_28.74, 6;
    %dup/vec4;
    %load/vec4 v0xa52491a40_0;
    %flag_set/vec4 8;
    %flag_get/vec4 8;
    %jmp/0 T_28.78, 8;
    %pushi/vec4 1, 0, 1;
    %and;
T_28.78;
    %cmp/u;
    %jmp/1 T_28.75, 6;
    %load/vec4 v0xa524924e0_0;
    %assign/vec4 v0xa52492620_0, 0;
    %pushi/vec4 8, 0, 8;
    %assign/vec4 v0xa5248d720_0, 0;
    %jmp T_28.77;
T_28.73 ;
    %pushi/vec4 1, 0, 1;
    %assign/vec4 v0xa52494460_0, 0;
    %load/vec4 v0xa52493ca0_0;
    %flag_set/vec4 8;
    %jmp/0xz  T_28.79, 8;
    %pushi/vec4 1, 0, 1;
    %assign/vec4 v0xa52492620_0, 0;
    %pushi/vec4 0, 0, 1;
    %assign/vec4 v0xa52494460_0, 0;
    %load/vec4 v0xa52493c00_0;
    %assign/vec4 v0xa52494c80_0, 0;
    %load/vec4 v0xa52493de0_0;
    %assign/vec4 v0xa524921c0_0, 0;
    %pushi/vec4 64, 0, 8;
    %assign/vec4 v0xa5248d720_0, 0;
    %jmp T_28.80;
T_28.79 ;
    %pushi/vec4 1, 0, 1;
    %flag_set/vec4 9;
    %flag_get/vec4 9;
    %jmp/0 T_28.83, 9;
    %load/vec4 v0xa524943c0_0;
    %flag_set/vec4 9;
    %flag_get/vec4 9;
    %jmp/1 T_28.84, 9;
    %load/vec4 v0xa5248f700_0;
    %or;
T_28.84;
    %and;
T_28.83;
    %flag_set/vec4 8;
    %jmp/0xz  T_28.81, 8;
    %pushi/vec4 0, 0, 1;
    %assign/vec4 v0xa52494460_0, 0;
    %pushi/vec4 128, 0, 8;
    %assign/vec4 v0xa5248d720_0, 0;
T_28.81 ;
T_28.80 ;
    %jmp T_28.77;
T_28.74 ;
    %pushi/vec4 2, 0, 8;
    %assign/vec4 v0xa5248d720_0, 0;
    %pushi/vec4 1, 0, 1;
    %assign/vec4 v0xa52492620_0, 0;
    %jmp T_28.77;
T_28.75 ;
    %pushi/vec4 4, 0, 8;
    %assign/vec4 v0xa5248d720_0, 0;
    %jmp T_28.77;
T_28.77 ;
    %pop/vec4 1;
    %jmp T_28.15;
T_28.11 ;
    %load/vec4 v0xa52494d20_0;
    %load/vec4 v0xa5248e8a0_0;
    %add;
    %assign/vec4 v0xa52494c80_0, 0;
    %load/vec4 v0xa524914a0_0;
    %flag_set/vec4 8;
    %jmp/0xz  T_28.85, 8;
    %pushi/vec4 0, 0, 5;
    %assign/vec4 v0xa52492080_0, 0;
    %load/vec4 v0xa5248cb40_0;
    %assign/vec4 v0xa524921c0_0, 0;
    %load/vec4 v0xa5248cb40_0;
    %assign/vec4 v0xa52491d60_0, 0;
    %load/vec4 v0xa52492760_0;
    %flag_set/vec4 8;
    %jmp/0xz  T_28.87, 8;
    %pushi/vec4 64, 0, 8;
    %assign/vec4 v0xa5248d720_0, 0;
T_28.87 ;
    %load/vec4 v0xa5248cb40_0;
    %flag_set/vec4 8;
    %jmp/0xz  T_28.89, 8;
    %pushi/vec4 0, 0, 1;
    %assign/vec4 v0xa5248eda0_0, 0;
    %pushi/vec4 1, 0, 1;
    %store/vec4 v0xa52494fa0_0, 0, 1;
T_28.89 ;
    %jmp T_28.86;
T_28.85 ;
    %load/vec4 v0xa5248f980_0;
    %assign/vec4 v0xa52491d60_0, 0;
    %pushi/vec4 1, 0, 1;
    %assign/vec4 v0xa524921c0_0, 0;
    %pushi/vec4 1, 0, 1;
    %assign/vec4 v0xa52492120_0, 0;
    %pushi/vec4 64, 0, 8;
    %assign/vec4 v0xa5248d720_0, 0;
T_28.86 ;
    %jmp T_28.15;
T_28.12 ;
    %pushi/vec4 1, 0, 1;
    %assign/vec4 v0xa524921c0_0, 0;
    %load/vec4 v0xa52494dc0_0;
    %pad/u 32;
    %cmpi/e 0, 0, 32;
    %jmp/0xz  T_28.91, 4;
    %load/vec4 v0xa52494b40_0;
    %assign/vec4 v0xa52494c80_0, 0;
    %load/vec4 v0xa524924e0_0;
    %assign/vec4 v0xa52492620_0, 0;
    %pushi/vec4 64, 0, 8;
    %assign/vec4 v0xa5248d720_0, 0;
    %jmp T_28.92;
T_28.91 ;
    %pushi/vec4 1, 0, 1;
    %flag_set/vec4 9;
    %flag_get/vec4 9;
    %jmp/0 T_28.95, 9;
    %pushi/vec4 4, 0, 32;
    %load/vec4 v0xa52494dc0_0;
    %pad/u 32;
    %cmp/u;
    %flag_get/vec4 4;
    %flag_get/vec4 5;
    %or;
    %and;
T_28.95;
    %flag_set/vec4 8;
    %jmp/0xz  T_28.93, 8;
    %pushi/vec4 1, 0, 1;
    %dup/vec4;
    %load/vec4 v0xa524905a0_0;
    %flag_set/vec4 8;
    %flag_get/vec4 8;
    %jmp/1 T_28.100, 8;
    %load/vec4 v0xa52490500_0;
    %or;
T_28.100;
    %cmp/u;
    %jmp/1 T_28.96, 6;
    %dup/vec4;
    %load/vec4 v0xa52490aa0_0;
    %flag_set/vec4 8;
    %flag_get/vec4 8;
    %jmp/1 T_28.101, 8;
    %load/vec4 v0xa52490a00_0;
    %or;
T_28.101;
    %cmp/u;
    %jmp/1 T_28.97, 6;
    %dup/vec4;
    %load/vec4 v0xa52490960_0;
    %flag_set/vec4 8;
    %flag_get/vec4 8;
    %jmp/1 T_28.102, 8;
    %load/vec4 v0xa524908c0_0;
    %or;
T_28.102;
    %cmp/u;
    %jmp/1 T_28.98, 6;
    %jmp T_28.99;
T_28.96 ;
    %load/vec4 v0xa52494b40_0;
    %ix/load 4, 4, 0;
    %flag_set/imm 4, 0;
    %shiftl 4;
    %assign/vec4 v0xa52494b40_0, 0;
    %jmp T_28.99;
T_28.97 ;
    %load/vec4 v0xa52494b40_0;
    %ix/load 4, 4, 0;
    %flag_set/imm 4, 0;
    %shiftr 4;
    %assign/vec4 v0xa52494b40_0, 0;
    %jmp T_28.99;
T_28.98 ;
    %load/vec4 v0xa52494b40_0;
    %ix/load 4, 4, 0;
    %flag_set/imm 4, 0;
    %shiftr/s 4;
    %assign/vec4 v0xa52494b40_0, 0;
    %jmp T_28.99;
T_28.99 ;
    %pop/vec4 1;
    %load/vec4 v0xa52494dc0_0;
    %subi 4, 0, 5;
    %assign/vec4 v0xa52494dc0_0, 0;
    %jmp T_28.94;
T_28.93 ;
    %pushi/vec4 1, 0, 1;
    %dup/vec4;
    %load/vec4 v0xa524905a0_0;
    %flag_set/vec4 8;
    %flag_get/vec4 8;
    %jmp/1 T_28.107, 8;
    %load/vec4 v0xa52490500_0;
    %or;
T_28.107;
    %cmp/u;
    %jmp/1 T_28.103, 6;
    %dup/vec4;
    %load/vec4 v0xa52490aa0_0;
    %flag_set/vec4 8;
    %flag_get/vec4 8;
    %jmp/1 T_28.108, 8;
    %load/vec4 v0xa52490a00_0;
    %or;
T_28.108;
    %cmp/u;
    %jmp/1 T_28.104, 6;
    %dup/vec4;
    %load/vec4 v0xa52490960_0;
    %flag_set/vec4 8;
    %flag_get/vec4 8;
    %jmp/1 T_28.109, 8;
    %load/vec4 v0xa524908c0_0;
    %or;
T_28.109;
    %cmp/u;
    %jmp/1 T_28.105, 6;
    %jmp T_28.106;
T_28.103 ;
    %load/vec4 v0xa52494b40_0;
    %ix/load 4, 1, 0;
    %flag_set/imm 4, 0;
    %shiftl 4;
    %assign/vec4 v0xa52494b40_0, 0;
    %jmp T_28.106;
T_28.104 ;
    %load/vec4 v0xa52494b40_0;
    %ix/load 4, 1, 0;
    %flag_set/imm 4, 0;
    %shiftr 4;
    %assign/vec4 v0xa52494b40_0, 0;
    %jmp T_28.106;
T_28.105 ;
    %load/vec4 v0xa52494b40_0;
    %ix/load 4, 1, 0;
    %flag_set/imm 4, 0;
    %shiftr/s 4;
    %assign/vec4 v0xa52494b40_0, 0;
    %jmp T_28.106;
T_28.106 ;
    %pop/vec4 1;
    %load/vec4 v0xa52494dc0_0;
    %subi 1, 0, 5;
    %assign/vec4 v0xa52494dc0_0, 0;
T_28.94 ;
T_28.92 ;
    %jmp T_28.15;
T_28.13 ;
    %load/vec4 v0xa524924e0_0;
    %nor/r;
    %flag_set/vec4 8;
    %jmp/1 T_28.112, 8;
    %load/vec4 v0xa52492760_0;
    %flag_set/vec4 9;
    %flag_or 8, 9;
T_28.112;
    %jmp/0xz  T_28.110, 8;
    %load/vec4 v0xa524926c0_0;
    %nor/r;
    %flag_set/vec4 8;
    %jmp/0xz  T_28.113, 8;
    %pushi/vec4 1, 0, 1;
    %dup/vec4;
    %load/vec4 v0xa52490320_0;
    %cmp/u;
    %jmp/1 T_28.115, 6;
    %dup/vec4;
    %load/vec4 v0xa52490460_0;
    %cmp/u;
    %jmp/1 T_28.116, 6;
    %dup/vec4;
    %load/vec4 v0xa52490be0_0;
    %cmp/u;
    %jmp/1 T_28.117, 6;
    %jmp T_28.118;
T_28.115 ;
    %pushi/vec4 2, 0, 2;
    %assign/vec4 v0xa52493480_0, 0;
    %jmp T_28.118;
T_28.116 ;
    %pushi/vec4 1, 0, 2;
    %assign/vec4 v0xa52493480_0, 0;
    %jmp T_28.118;
T_28.117 ;
    %pushi/vec4 0, 0, 2;
    %assign/vec4 v0xa52493480_0, 0;
    %jmp T_28.118;
T_28.118 ;
    %pop/vec4 1;
    %load/vec4 v0xa52494b40_0;
    %load/vec4 v0xa5248e8a0_0;
    %add;
    %assign/vec4 v0xa52494b40_0, 0;
    %pushi/vec4 1, 0, 1;
    %store/vec4 v0xa52495040_0, 0, 1;
T_28.113 ;
    %load/vec4 v0xa524924e0_0;
    %nor/r;
    %flag_set/vec4 9;
    %flag_get/vec4 9;
    %jmp/0 T_28.121, 9;
    %load/vec4 v0xa52492760_0;
    %and;
T_28.121;
    %flag_set/vec4 8;
    %jmp/0xz  T_28.119, 8;
    %pushi/vec4 64, 0, 8;
    %assign/vec4 v0xa5248d720_0, 0;
    %pushi/vec4 1, 0, 1;
    %assign/vec4 v0xa5248eda0_0, 0;
    %pushi/vec4 1, 0, 1;
    %assign/vec4 v0xa5248ec60_0, 0;
T_28.119 ;
T_28.110 ;
    %jmp T_28.15;
T_28.14 ;
    %pushi/vec4 1, 0, 1;
    %assign/vec4 v0xa524921c0_0, 0;
    %load/vec4 v0xa524924e0_0;
    %nor/r;
    %flag_set/vec4 8;
    %jmp/1 T_28.124, 8;
    %load/vec4 v0xa52492760_0;
    %flag_set/vec4 9;
    %flag_or 8, 9;
T_28.124;
    %jmp/0xz  T_28.122, 8;
    %load/vec4 v0xa52492580_0;
    %nor/r;
    %flag_set/vec4 8;
    %jmp/0xz  T_28.125, 8;
    %pushi/vec4 1, 0, 1;
    %dup/vec4;
    %load/vec4 v0xa5248fa20_0;
    %flag_set/vec4 8;
    %flag_get/vec4 8;
    %jmp/1 T_28.131, 8;
    %load/vec4 v0xa5248fac0_0;
    %or;
T_28.131;
    %cmp/u;
    %jmp/1 T_28.127, 6;
    %dup/vec4;
    %load/vec4 v0xa5248fb60_0;
    %flag_set/vec4 8;
    %flag_get/vec4 8;
    %jmp/1 T_28.132, 8;
    %load/vec4 v0xa5248fc00_0;
    %or;
T_28.132;
    %cmp/u;
    %jmp/1 T_28.128, 6;
    %dup/vec4;
    %load/vec4 v0xa5248fd40_0;
    %cmp/u;
    %jmp/1 T_28.129, 6;
    %jmp T_28.130;
T_28.127 ;
    %pushi/vec4 2, 0, 2;
    %assign/vec4 v0xa52493480_0, 0;
    %jmp T_28.130;
T_28.128 ;
    %pushi/vec4 1, 0, 2;
    %assign/vec4 v0xa52493480_0, 0;
    %jmp T_28.130;
T_28.129 ;
    %pushi/vec4 0, 0, 2;
    %assign/vec4 v0xa52493480_0, 0;
    %jmp T_28.130;
T_28.130 ;
    %pop/vec4 1;
    %load/vec4 v0xa52491720_0;
    %assign/vec4 v0xa52491fe0_0, 0;
    %load/vec4 v0xa5248fb60_0;
    %assign/vec4 v0xa52491f40_0, 0;
    %load/vec4 v0xa5248fa20_0;
    %assign/vec4 v0xa52491ea0_0, 0;
    %load/vec4 v0xa52494b40_0;
    %load/vec4 v0xa5248e8a0_0;
    %add;
    %assign/vec4 v0xa52494b40_0, 0;
    %pushi/vec4 1, 0, 1;
    %store/vec4 v0xa52494f00_0, 0, 1;
T_28.125 ;
    %load/vec4 v0xa524924e0_0;
    %nor/r;
    %flag_set/vec4 9;
    %flag_get/vec4 9;
    %jmp/0 T_28.135, 9;
    %load/vec4 v0xa52492760_0;
    %and;
T_28.135;
    %flag_set/vec4 8;
    %jmp/0xz  T_28.133, 8;
    %pushi/vec4 1, 0, 1;
    %dup/vec4;
    %load/vec4 v0xa52491fe0_0;
    %cmp/u;
    %jmp/1 T_28.136, 6;
    %dup/vec4;
    %load/vec4 v0xa52491f40_0;
    %cmp/u;
    %jmp/1 T_28.137, 6;
    %dup/vec4;
    %load/vec4 v0xa52491ea0_0;
    %cmp/u;
    %jmp/1 T_28.138, 6;
    %jmp T_28.139;
T_28.136 ;
    %load/vec4 v0xa52493160_0;
    %assign/vec4 v0xa52494c80_0, 0;
    %jmp T_28.139;
T_28.137 ;
    %load/vec4 v0xa52493160_0;
    %parti/s 16, 0, 2;
    %pad/s 32;
    %assign/vec4 v0xa52494c80_0, 0;
    %jmp T_28.139;
T_28.138 ;
    %load/vec4 v0xa52493160_0;
    %parti/s 8, 0, 2;
    %pad/s 32;
    %assign/vec4 v0xa52494c80_0, 0;
    %jmp T_28.139;
T_28.139 ;
    %pop/vec4 1;
    %pushi/vec4 1, 0, 1;
    %assign/vec4 v0xa5248eda0_0, 0;
    %pushi/vec4 1, 0, 1;
    %assign/vec4 v0xa5248ec60_0, 0;
    %pushi/vec4 64, 0, 8;
    %assign/vec4 v0xa5248d720_0, 0;
T_28.133 ;
T_28.122 ;
    %jmp T_28.15;
T_28.15 ;
    %pop/vec4 1;
T_28.6 ;
    %pushi/vec4 1, 0, 1;
    %flag_set/vec4 10;
    %flag_get/vec4 10;
    %jmp/0 T_28.143, 10;
    %load/vec4 v0xa52494e60_0;
    %and;
T_28.143;
    %flag_set/vec4 9;
    %flag_get/vec4 9;
    %jmp/0 T_28.142, 9;
    %load/vec4 v0xa52492580_0;
    %flag_set/vec4 9;
    %flag_get/vec4 9;
    %jmp/1 T_28.144, 9;
    %load/vec4 v0xa524926c0_0;
    %or;
T_28.144;
    %and;
T_28.142;
    %flag_set/vec4 8;
    %jmp/0xz  T_28.140, 8;
    %load/vec4 v0xa52493480_0;
    %pad/u 32;
    %cmpi/e 0, 0, 32;
    %flag_get/vec4 4;
    %jmp/0 T_28.147, 4;
    %load/vec4 v0xa52494b40_0;
    %parti/s 2, 0, 2;
    %pad/u 32;
    %pushi/vec4 0, 0, 32;
    %cmp/ne;
    %flag_get/vec4 4;
    %and;
T_28.147;
    %flag_set/vec4 8;
    %jmp/0xz  T_28.145, 8;
    %pushi/vec4 128, 0, 8;
    %assign/vec4 v0xa5248d720_0, 0;
T_28.145 ;
    %load/vec4 v0xa52493480_0;
    %pad/u 32;
    %cmpi/e 1, 0, 32;
    %flag_get/vec4 4;
    %jmp/0 T_28.150, 4;
    %load/vec4 v0xa52494b40_0;
    %parti/s 1, 0, 2;
    %pad/u 32;
    %pushi/vec4 0, 0, 32;
    %cmp/ne;
    %flag_get/vec4 4;
    %and;
T_28.150;
    %flag_set/vec4 8;
    %jmp/0xz  T_28.148, 8;
    %pushi/vec4 128, 0, 8;
    %assign/vec4 v0xa5248d720_0, 0;
T_28.148 ;
T_28.140 ;
    %pushi/vec4 1, 0, 1;
    %flag_set/vec4 11;
    %flag_get/vec4 11;
    %jmp/0 T_28.155, 11;
    %load/vec4 v0xa52494e60_0;
    %and;
T_28.155;
    %flag_set/vec4 10;
    %flag_get/vec4 10;
    %jmp/0 T_28.154, 10;
    %load/vec4 v0xa52492620_0;
    %and;
T_28.154;
    %flag_set/vec4 9;
    %flag_get/vec4 9;
    %jmp/0 T_28.153, 9;
    %load/vec4 v0xa52494d20_0;
    %parti/s 2, 0, 2;
    %or/r;
    %and;
T_28.153;
    %flag_set/vec4 8;
    %jmp/0xz  T_28.151, 8;
    %pushi/vec4 128, 0, 8;
    %assign/vec4 v0xa5248d720_0, 0;
T_28.151 ;
    %load/vec4 v0xa52494e60_0;
    %nor/r;
    %flag_set/vec4 8;
    %jmp/1 T_28.158, 8;
    %load/vec4 v0xa52492760_0;
    %flag_set/vec4 9;
    %flag_or 8, 9;
T_28.158;
    %jmp/0xz  T_28.156, 8;
    %pushi/vec4 0, 0, 1;
    %assign/vec4 v0xa524924e0_0, 0;
    %pushi/vec4 0, 0, 1;
    %assign/vec4 v0xa52492620_0, 0;
    %pushi/vec4 0, 0, 1;
    %assign/vec4 v0xa52492580_0, 0;
    %pushi/vec4 0, 0, 1;
    %assign/vec4 v0xa524926c0_0, 0;
T_28.156 ;
    %load/vec4 v0xa52494fa0_0;
    %flag_set/vec4 8;
    %jmp/0xz  T_28.159, 8;
    %pushi/vec4 1, 0, 1;
    %assign/vec4 v0xa52492620_0, 0;
T_28.159 ;
    %load/vec4 v0xa52494f00_0;
    %flag_set/vec4 8;
    %jmp/0xz  T_28.161, 8;
    %pushi/vec4 1, 0, 1;
    %assign/vec4 v0xa52492580_0, 0;
T_28.161 ;
    %load/vec4 v0xa52495040_0;
    %flag_set/vec4 8;
    %jmp/0xz  T_28.163, 8;
    %pushi/vec4 1, 0, 1;
    %assign/vec4 v0xa524926c0_0, 0;
T_28.163 ;
    %load/vec4 v0xa524937a0_0;
    %pushi/vec4 4294967295, 0, 32;
    %and;
    %assign/vec4 v0xa52491220_0, 0;
    %pushi/vec4 4294967295, 4294967295, 32;
    %store/vec4 v0xa5248dae0_0, 0, 32;
    %jmp T_28;
    .thread T_28;
    .scope S_0x101345c30;
T_29 ;
    %wait E_0xa52478780;
    %load/vec4 v0xa52497700_0;
    %flag_set/vec4 8;
    %jmp/0xz  T_29.0, 8;
    %load/vec4 v0xa52497660_0;
    %load/vec4 v0xa524975c0_0;
    %parti/s 5, 0, 2;
    %inv;
    %pad/u 7;
    %ix/vec4 3;
    %ix/load 4, 0, 0; Constant delay
    %assign/vec4/a/d v0xa52497520, 0, 4;
T_29.0 ;
    %jmp T_29;
    .thread T_29;
    .scope S_0xa52958f00;
T_30 ;
    %wait E_0xa52478a80;
    %load/vec4 v0xa524a19a0_0;
    %flag_set/vec4 8;
    %jmp/0 T_30.0, 8;
    %load/vec4 v0xa524a99a0_0;
    %load/vec4 v0xa524a9a40_0;
    %sub;
    %jmp/1 T_30.1, 8;
T_30.0 ; End of true expr.
    %load/vec4 v0xa524a99a0_0;
    %load/vec4 v0xa524a9a40_0;
    %add;
    %jmp/0 T_30.1, 8;
 ; End of false expr.
    %blend;
T_30.1;
    %store/vec4 v0xa5249d680_0, 0, 32;
    %load/vec4 v0xa524a99a0_0;
    %load/vec4 v0xa524a9a40_0;
    %cmp/e;
    %flag_get/vec4 4;
    %store/vec4 v0xa5249d720_0, 0, 1;
    %load/vec4 v0xa524a99a0_0;
    %load/vec4 v0xa524a9a40_0;
    %cmp/s;
    %flag_get/vec4 5;
    %store/vec4 v0xa5249d7c0_0, 0, 1;
    %load/vec4 v0xa524a99a0_0;
    %load/vec4 v0xa524a9a40_0;
    %cmp/u;
    %flag_get/vec4 5;
    %store/vec4 v0xa5249d860_0, 0, 1;
    %load/vec4 v0xa524a99a0_0;
    %load/vec4 v0xa524a9a40_0;
    %parti/s 5, 0, 2;
    %ix/vec4 4;
    %shiftl 4;
    %store/vec4 v0xa5249db80_0, 0, 32;
    %load/vec4 v0xa524a1720_0;
    %flag_set/vec4 8;
    %jmp/1 T_30.4, 8;
    %load/vec4 v0xa524a17c0_0;
    %flag_set/vec4 9;
    %flag_or 8, 9;
T_30.4;
    %jmp/0 T_30.2, 8;
    %load/vec4 v0xa524a99a0_0;
    %parti/s 1, 31, 6;
    %jmp/1 T_30.3, 8;
T_30.2 ; End of true expr.
    %pushi/vec4 0, 0, 1;
    %jmp/0 T_30.3, 8;
 ; End of false expr.
    %blend;
T_30.3;
    %load/vec4 v0xa524a99a0_0;
    %concat/vec4; draw_concat_vec4
    %load/vec4 v0xa524a9a40_0;
    %parti/s 5, 0, 2;
    %ix/vec4 4;
    %shiftr/s 4;
    %pad/s 32;
    %store/vec4 v0xa5249dc20_0, 0, 32;
    %jmp T_30;
    .thread T_30, $push;
    .scope S_0xa52958900;
T_31 ;
    %end;
    .thread T_31;
    .scope S_0xa52958900;
T_32 ;
    %wait E_0xa52478a40;
    %pushi/vec4 0, 0, 1;
    %store/vec4 v0xa524a8c80_0, 0, 1;
    %pushi/vec4 4294967295, 4294967295, 32;
    %store/vec4 v0xa524a8aa0_0, 0, 32;
    %pushi/vec4 0, 0, 1;
    %store/vec4 v0xa524a8be0_0, 0, 1;
    %pushi/vec4 0, 0, 1;
    %store/vec4 v0xa524a8b40_0, 0, 1;
    %pushi/vec4 1, 0, 1;
    %dup/vec4;
    %pushi/vec4 0, 0, 1;
    %cmp/u;
    %jmp/1 T_32.0, 6;
    %dup/vec4;
    %pushi/vec4 0, 0, 1;
    %cmp/u;
    %jmp/1 T_32.1, 6;
    %dup/vec4;
    %pushi/vec4 0, 0, 1;
    %cmp/u;
    %jmp/1 T_32.2, 6;
    %jmp T_32.3;
T_32.0 ;
    %pushi/vec4 0, 0, 1;
    %store/vec4 v0xa524a8c80_0, 0, 1;
    %pushi/vec4 0, 0, 32;
    %store/vec4 v0xa524a8aa0_0, 0, 32;
    %jmp T_32.3;
T_32.1 ;
    %load/vec4 v0xa524a8f00_0;
    %store/vec4 v0xa524a8c80_0, 0, 1;
    %load/vec4 v0xa524a8d20_0;
    %store/vec4 v0xa524a8aa0_0, 0, 32;
    %jmp T_32.3;
T_32.2 ;
    %load/vec4 v0xa524a8960_0;
    %store/vec4 v0xa524a8c80_0, 0, 1;
    %load/vec4 v0xa524a8780_0;
    %store/vec4 v0xa524a8aa0_0, 0, 32;
    %jmp T_32.3;
T_32.3 ;
    %pop/vec4 1;
    %jmp T_32;
    .thread T_32, $push;
    .scope S_0xa52958900;
T_33 ;
    %wait E_0xa52478800;
    %load/vec4 v0xa524a9cc0_0;
    %nor/r;
    %flag_set/vec4 8;
    %jmp/0xz  T_33.0, 8;
    %pushi/vec4 0, 0, 1;
    %assign/vec4 v0xa524a3840_0, 0;
    %pushi/vec4 0, 0, 1;
    %assign/vec4 v0xa524a2b20_0, 0;
    %jmp T_33.1;
T_33.0 ;
    %load/vec4 v0xa524a2b20_0;
    %nor/r;
    %flag_set/vec4 8;
    %jmp/0xz  T_33.2, 8;
    %load/vec4 v0xa524a37a0_0;
    %assign/vec4 v0xa524a3840_0, 0;
T_33.2 ;
    %load/vec4 v0xa524a81e0_0;
    %flag_set/vec4 8;
    %flag_get/vec4 8;
    %jmp/0 T_33.4, 8;
    %load/vec4 v0xa524a80a0_0;
    %nor/r;
    %and;
T_33.4;
    %assign/vec4 v0xa524a2b20_0, 0;
T_33.1 ;
    %jmp T_33;
    .thread T_33;
    .scope S_0xa52958900;
T_34 ;
    %wait E_0xa52478a00;
    %load/vec4 v0xa524a8320_0;
    %dup/vec4;
    %pushi/vec4 0, 0, 2;
    %cmp/u;
    %jmp/1 T_34.0, 6;
    %dup/vec4;
    %pushi/vec4 1, 0, 2;
    %cmp/u;
    %jmp/1 T_34.1, 6;
    %dup/vec4;
    %pushi/vec4 2, 0, 2;
    %cmp/u;
    %jmp/1 T_34.2, 6;
    %jmp T_34.3;
T_34.0 ;
    %load/vec4 v0xa524a9a40_0;
    %store/vec4 v0xa524a3b60_0, 0, 32;
    %pushi/vec4 15, 0, 4;
    %store/vec4 v0xa524a3ca0_0, 0, 4;
    %load/vec4 v0xa524a3d40_0;
    %store/vec4 v0xa524a8000_0, 0, 32;
    %jmp T_34.3;
T_34.1 ;
    %load/vec4 v0xa524a9a40_0;
    %parti/s 16, 0, 2;
    %replicate 2;
    %store/vec4 v0xa524a3b60_0, 0, 32;
    %load/vec4 v0xa524a99a0_0;
    %parti/s 1, 1, 2;
    %flag_set/vec4 8;
    %jmp/0 T_34.4, 8;
    %pushi/vec4 12, 0, 4;
    %jmp/1 T_34.5, 8;
T_34.4 ; End of true expr.
    %pushi/vec4 3, 0, 4;
    %jmp/0 T_34.5, 8;
 ; End of false expr.
    %blend;
T_34.5;
    %store/vec4 v0xa524a3ca0_0, 0, 4;
    %load/vec4 v0xa524a99a0_0;
    %parti/s 1, 1, 2;
    %dup/vec4;
    %pushi/vec4 0, 0, 1;
    %cmp/u;
    %jmp/1 T_34.6, 6;
    %dup/vec4;
    %pushi/vec4 1, 0, 1;
    %cmp/u;
    %jmp/1 T_34.7, 6;
    %jmp T_34.8;
T_34.6 ;
    %pushi/vec4 0, 0, 16;
    %load/vec4 v0xa524a3d40_0;
    %parti/s 16, 0, 2;
    %concat/vec4; draw_concat_vec4
    %store/vec4 v0xa524a8000_0, 0, 32;
    %jmp T_34.8;
T_34.7 ;
    %pushi/vec4 0, 0, 16;
    %load/vec4 v0xa524a3d40_0;
    %parti/s 16, 16, 6;
    %concat/vec4; draw_concat_vec4
    %store/vec4 v0xa524a8000_0, 0, 32;
    %jmp T_34.8;
T_34.8 ;
    %pop/vec4 1;
    %jmp T_34.3;
T_34.2 ;
    %load/vec4 v0xa524a9a40_0;
    %parti/s 8, 0, 2;
    %replicate 4;
    %store/vec4 v0xa524a3b60_0, 0, 32;
    %pushi/vec4 1, 0, 4;
    %load/vec4 v0xa524a99a0_0;
    %parti/s 2, 0, 2;
    %ix/vec4 4;
    %shiftl 4;
    %store/vec4 v0xa524a3ca0_0, 0, 4;
    %load/vec4 v0xa524a99a0_0;
    %parti/s 2, 0, 2;
    %dup/vec4;
    %pushi/vec4 0, 0, 2;
    %cmp/u;
    %jmp/1 T_34.9, 6;
    %dup/vec4;
    %pushi/vec4 1, 0, 2;
    %cmp/u;
    %jmp/1 T_34.10, 6;
    %dup/vec4;
    %pushi/vec4 2, 0, 2;
    %cmp/u;
    %jmp/1 T_34.11, 6;
    %dup/vec4;
    %pushi/vec4 3, 0, 2;
    %cmp/u;
    %jmp/1 T_34.12, 6;
    %jmp T_34.13;
T_34.9 ;
    %pushi/vec4 0, 0, 24;
    %load/vec4 v0xa524a3d40_0;
    %parti/s 8, 0, 2;
    %concat/vec4; draw_concat_vec4
    %store/vec4 v0xa524a8000_0, 0, 32;
    %jmp T_34.13;
T_34.10 ;
    %pushi/vec4 0, 0, 24;
    %load/vec4 v0xa524a3d40_0;
    %parti/s 8, 8, 5;
    %concat/vec4; draw_concat_vec4
    %store/vec4 v0xa524a8000_0, 0, 32;
    %jmp T_34.13;
T_34.11 ;
    %pushi/vec4 0, 0, 24;
    %load/vec4 v0xa524a3d40_0;
    %parti/s 8, 16, 6;
    %concat/vec4; draw_concat_vec4
    %store/vec4 v0xa524a8000_0, 0, 32;
    %jmp T_34.13;
T_34.12 ;
    %pushi/vec4 0, 0, 24;
    %load/vec4 v0xa524a3d40_0;
    %parti/s 8, 24, 6;
    %concat/vec4; draw_concat_vec4
    %store/vec4 v0xa524a8000_0, 0, 32;
    %jmp T_34.13;
T_34.13 ;
    %pop/vec4 1;
    %jmp T_34.3;
T_34.3 ;
    %pop/vec4 1;
    %jmp T_34;
    .thread T_34, $push;
    .scope S_0xa52958900;
T_35 ;
    %wait E_0xa52478800;
    %load/vec4 v0xa524a8460_0;
    %flag_set/vec4 8;
    %jmp/0xz  T_35.0, 8;
    %load/vec4 v0xa524a3d40_0;
    %assign/vec4 v0xa524a3f20_0, 0;
    %load/vec4 v0xa524a3d40_0;
    %assign/vec4 v0xa524a85a0_0, 0;
T_35.0 ;
    %jmp T_35;
    .thread T_35;
    .scope S_0xa52958900;
T_36 ;
    %wait E_0xa52478800;
    %load/vec4 v0xa524a9cc0_0;
    %flag_set/vec4 9;
    %flag_get/vec4 9;
    %jmp/0 T_36.2, 9;
    %load/vec4 v0xa524aa120_0;
    %nor/r;
    %and;
T_36.2;
    %flag_set/vec4 8;
    %jmp/0xz  T_36.0, 8;
    %load/vec4 v0xa524a3340_0;
    %flag_set/vec4 8;
    %jmp/1 T_36.6, 8;
    %load/vec4 v0xa524a3480_0;
    %flag_set/vec4 9;
    %flag_or 8, 9;
T_36.6;
    %jmp/1 T_36.5, 8;
    %load/vec4 v0xa524a33e0_0;
    %flag_set/vec4 9;
    %flag_or 8, 9;
T_36.5;
    %jmp/0xz  T_36.3, 8;
    %fork TD_picorv32_wb.picorv32_core.empty_statement, S_0xa52958a80;
    %join;
T_36.3 ;
    %load/vec4 v0xa524a3340_0;
    %flag_set/vec4 8;
    %jmp/1 T_36.9, 8;
    %load/vec4 v0xa524a3480_0;
    %flag_set/vec4 9;
    %flag_or 8, 9;
T_36.9;
    %jmp/0xz  T_36.7, 8;
    %fork TD_picorv32_wb.picorv32_core.empty_statement, S_0xa52958a80;
    %join;
T_36.7 ;
    %load/vec4 v0xa524a33e0_0;
    %flag_set/vec4 8;
    %jmp/0xz  T_36.10, 8;
    %fork TD_picorv32_wb.picorv32_core.empty_statement, S_0xa52958a80;
    %join;
T_36.10 ;
    %load/vec4 v0xa524a3520_0;
    %flag_set/vec4 8;
    %jmp/0xz  T_36.12, 8;
    %fork TD_picorv32_wb.picorv32_core.empty_statement, S_0xa52958a80;
    %join;
T_36.12 ;
    %load/vec4 v0xa524a8140_0;
    %pad/u 32;
    %cmpi/e 2, 0, 32;
    %jmp/1 T_36.16, 4;
    %flag_mov 8, 4;
    %load/vec4 v0xa524a8140_0;
    %pad/u 32;
    %cmpi/e 3, 0, 32;
    %flag_or 4, 8;
T_36.16;
    %jmp/0xz  T_36.14, 4;
    %fork TD_picorv32_wb.picorv32_core.empty_statement, S_0xa52958a80;
    %join;
T_36.14 ;
T_36.0 ;
    %jmp T_36;
    .thread T_36;
    .scope S_0xa52958900;
T_37 ;
    %wait E_0xa52478800;
    %load/vec4 v0xa524a9cc0_0;
    %nor/r;
    %flag_set/vec4 8;
    %jmp/1 T_37.2, 8;
    %load/vec4 v0xa524aa120_0;
    %flag_set/vec4 9;
    %flag_or 8, 9;
T_37.2;
    %jmp/0xz  T_37.0, 8;
    %load/vec4 v0xa524a9cc0_0;
    %nor/r;
    %flag_set/vec4 8;
    %jmp/0xz  T_37.3, 8;
    %pushi/vec4 0, 0, 2;
    %assign/vec4 v0xa524a8140_0, 0;
T_37.3 ;
    %load/vec4 v0xa524a9cc0_0;
    %nor/r;
    %flag_set/vec4 8;
    %jmp/1 T_37.7, 8;
    %load/vec4 v0xa524a80a0_0;
    %flag_set/vec4 9;
    %flag_or 8, 9;
T_37.7;
    %jmp/0xz  T_37.5, 8;
    %pushi/vec4 0, 0, 1;
    %assign/vec4 v0xa524a81e0_0, 0;
T_37.5 ;
    %pushi/vec4 0, 0, 1;
    %assign/vec4 v0xa524a3a20_0, 0;
    %pushi/vec4 0, 0, 1;
    %assign/vec4 v0xa524a94a0_0, 0;
    %jmp T_37.1;
T_37.0 ;
    %load/vec4 v0xa524a3980_0;
    %flag_set/vec4 8;
    %jmp/1 T_37.10, 8;
    %load/vec4 v0xa524a3c00_0;
    %flag_set/vec4 9;
    %flag_or 8, 9;
T_37.10;
    %jmp/0xz  T_37.8, 8;
    %load/vec4 v0xa524a3700_0;
    %assign/vec4 v0xa524a3200_0, 0;
    %load/vec4 v0xa524a3ca0_0;
    %load/vec4 v0xa524a3c00_0;
    %replicate 4;
    %and;
    %assign/vec4 v0xa524a83c0_0, 0;
T_37.8 ;
    %load/vec4 v0xa524a3c00_0;
    %flag_set/vec4 8;
    %jmp/0xz  T_37.11, 8;
    %load/vec4 v0xa524a3b60_0;
    %assign/vec4 v0xa524a8280_0, 0;
T_37.11 ;
    %load/vec4 v0xa524a8140_0;
    %dup/vec4;
    %pushi/vec4 0, 0, 2;
    %cmp/u;
    %jmp/1 T_37.13, 6;
    %dup/vec4;
    %pushi/vec4 1, 0, 2;
    %cmp/u;
    %jmp/1 T_37.14, 6;
    %dup/vec4;
    %pushi/vec4 2, 0, 2;
    %cmp/u;
    %jmp/1 T_37.15, 6;
    %dup/vec4;
    %pushi/vec4 3, 0, 2;
    %cmp/u;
    %jmp/1 T_37.16, 6;
    %jmp T_37.17;
T_37.13 ;
    %load/vec4 v0xa524a3340_0;
    %flag_set/vec4 8;
    %jmp/1 T_37.21, 8;
    %load/vec4 v0xa524a3480_0;
    %flag_set/vec4 9;
    %flag_or 8, 9;
T_37.21;
    %jmp/1 T_37.20, 8;
    %load/vec4 v0xa524a33e0_0;
    %flag_set/vec4 9;
    %flag_or 8, 9;
T_37.20;
    %jmp/0xz  T_37.18, 8;
    %load/vec4 v0xa524a3ac0_0;
    %nor/r;
    %assign/vec4 v0xa524a81e0_0, 0;
    %load/vec4 v0xa524a3340_0;
    %flag_set/vec4 8;
    %flag_get/vec4 8;
    %jmp/1 T_37.22, 8;
    %load/vec4 v0xa524a3480_0;
    %or;
T_37.22;
    %assign/vec4 v0xa524a3660_0, 0;
    %pushi/vec4 0, 0, 4;
    %assign/vec4 v0xa524a83c0_0, 0;
    %pushi/vec4 1, 0, 2;
    %assign/vec4 v0xa524a8140_0, 0;
T_37.18 ;
    %load/vec4 v0xa524a3520_0;
    %flag_set/vec4 8;
    %jmp/0xz  T_37.23, 8;
    %pushi/vec4 1, 0, 1;
    %assign/vec4 v0xa524a81e0_0, 0;
    %pushi/vec4 0, 0, 1;
    %assign/vec4 v0xa524a3660_0, 0;
    %pushi/vec4 2, 0, 2;
    %assign/vec4 v0xa524a8140_0, 0;
T_37.23 ;
    %jmp T_37.17;
T_37.14 ;
    %fork TD_picorv32_wb.picorv32_core.empty_statement, S_0xa52958a80;
    %join;
    %fork TD_picorv32_wb.picorv32_core.empty_statement, S_0xa52958a80;
    %join;
    %fork TD_picorv32_wb.picorv32_core.empty_statement, S_0xa52958a80;
    %join;
    %fork TD_picorv32_wb.picorv32_core.empty_statement, S_0xa52958a80;
    %join;
    %load/vec4 v0xa524a8460_0;
    %flag_set/vec4 8;
    %jmp/0xz  T_37.25, 8;
    %pushi/vec4 0, 0, 1;
    %assign/vec4 v0xa524a81e0_0, 0;
    %pushi/vec4 0, 0, 1;
    %assign/vec4 v0xa524a3a20_0, 0;
    %load/vec4 v0xa524a3480_0;
    %flag_set/vec4 8;
    %jmp/1 T_37.29, 8;
    %load/vec4 v0xa524a33e0_0;
    %flag_set/vec4 9;
    %flag_or 8, 9;
T_37.29;
    %jmp/0 T_37.27, 8;
    %pushi/vec4 0, 0, 3;
    %jmp/1 T_37.28, 8;
T_37.27 ; End of true expr.
    %pushi/vec4 3, 0, 3;
    %jmp/0 T_37.28, 8;
 ; End of false expr.
    %blend;
T_37.28;
    %pad/s 2;
    %assign/vec4 v0xa524a8140_0, 0;
T_37.25 ;
    %jmp T_37.17;
T_37.15 ;
    %fork TD_picorv32_wb.picorv32_core.empty_statement, S_0xa52958a80;
    %join;
    %fork TD_picorv32_wb.picorv32_core.empty_statement, S_0xa52958a80;
    %join;
    %load/vec4 v0xa524a8460_0;
    %flag_set/vec4 8;
    %jmp/0xz  T_37.30, 8;
    %pushi/vec4 0, 0, 1;
    %assign/vec4 v0xa524a81e0_0, 0;
    %pushi/vec4 0, 0, 2;
    %assign/vec4 v0xa524a8140_0, 0;
T_37.30 ;
    %jmp T_37.17;
T_37.16 ;
    %fork TD_picorv32_wb.picorv32_core.empty_statement, S_0xa52958a80;
    %join;
    %fork TD_picorv32_wb.picorv32_core.empty_statement, S_0xa52958a80;
    %join;
    %load/vec4 v0xa524a3480_0;
    %flag_set/vec4 8;
    %jmp/0xz  T_37.32, 8;
    %pushi/vec4 0, 0, 2;
    %assign/vec4 v0xa524a8140_0, 0;
T_37.32 ;
    %jmp T_37.17;
T_37.17 ;
    %pop/vec4 1;
T_37.1 ;
    %load/vec4 v0xa5249e1c0_0;
    %flag_set/vec4 8;
    %jmp/0xz  T_37.34, 8;
    %pushi/vec4 0, 0, 1;
    %assign/vec4 v0xa524a94a0_0, 0;
T_37.34 ;
    %jmp T_37;
    .thread T_37;
    .scope S_0xa52958900;
T_38 ;
    %wait E_0xa524789c0;
    %pushi/vec4 0, 0, 32; draw_string_vec4
    %pushi/vec4 0, 0, 32; draw_string_vec4
    %concat/vec4; draw_string_vec4
    %store/vec4 v0xa524a8500_0, 0, 64;
    %load/vec4 v0xa524a0b40_0;
    %flag_set/vec4 8;
    %jmp/0xz  T_38.0, 8;
    %pushi/vec4 0, 0, 32; draw_string_vec4
    %pushi/vec4 7107945, 0, 32; draw_string_vec4
    %concat/vec4; draw_string_vec4
    %store/vec4 v0xa524a8500_0, 0, 64;
T_38.0 ;
    %load/vec4 v0xa524a0140_0;
    %flag_set/vec4 8;
    %jmp/0xz  T_38.2, 8;
    %pushi/vec4 97, 0, 32; draw_string_vec4
    %pushi/vec4 1969844323, 0, 32; draw_string_vec4
    %concat/vec4; draw_string_vec4
    %store/vec4 v0xa524a8500_0, 0, 64;
T_38.2 ;
    %load/vec4 v0xa524a0780_0;
    %flag_set/vec4 8;
    %jmp/0xz  T_38.4, 8;
    %pushi/vec4 0, 0, 32; draw_string_vec4
    %pushi/vec4 6971756, 0, 32; draw_string_vec4
    %concat/vec4; draw_string_vec4
    %store/vec4 v0xa524a8500_0, 0, 64;
T_38.4 ;
    %load/vec4 v0xa524a0820_0;
    %flag_set/vec4 8;
    %jmp/0xz  T_38.6, 8;
    %pushi/vec4 0, 0, 32; draw_string_vec4
    %pushi/vec4 1784769650, 0, 32; draw_string_vec4
    %concat/vec4; draw_string_vec4
    %store/vec4 v0xa524a8500_0, 0, 64;
T_38.6 ;
    %load/vec4 v0xa524a01e0_0;
    %flag_set/vec4 8;
    %jmp/0xz  T_38.8, 8;
    %pushi/vec4 0, 0, 32; draw_string_vec4
    %pushi/vec4 6448497, 0, 32; draw_string_vec4
    %concat/vec4; draw_string_vec4
    %store/vec4 v0xa524a8500_0, 0, 64;
T_38.8 ;
    %load/vec4 v0xa524a0500_0;
    %flag_set/vec4 8;
    %jmp/0xz  T_38.10, 8;
    %pushi/vec4 0, 0, 32; draw_string_vec4
    %pushi/vec4 6450789, 0, 32; draw_string_vec4
    %concat/vec4; draw_string_vec4
    %store/vec4 v0xa524a8500_0, 0, 64;
T_38.10 ;
    %load/vec4 v0xa524a03c0_0;
    %flag_set/vec4 8;
    %jmp/0xz  T_38.12, 8;
    %pushi/vec4 0, 0, 32; draw_string_vec4
    %pushi/vec4 6450292, 0, 32; draw_string_vec4
    %concat/vec4; draw_string_vec4
    %store/vec4 v0xa524a8500_0, 0, 64;
T_38.12 ;
    %load/vec4 v0xa524a0280_0;
    %flag_set/vec4 8;
    %jmp/0xz  T_38.14, 8;
    %pushi/vec4 0, 0, 32; draw_string_vec4
    %pushi/vec4 6448997, 0, 32; draw_string_vec4
    %concat/vec4; draw_string_vec4
    %store/vec4 v0xa524a8500_0, 0, 64;
T_38.14 ;
    %load/vec4 v0xa524a0460_0;
    %flag_set/vec4 8;
    %jmp/0xz  T_38.16, 8;
    %pushi/vec4 0, 0, 32; draw_string_vec4
    %pushi/vec4 1651274869, 0, 32; draw_string_vec4
    %concat/vec4; draw_string_vec4
    %store/vec4 v0xa524a8500_0, 0, 64;
T_38.16 ;
    %load/vec4 v0xa524a0320_0;
    %flag_set/vec4 8;
    %jmp/0xz  T_38.18, 8;
    %pushi/vec4 0, 0, 32; draw_string_vec4
    %pushi/vec4 1650943349, 0, 32; draw_string_vec4
    %concat/vec4; draw_string_vec4
    %store/vec4 v0xa524a8500_0, 0, 64;
T_38.18 ;
    %load/vec4 v0xa524a08c0_0;
    %flag_set/vec4 8;
    %jmp/0xz  T_38.20, 8;
    %pushi/vec4 0, 0, 32; draw_string_vec4
    %pushi/vec4 27746, 0, 32; draw_string_vec4
    %concat/vec4; draw_string_vec4
    %store/vec4 v0xa524a8500_0, 0, 64;
T_38.20 ;
    %load/vec4 v0xa524a0a00_0;
    %flag_set/vec4 8;
    %jmp/0xz  T_38.22, 8;
    %pushi/vec4 0, 0, 32; draw_string_vec4
    %pushi/vec4 27752, 0, 32; draw_string_vec4
    %concat/vec4; draw_string_vec4
    %store/vec4 v0xa524a8500_0, 0, 64;
T_38.22 ;
    %load/vec4 v0xa524a0be0_0;
    %flag_set/vec4 8;
    %jmp/0xz  T_38.24, 8;
    %pushi/vec4 0, 0, 32; draw_string_vec4
    %pushi/vec4 27767, 0, 32; draw_string_vec4
    %concat/vec4; draw_string_vec4
    %store/vec4 v0xa524a8500_0, 0, 64;
T_38.24 ;
    %load/vec4 v0xa524a0960_0;
    %flag_set/vec4 8;
    %jmp/0xz  T_38.26, 8;
    %pushi/vec4 0, 0, 32; draw_string_vec4
    %pushi/vec4 7103093, 0, 32; draw_string_vec4
    %concat/vec4; draw_string_vec4
    %store/vec4 v0xa524a8500_0, 0, 64;
T_38.26 ;
    %load/vec4 v0xa524a0aa0_0;
    %flag_set/vec4 8;
    %jmp/0xz  T_38.28, 8;
    %pushi/vec4 0, 0, 32; draw_string_vec4
    %pushi/vec4 7104629, 0, 32; draw_string_vec4
    %concat/vec4; draw_string_vec4
    %store/vec4 v0xa524a8500_0, 0, 64;
T_38.28 ;
    %load/vec4 v0xa524a1180_0;
    %flag_set/vec4 8;
    %jmp/0xz  T_38.30, 8;
    %pushi/vec4 0, 0, 32; draw_string_vec4
    %pushi/vec4 29538, 0, 32; draw_string_vec4
    %concat/vec4; draw_string_vec4
    %store/vec4 v0xa524a8500_0, 0, 64;
T_38.30 ;
    %load/vec4 v0xa524a12c0_0;
    %flag_set/vec4 8;
    %jmp/0xz  T_38.32, 8;
    %pushi/vec4 0, 0, 32; draw_string_vec4
    %pushi/vec4 29544, 0, 32; draw_string_vec4
    %concat/vec4; draw_string_vec4
    %store/vec4 v0xa524a8500_0, 0, 64;
T_38.32 ;
    %load/vec4 v0xa524a1a40_0;
    %flag_set/vec4 8;
    %jmp/0xz  T_38.34, 8;
    %pushi/vec4 0, 0, 32; draw_string_vec4
    %pushi/vec4 29559, 0, 32; draw_string_vec4
    %concat/vec4; draw_string_vec4
    %store/vec4 v0xa524a8500_0, 0, 64;
T_38.34 ;
    %load/vec4 v0xa5249ff20_0;
    %flag_set/vec4 8;
    %jmp/0xz  T_38.36, 8;
    %pushi/vec4 0, 0, 32; draw_string_vec4
    %pushi/vec4 1633969257, 0, 32; draw_string_vec4
    %concat/vec4; draw_string_vec4
    %store/vec4 v0xa524a8500_0, 0, 64;
T_38.36 ;
    %load/vec4 v0xa524a1540_0;
    %flag_set/vec4 8;
    %jmp/0xz  T_38.38, 8;
    %pushi/vec4 0, 0, 32; draw_string_vec4
    %pushi/vec4 1936487529, 0, 32; draw_string_vec4
    %concat/vec4; draw_string_vec4
    %store/vec4 v0xa524a8500_0, 0, 64;
T_38.38 ;
    %load/vec4 v0xa524a15e0_0;
    %flag_set/vec4 8;
    %jmp/0xz  T_38.40, 8;
    %pushi/vec4 115, 0, 32; draw_string_vec4
    %pushi/vec4 1819568501, 0, 32; draw_string_vec4
    %concat/vec4; draw_string_vec4
    %store/vec4 v0xa524a8500_0, 0, 64;
T_38.40 ;
    %load/vec4 v0xa524a1d60_0;
    %flag_set/vec4 8;
    %jmp/0xz  T_38.42, 8;
    %pushi/vec4 0, 0, 32; draw_string_vec4
    %pushi/vec4 2020569705, 0, 32; draw_string_vec4
    %concat/vec4; draw_string_vec4
    %store/vec4 v0xa524a8500_0, 0, 64;
T_38.42 ;
    %load/vec4 v0xa524a0dc0_0;
    %flag_set/vec4 8;
    %jmp/0xz  T_38.44, 8;
    %pushi/vec4 0, 0, 32; draw_string_vec4
    %pushi/vec4 7303785, 0, 32; draw_string_vec4
    %concat/vec4; draw_string_vec4
    %store/vec4 v0xa524a8500_0, 0, 64;
T_38.44 ;
    %load/vec4 v0xa524a00a0_0;
    %flag_set/vec4 8;
    %jmp/0xz  T_38.46, 8;
    %pushi/vec4 0, 0, 32; draw_string_vec4
    %pushi/vec4 1634624617, 0, 32; draw_string_vec4
    %concat/vec4; draw_string_vec4
    %store/vec4 v0xa524a8500_0, 0, 64;
T_38.46 ;
    %load/vec4 v0xa524a1400_0;
    %flag_set/vec4 8;
    %jmp/0xz  T_38.48, 8;
    %pushi/vec4 0, 0, 32; draw_string_vec4
    %pushi/vec4 1936485481, 0, 32; draw_string_vec4
    %concat/vec4; draw_string_vec4
    %store/vec4 v0xa524a8500_0, 0, 64;
T_38.48 ;
    %load/vec4 v0xa524a1900_0;
    %flag_set/vec4 8;
    %jmp/0xz  T_38.50, 8;
    %pushi/vec4 0, 0, 32; draw_string_vec4
    %pushi/vec4 1936878697, 0, 32; draw_string_vec4
    %concat/vec4; draw_string_vec4
    %store/vec4 v0xa524a8500_0, 0, 64;
T_38.50 ;
    %load/vec4 v0xa524a17c0_0;
    %flag_set/vec4 8;
    %jmp/0xz  T_38.52, 8;
    %pushi/vec4 0, 0, 32; draw_string_vec4
    %pushi/vec4 1936875881, 0, 32; draw_string_vec4
    %concat/vec4; draw_string_vec4
    %store/vec4 v0xa524a8500_0, 0, 64;
T_38.52 ;
    %load/vec4 v0xa5249fe80_0;
    %flag_set/vec4 8;
    %jmp/0xz  T_38.54, 8;
    %pushi/vec4 0, 0, 32; draw_string_vec4
    %pushi/vec4 6382692, 0, 32; draw_string_vec4
    %concat/vec4; draw_string_vec4
    %store/vec4 v0xa524a8500_0, 0, 64;
T_38.54 ;
    %load/vec4 v0xa524a19a0_0;
    %flag_set/vec4 8;
    %jmp/0xz  T_38.56, 8;
    %pushi/vec4 0, 0, 32; draw_string_vec4
    %pushi/vec4 7566690, 0, 32; draw_string_vec4
    %concat/vec4; draw_string_vec4
    %store/vec4 v0xa524a8500_0, 0, 64;
T_38.56 ;
    %load/vec4 v0xa524a1360_0;
    %flag_set/vec4 8;
    %jmp/0xz  T_38.58, 8;
    %pushi/vec4 0, 0, 32; draw_string_vec4
    %pushi/vec4 7564396, 0, 32; draw_string_vec4
    %concat/vec4; draw_string_vec4
    %store/vec4 v0xa524a8500_0, 0, 64;
T_38.58 ;
    %load/vec4 v0xa524a14a0_0;
    %flag_set/vec4 8;
    %jmp/0xz  T_38.60, 8;
    %pushi/vec4 0, 0, 32; draw_string_vec4
    %pushi/vec4 7564404, 0, 32; draw_string_vec4
    %concat/vec4; draw_string_vec4
    %store/vec4 v0xa524a8500_0, 0, 64;
T_38.60 ;
    %load/vec4 v0xa524a1680_0;
    %flag_set/vec4 8;
    %jmp/0xz  T_38.62, 8;
    %pushi/vec4 0, 0, 32; draw_string_vec4
    %pushi/vec4 1936487541, 0, 32; draw_string_vec4
    %concat/vec4; draw_string_vec4
    %store/vec4 v0xa524a8500_0, 0, 64;
T_38.62 ;
    %load/vec4 v0xa524a1cc0_0;
    %flag_set/vec4 8;
    %jmp/0xz  T_38.64, 8;
    %pushi/vec4 0, 0, 32; draw_string_vec4
    %pushi/vec4 7892850, 0, 32; draw_string_vec4
    %concat/vec4; draw_string_vec4
    %store/vec4 v0xa524a8500_0, 0, 64;
T_38.64 ;
    %load/vec4 v0xa524a1860_0;
    %flag_set/vec4 8;
    %jmp/0xz  T_38.66, 8;
    %pushi/vec4 0, 0, 32; draw_string_vec4
    %pushi/vec4 7565932, 0, 32; draw_string_vec4
    %concat/vec4; draw_string_vec4
    %store/vec4 v0xa524a8500_0, 0, 64;
T_38.66 ;
    %load/vec4 v0xa524a1720_0;
    %flag_set/vec4 8;
    %jmp/0xz  T_38.68, 8;
    %pushi/vec4 0, 0, 32; draw_string_vec4
    %pushi/vec4 7565921, 0, 32; draw_string_vec4
    %concat/vec4; draw_string_vec4
    %store/vec4 v0xa524a8500_0, 0, 64;
T_38.68 ;
    %load/vec4 v0xa524a0d20_0;
    %flag_set/vec4 8;
    %jmp/0xz  T_38.70, 8;
    %pushi/vec4 0, 0, 32; draw_string_vec4
    %pushi/vec4 28530, 0, 32; draw_string_vec4
    %concat/vec4; draw_string_vec4
    %store/vec4 v0xa524a8500_0, 0, 64;
T_38.70 ;
    %load/vec4 v0xa524a0000_0;
    %flag_set/vec4 8;
    %jmp/0xz  T_38.72, 8;
    %pushi/vec4 0, 0, 32; draw_string_vec4
    %pushi/vec4 6385252, 0, 32; draw_string_vec4
    %concat/vec4; draw_string_vec4
    %store/vec4 v0xa524a8500_0, 0, 64;
T_38.72 ;
    %load/vec4 v0xa524a0e60_0;
    %flag_set/vec4 8;
    %jmp/0xz  T_38.74, 8;
    %pushi/vec4 7496803, 0, 32; draw_string_vec4
    %pushi/vec4 2036558949, 0, 32; draw_string_vec4
    %concat/vec4; draw_string_vec4
    %store/vec4 v0xa524a8500_0, 0, 64;
T_38.74 ;
    %load/vec4 v0xa524a0f00_0;
    %flag_set/vec4 8;
    %jmp/0xz  T_38.76, 8;
    %pushi/vec4 1919181689, 0, 32; draw_string_vec4
    %pushi/vec4 1668048232, 0, 32; draw_string_vec4
    %concat/vec4; draw_string_vec4
    %store/vec4 v0xa524a8500_0, 0, 64;
T_38.76 ;
    %load/vec4 v0xa524a0fa0_0;
    %flag_set/vec4 8;
    %jmp/0xz  T_38.78, 8;
    %pushi/vec4 7496809, 0, 32; draw_string_vec4
    %pushi/vec4 1853060210, 0, 32; draw_string_vec4
    %concat/vec4; draw_string_vec4
    %store/vec4 v0xa524a8500_0, 0, 64;
T_38.78 ;
    %load/vec4 v0xa524a1040_0;
    %flag_set/vec4 8;
    %jmp/0xz  T_38.80, 8;
    %pushi/vec4 1919183214, 0, 32; draw_string_vec4
    %pushi/vec4 1937011304, 0, 32; draw_string_vec4
    %concat/vec4; draw_string_vec4
    %store/vec4 v0xa524a8500_0, 0, 64;
T_38.80 ;
    %load/vec4 v0xa524a0640_0;
    %flag_set/vec4 8;
    %jmp/0xz  T_38.82, 8;
    %pushi/vec4 102, 0, 32; draw_string_vec4
    %pushi/vec4 1701733221, 0, 32; draw_string_vec4
    %concat/vec4; draw_string_vec4
    %store/vec4 v0xa524a8500_0, 0, 64;
T_38.82 ;
    %load/vec4 v0xa524a06e0_0;
    %flag_set/vec4 8;
    %jmp/0xz  T_38.84, 8;
    %pushi/vec4 0, 0, 32; draw_string_vec4
    %pushi/vec4 1734702193, 0, 32; draw_string_vec4
    %concat/vec4; draw_string_vec4
    %store/vec4 v0xa524a8500_0, 0, 64;
T_38.84 ;
    %load/vec4 v0xa524a1220_0;
    %flag_set/vec4 8;
    %jmp/0xz  T_38.86, 8;
    %pushi/vec4 0, 0, 32; draw_string_vec4
    %pushi/vec4 1936028785, 0, 32; draw_string_vec4
    %concat/vec4; draw_string_vec4
    %store/vec4 v0xa524a8500_0, 0, 64;
T_38.86 ;
    %load/vec4 v0xa524a10e0_0;
    %flag_set/vec4 8;
    %jmp/0xz  T_38.88, 8;
    %pushi/vec4 29285, 0, 32; draw_string_vec4
    %pushi/vec4 1953067633, 0, 32; draw_string_vec4
    %concat/vec4; draw_string_vec4
    %store/vec4 v0xa524a8500_0, 0, 64;
T_38.88 ;
    %load/vec4 v0xa524a0c80_0;
    %flag_set/vec4 8;
    %jmp/0xz  T_38.90, 8;
    %pushi/vec4 7168371, 0, 32; draw_string_vec4
    %pushi/vec4 1802072689, 0, 32; draw_string_vec4
    %concat/vec4; draw_string_vec4
    %store/vec4 v0xa524a8500_0, 0, 64;
T_38.90 ;
    %load/vec4 v0xa524a1c20_0;
    %flag_set/vec4 8;
    %jmp/0xz  T_38.92, 8;
    %pushi/vec4 7823721, 0, 32; draw_string_vec4
    %pushi/vec4 1953067633, 0, 32; draw_string_vec4
    %concat/vec4; draw_string_vec4
    %store/vec4 v0xa524a8500_0, 0, 64;
T_38.92 ;
    %load/vec4 v0xa524a1ae0_0;
    %flag_set/vec4 8;
    %jmp/0xz  T_38.94, 8;
    %pushi/vec4 116, 0, 32; draw_string_vec4
    %pushi/vec4 1768777074, 0, 32; draw_string_vec4
    %concat/vec4; draw_string_vec4
    %store/vec4 v0xa524a8500_0, 0, 64;
T_38.94 ;
    %jmp T_38;
    .thread T_38, $push;
    .scope S_0xa52958900;
T_39 ;
    %wait E_0xa52478800;
    %load/vec4 v0xa5249e9e0_0;
    %assign/vec4 v0xa524a9540_0, 0;
    %load/vec4 v0xa5249ebc0_0;
    %assign/vec4 v0xa524a95e0_0, 0;
    %load/vec4 v0xa5249ec60_0;
    %assign/vec4 v0xa524a9680_0, 0;
    %load/vec4 v0xa5249eda0_0;
    %assign/vec4 v0xa524a97c0_0, 0;
    %load/vec4 v0xa5249ee40_0;
    %assign/vec4 v0xa524a9860_0, 0;
    %load/vec4 v0xa5249ed00_0;
    %assign/vec4 v0xa524a9720_0, 0;
    %load/vec4 v0xa524a3160_0;
    %assign/vec4 v0xa5249f340_0, 0;
    %load/vec4 v0xa524a9cc0_0;
    %nor/r;
    %flag_set/vec4 8;
    %jmp/1 T_39.2, 8;
    %load/vec4 v0xa524aa120_0;
    %flag_set/vec4 9;
    %flag_or 8, 9;
T_39.2;
    %jmp/0xz  T_39.0, 8;
    %pushi/vec4 0, 0, 1;
    %assign/vec4 v0xa5249f660_0, 0;
    %jmp T_39.1;
T_39.0 ;
    %load/vec4 v0xa524a3160_0;
    %flag_set/vec4 8;
    %jmp/0xz  T_39.3, 8;
    %pushi/vec4 1, 0, 1;
    %assign/vec4 v0xa5249f660_0, 0;
T_39.3 ;
T_39.1 ;
    %load/vec4 v0xa5249fca0_0;
    %flag_set/vec4 8;
    %jmp/0xz  T_39.5, 8;
    %load/vec4 v0xa524a8500_0;
    %assign/vec4 v0xa5249de00_0, 0;
    %load/vec4 v0xa5249f700_0;
    %assign/vec4 v0xa5249dea0_0, 0;
    %load/vec4 v0xa524a85a0_0;
    %parti/s 2, 0, 2;
    %and/r;
    %flag_set/vec4 8;
    %jmp/0xz  T_39.7, 8;
    %load/vec4 v0xa524a85a0_0;
    %assign/vec4 v0xa5249df40_0, 0;
    %jmp T_39.8;
T_39.7 ;
    %pushi/vec4 0, 0, 16;
    %load/vec4 v0xa524a85a0_0;
    %parti/s 16, 0, 2;
    %concat/vec4; draw_concat_vec4
    %assign/vec4 v0xa5249df40_0, 0;
T_39.8 ;
    %load/vec4 v0xa5249f980_0;
    %assign/vec4 v0xa5249e080_0, 0;
    %load/vec4 v0xa5249fa20_0;
    %assign/vec4 v0xa5249e120_0, 0;
    %load/vec4 v0xa5249f840_0;
    %assign/vec4 v0xa5249dfe0_0, 0;
T_39.5 ;
    %load/vec4 v0xa524a3160_0;
    %flag_set/vec4 8;
    %jmp/0xz  T_39.9, 8;
    %load/vec4 v0xa524a86e0_0;
    %assign/vec4 v0xa5249eb20_0, 0;
T_39.9 ;
    %jmp T_39;
    .thread T_39;
    .scope S_0xa52958900;
T_40 ;
    %wait E_0xa52478980;
    %load/vec4 v0xa524a9540_0;
    %store/vec4 v0xa5249e9e0_0, 0, 64;
    %load/vec4 v0xa524a95e0_0;
    %store/vec4 v0xa5249ebc0_0, 0, 32;
    %load/vec4 v0xa524a9680_0;
    %store/vec4 v0xa5249ec60_0, 0, 32;
    %load/vec4 v0xa524a97c0_0;
    %store/vec4 v0xa5249eda0_0, 0, 5;
    %load/vec4 v0xa524a9860_0;
    %store/vec4 v0xa5249ee40_0, 0, 5;
    %load/vec4 v0xa524a9720_0;
    %store/vec4 v0xa5249ed00_0, 0, 5;
    %load/vec4 v0xa5249f340_0;
    %flag_set/vec4 8;
    %jmp/0xz  T_40.0, 8;
    %load/vec4 v0xa5249fb60_0;
    %flag_set/vec4 8;
    %jmp/0xz  T_40.2, 8;
    %load/vec4 v0xa5249de00_0;
    %store/vec4 v0xa5249e9e0_0, 0, 64;
    %load/vec4 v0xa5249dea0_0;
    %store/vec4 v0xa5249ebc0_0, 0, 32;
    %load/vec4 v0xa5249df40_0;
    %store/vec4 v0xa5249ec60_0, 0, 32;
    %load/vec4 v0xa5249e080_0;
    %store/vec4 v0xa5249eda0_0, 0, 5;
    %load/vec4 v0xa5249e120_0;
    %store/vec4 v0xa5249ee40_0, 0, 5;
    %load/vec4 v0xa5249dfe0_0;
    %store/vec4 v0xa5249ed00_0, 0, 5;
    %jmp T_40.3;
T_40.2 ;
    %load/vec4 v0xa524a8500_0;
    %store/vec4 v0xa5249e9e0_0, 0, 64;
    %load/vec4 v0xa524a85a0_0;
    %parti/s 2, 0, 2;
    %and/r;
    %flag_set/vec4 8;
    %jmp/0xz  T_40.4, 8;
    %load/vec4 v0xa524a85a0_0;
    %store/vec4 v0xa5249ec60_0, 0, 32;
    %jmp T_40.5;
T_40.4 ;
    %pushi/vec4 0, 0, 16;
    %load/vec4 v0xa524a85a0_0;
    %parti/s 16, 0, 2;
    %concat/vec4; draw_concat_vec4
    %store/vec4 v0xa5249ec60_0, 0, 32;
T_40.5 ;
    %load/vec4 v0xa5249f700_0;
    %store/vec4 v0xa5249ebc0_0, 0, 32;
    %load/vec4 v0xa5249f980_0;
    %store/vec4 v0xa5249eda0_0, 0, 5;
    %load/vec4 v0xa5249fa20_0;
    %store/vec4 v0xa5249ee40_0, 0, 5;
    %load/vec4 v0xa5249f840_0;
    %store/vec4 v0xa5249ed00_0, 0, 5;
T_40.3 ;
T_40.0 ;
    %jmp T_40;
    .thread T_40, $push;
    .scope S_0xa52958900;
T_41 ;
    %wait E_0xa52478800;
    %load/vec4 v0xa524a0b40_0;
    %load/vec4 v0xa524a0140_0;
    %concat/vec4; draw_concat_vec4
    %load/vec4 v0xa524a0780_0;
    %concat/vec4; draw_concat_vec4
    %or/r;
    %assign/vec4 v0xa524a2620_0, 0;
    %load/vec4 v0xa524a0b40_0;
    %load/vec4 v0xa524a0140_0;
    %concat/vec4; draw_concat_vec4
    %load/vec4 v0xa524a0780_0;
    %concat/vec4; draw_concat_vec4
    %load/vec4 v0xa524a0820_0;
    %concat/vec4; draw_concat_vec4
    %load/vec4 v0xa5249ff20_0;
    %concat/vec4; draw_concat_vec4
    %load/vec4 v0xa5249fe80_0;
    %concat/vec4; draw_concat_vec4
    %load/vec4 v0xa524a19a0_0;
    %concat/vec4; draw_concat_vec4
    %or/r;
    %assign/vec4 v0xa524a26c0_0, 0;
    %load/vec4 v0xa524a1540_0;
    %load/vec4 v0xa524a03c0_0;
    %concat/vec4; draw_concat_vec4
    %load/vec4 v0xa524a14a0_0;
    %concat/vec4; draw_concat_vec4
    %or/r;
    %assign/vec4 v0xa524a29e0_0, 0;
    %load/vec4 v0xa524a15e0_0;
    %load/vec4 v0xa524a0460_0;
    %concat/vec4; draw_concat_vec4
    %load/vec4 v0xa524a1680_0;
    %concat/vec4; draw_concat_vec4
    %or/r;
    %assign/vec4 v0xa524a2a80_0, 0;
    %load/vec4 v0xa524a0960_0;
    %load/vec4 v0xa524a0aa0_0;
    %concat/vec4; draw_concat_vec4
    %load/vec4 v0xa524a0be0_0;
    %concat/vec4; draw_concat_vec4
    %or/r;
    %assign/vec4 v0xa524a2580_0, 0;
    %load/vec4 v0xa524a2300_0;
    %load/vec4 v0xa524a1540_0;
    %concat/vec4; draw_concat_vec4
    %load/vec4 v0xa524a14a0_0;
    %concat/vec4; draw_concat_vec4
    %load/vec4 v0xa524a15e0_0;
    %concat/vec4; draw_concat_vec4
    %load/vec4 v0xa524a1680_0;
    %concat/vec4; draw_concat_vec4
    %or/r;
    %assign/vec4 v0xa524a23a0_0, 0;
    %load/vec4 v0xa524a3480_0;
    %flag_set/vec4 9;
    %flag_get/vec4 9;
    %jmp/0 T_41.2, 9;
    %load/vec4 v0xa524a35c0_0;
    %and;
T_41.2;
    %flag_set/vec4 8;
    %jmp/0xz  T_41.0, 8;
    %load/vec4 v0xa524a3de0_0;
    %parti/s 7, 0, 2;
    %pushi/vec4 55, 0, 7;
    %cmp/e;
    %flag_get/vec4 4;
    %assign/vec4 v0xa524a0b40_0, 0;
    %load/vec4 v0xa524a3de0_0;
    %parti/s 7, 0, 2;
    %pushi/vec4 23, 0, 7;
    %cmp/e;
    %flag_get/vec4 4;
    %assign/vec4 v0xa524a0140_0, 0;
    %load/vec4 v0xa524a3de0_0;
    %parti/s 7, 0, 2;
    %pushi/vec4 111, 0, 7;
    %cmp/e;
    %flag_get/vec4 4;
    %assign/vec4 v0xa524a0780_0, 0;
    %load/vec4 v0xa524a3de0_0;
    %parti/s 7, 0, 2;
    %cmpi/e 103, 0, 7;
    %flag_get/vec4 4;
    %jmp/0 T_41.3, 4;
    %load/vec4 v0xa524a3de0_0;
    %parti/s 3, 12, 5;
    %pushi/vec4 0, 0, 3;
    %cmp/e;
    %flag_get/vec4 4;
    %and;
T_41.3;
    %assign/vec4 v0xa524a0820_0, 0;
    %load/vec4 v0xa524a3de0_0;
    %parti/s 7, 0, 2;
    %cmpi/e 11, 0, 7;
    %flag_get/vec4 4;
    %jmp/0 T_41.5, 4;
    %load/vec4 v0xa524a3de0_0;
    %parti/s 7, 25, 6;
    %pushi/vec4 2, 0, 7;
    %cmp/e;
    %flag_get/vec4 4;
    %and;
T_41.5;
    %flag_set/vec4 8;
    %flag_get/vec4 8;
    %jmp/0 T_41.4, 8;
    %pushi/vec4 0, 0, 1;
    %and;
T_41.4;
    %assign/vec4 v0xa524a10e0_0, 0;
    %load/vec4 v0xa524a3de0_0;
    %parti/s 7, 0, 2;
    %cmpi/e 11, 0, 7;
    %flag_get/vec4 4;
    %jmp/0 T_41.7, 4;
    %load/vec4 v0xa524a3de0_0;
    %parti/s 7, 25, 6;
    %pushi/vec4 4, 0, 7;
    %cmp/e;
    %flag_get/vec4 4;
    %and;
T_41.7;
    %flag_set/vec4 8;
    %flag_get/vec4 8;
    %jmp/0 T_41.6, 8;
    %pushi/vec4 0, 0, 1;
    %and;
T_41.6;
    %assign/vec4 v0xa524a1c20_0, 0;
    %load/vec4 v0xa524a3de0_0;
    %parti/s 7, 0, 2;
    %pushi/vec4 99, 0, 7;
    %cmp/e;
    %flag_get/vec4 4;
    %assign/vec4 v0xa524a2300_0, 0;
    %load/vec4 v0xa524a3de0_0;
    %parti/s 7, 0, 2;
    %pushi/vec4 3, 0, 7;
    %cmp/e;
    %flag_get/vec4 4;
    %assign/vec4 v0xa524a24e0_0, 0;
    %load/vec4 v0xa524a3de0_0;
    %parti/s 7, 0, 2;
    %pushi/vec4 35, 0, 7;
    %cmp/e;
    %flag_get/vec4 4;
    %assign/vec4 v0xa524a2800_0, 0;
    %load/vec4 v0xa524a3de0_0;
    %parti/s 7, 0, 2;
    %pushi/vec4 19, 0, 7;
    %cmp/e;
    %flag_get/vec4 4;
    %assign/vec4 v0xa524a21c0_0, 0;
    %load/vec4 v0xa524a3de0_0;
    %parti/s 7, 0, 2;
    %pushi/vec4 51, 0, 7;
    %cmp/e;
    %flag_get/vec4 4;
    %assign/vec4 v0xa524a2260_0, 0;
    %load/vec4 v0xa524a3de0_0;
    %parti/s 20, 12, 5;
    %concati/vec4 0, 0, 1;
    %pad/s 32;
    %split/vec4 1;
    %ix/load 5, 0, 0;
    %ix/load 4, 0, 0;
    %flag_set/imm 4, 0;
    %assign/vec4/off/d v0xa5249f7a0_0, 4, 5;
    %split/vec4 8;
    %ix/load 5, 0, 0;
    %ix/load 4, 12, 0;
    %flag_set/imm 4, 0;
    %assign/vec4/off/d v0xa5249f7a0_0, 4, 5;
    %split/vec4 1;
    %ix/load 5, 0, 0;
    %ix/load 4, 11, 0;
    %flag_set/imm 4, 0;
    %assign/vec4/off/d v0xa5249f7a0_0, 4, 5;
    %split/vec4 10;
    %ix/load 5, 0, 0;
    %ix/load 4, 1, 0;
    %flag_set/imm 4, 0;
    %assign/vec4/off/d v0xa5249f7a0_0, 4, 5;
    %ix/load 5, 0, 0;
    %ix/load 4, 20, 0;
    %flag_set/imm 4, 0;
    %assign/vec4/off/d v0xa5249f7a0_0, 4, 5;
    %load/vec4 v0xa524a3de0_0;
    %parti/s 5, 7, 4;
    %assign/vec4 v0xa5249f840_0, 0;
    %load/vec4 v0xa524a3de0_0;
    %parti/s 5, 15, 5;
    %assign/vec4 v0xa5249f980_0, 0;
    %load/vec4 v0xa524a3de0_0;
    %parti/s 5, 20, 6;
    %assign/vec4 v0xa5249fa20_0, 0;
    %load/vec4 v0xa524a3de0_0;
    %parti/s 7, 0, 2;
    %cmpi/e 11, 0, 7;
    %flag_get/vec4 4;
    %jmp/0 T_41.12, 4;
    %load/vec4 v0xa524a3de0_0;
    %parti/s 7, 25, 6;
    %pushi/vec4 0, 0, 7;
    %cmp/e;
    %flag_get/vec4 4;
    %and;
T_41.12;
    %flag_set/vec4 10;
    %flag_get/vec4 10;
    %jmp/0 T_41.11, 10;
    %pushi/vec4 0, 0, 1;
    %and;
T_41.11;
    %flag_set/vec4 9;
    %flag_get/vec4 9;
    %jmp/0 T_41.10, 9;
    %pushi/vec4 1, 0, 1;
    %and;
T_41.10;
    %flag_set/vec4 8;
    %jmp/0xz  T_41.8, 8;
    %pushi/vec4 1, 0, 1;
    %ix/load 5, 0, 0;
    %ix/load 4, 4, 0;
    %flag_set/imm 4, 0;
    %assign/vec4/off/d v0xa5249f980_0, 4, 5;
T_41.8 ;
    %load/vec4 v0xa524a3de0_0;
    %parti/s 7, 0, 2;
    %cmpi/e 11, 0, 7;
    %flag_get/vec4 4;
    %jmp/0 T_41.16, 4;
    %load/vec4 v0xa524a3de0_0;
    %parti/s 7, 25, 6;
    %pushi/vec4 2, 0, 7;
    %cmp/e;
    %flag_get/vec4 4;
    %and;
T_41.16;
    %flag_set/vec4 9;
    %flag_get/vec4 9;
    %jmp/0 T_41.15, 9;
    %pushi/vec4 0, 0, 1;
    %and;
T_41.15;
    %flag_set/vec4 8;
    %jmp/0xz  T_41.13, 8;
    %pushi/vec4 0, 0, 5;
    %assign/vec4 v0xa5249f980_0, 0;
T_41.13 ;
    %pushi/vec4 0, 0, 1;
    %assign/vec4 v0xa5249e3a0_0, 0;
T_41.0 ;
    %load/vec4 v0xa5249fc00_0;
    %flag_set/vec4 9;
    %flag_get/vec4 9;
    %jmp/0 T_41.19, 9;
    %load/vec4 v0xa5249fac0_0;
    %nor/r;
    %and;
T_41.19;
    %flag_set/vec4 8;
    %jmp/0xz  T_41.17, 8;
    %pushi/vec4 4294967295, 4294967295, 32;
    %assign/vec4 v0xa524a8a00_0, 0;
    %load/vec4 v0xa524a2300_0;
    %flag_set/vec4 8;
    %flag_get/vec4 8;
    %jmp/0 T_41.20, 8;
    %load/vec4 v0xa524a3f20_0;
    %parti/s 3, 12, 5;
    %pushi/vec4 0, 0, 3;
    %cmp/e;
    %flag_get/vec4 4;
    %and;
T_41.20;
    %assign/vec4 v0xa524a01e0_0, 0;
    %load/vec4 v0xa524a2300_0;
    %flag_set/vec4 8;
    %flag_get/vec4 8;
    %jmp/0 T_41.21, 8;
    %load/vec4 v0xa524a3f20_0;
    %parti/s 3, 12, 5;
    %pushi/vec4 1, 0, 3;
    %cmp/e;
    %flag_get/vec4 4;
    %and;
T_41.21;
    %assign/vec4 v0xa524a0500_0, 0;
    %load/vec4 v0xa524a2300_0;
    %flag_set/vec4 8;
    %flag_get/vec4 8;
    %jmp/0 T_41.22, 8;
    %load/vec4 v0xa524a3f20_0;
    %parti/s 3, 12, 5;
    %pushi/vec4 4, 0, 3;
    %cmp/e;
    %flag_get/vec4 4;
    %and;
T_41.22;
    %assign/vec4 v0xa524a03c0_0, 0;
    %load/vec4 v0xa524a2300_0;
    %flag_set/vec4 8;
    %flag_get/vec4 8;
    %jmp/0 T_41.23, 8;
    %load/vec4 v0xa524a3f20_0;
    %parti/s 3, 12, 5;
    %pushi/vec4 5, 0, 3;
    %cmp/e;
    %flag_get/vec4 4;
    %and;
T_41.23;
    %assign/vec4 v0xa524a0280_0, 0;
    %load/vec4 v0xa524a2300_0;
    %flag_set/vec4 8;
    %flag_get/vec4 8;
    %jmp/0 T_41.24, 8;
    %load/vec4 v0xa524a3f20_0;
    %parti/s 3, 12, 5;
    %pushi/vec4 6, 0, 3;
    %cmp/e;
    %flag_get/vec4 4;
    %and;
T_41.24;
    %assign/vec4 v0xa524a0460_0, 0;
    %load/vec4 v0xa524a2300_0;
    %flag_set/vec4 8;
    %flag_get/vec4 8;
    %jmp/0 T_41.25, 8;
    %load/vec4 v0xa524a3f20_0;
    %parti/s 3, 12, 5;
    %pushi/vec4 7, 0, 3;
    %cmp/e;
    %flag_get/vec4 4;
    %and;
T_41.25;
    %assign/vec4 v0xa524a0320_0, 0;
    %load/vec4 v0xa524a24e0_0;
    %flag_set/vec4 8;
    %flag_get/vec4 8;
    %jmp/0 T_41.26, 8;
    %load/vec4 v0xa524a3f20_0;
    %parti/s 3, 12, 5;
    %pushi/vec4 0, 0, 3;
    %cmp/e;
    %flag_get/vec4 4;
    %and;
T_41.26;
    %assign/vec4 v0xa524a08c0_0, 0;
    %load/vec4 v0xa524a24e0_0;
    %flag_set/vec4 8;
    %flag_get/vec4 8;
    %jmp/0 T_41.27, 8;
    %load/vec4 v0xa524a3f20_0;
    %parti/s 3, 12, 5;
    %pushi/vec4 1, 0, 3;
    %cmp/e;
    %flag_get/vec4 4;
    %and;
T_41.27;
    %assign/vec4 v0xa524a0a00_0, 0;
    %load/vec4 v0xa524a24e0_0;
    %flag_set/vec4 8;
    %flag_get/vec4 8;
    %jmp/0 T_41.28, 8;
    %load/vec4 v0xa524a3f20_0;
    %parti/s 3, 12, 5;
    %pushi/vec4 2, 0, 3;
    %cmp/e;
    %flag_get/vec4 4;
    %and;
T_41.28;
    %assign/vec4 v0xa524a0be0_0, 0;
    %load/vec4 v0xa524a24e0_0;
    %flag_set/vec4 8;
    %flag_get/vec4 8;
    %jmp/0 T_41.29, 8;
    %load/vec4 v0xa524a3f20_0;
    %parti/s 3, 12, 5;
    %pushi/vec4 4, 0, 3;
    %cmp/e;
    %flag_get/vec4 4;
    %and;
T_41.29;
    %assign/vec4 v0xa524a0960_0, 0;
    %load/vec4 v0xa524a24e0_0;
    %flag_set/vec4 8;
    %flag_get/vec4 8;
    %jmp/0 T_41.30, 8;
    %load/vec4 v0xa524a3f20_0;
    %parti/s 3, 12, 5;
    %pushi/vec4 5, 0, 3;
    %cmp/e;
    %flag_get/vec4 4;
    %and;
T_41.30;
    %assign/vec4 v0xa524a0aa0_0, 0;
    %load/vec4 v0xa524a2800_0;
    %flag_set/vec4 8;
    %flag_get/vec4 8;
    %jmp/0 T_41.31, 8;
    %load/vec4 v0xa524a3f20_0;
    %parti/s 3, 12, 5;
    %pushi/vec4 0, 0, 3;
    %cmp/e;
    %flag_get/vec4 4;
    %and;
T_41.31;
    %assign/vec4 v0xa524a1180_0, 0;
    %load/vec4 v0xa524a2800_0;
    %flag_set/vec4 8;
    %flag_get/vec4 8;
    %jmp/0 T_41.32, 8;
    %load/vec4 v0xa524a3f20_0;
    %parti/s 3, 12, 5;
    %pushi/vec4 1, 0, 3;
    %cmp/e;
    %flag_get/vec4 4;
    %and;
T_41.32;
    %assign/vec4 v0xa524a12c0_0, 0;
    %load/vec4 v0xa524a2800_0;
    %flag_set/vec4 8;
    %flag_get/vec4 8;
    %jmp/0 T_41.33, 8;
    %load/vec4 v0xa524a3f20_0;
    %parti/s 3, 12, 5;
    %pushi/vec4 2, 0, 3;
    %cmp/e;
    %flag_get/vec4 4;
    %and;
T_41.33;
    %assign/vec4 v0xa524a1a40_0, 0;
    %load/vec4 v0xa524a21c0_0;
    %flag_set/vec4 8;
    %flag_get/vec4 8;
    %jmp/0 T_41.34, 8;
    %load/vec4 v0xa524a3f20_0;
    %parti/s 3, 12, 5;
    %pushi/vec4 0, 0, 3;
    %cmp/e;
    %flag_get/vec4 4;
    %and;
T_41.34;
    %assign/vec4 v0xa5249ff20_0, 0;
    %load/vec4 v0xa524a21c0_0;
    %flag_set/vec4 8;
    %flag_get/vec4 8;
    %jmp/0 T_41.35, 8;
    %load/vec4 v0xa524a3f20_0;
    %parti/s 3, 12, 5;
    %pushi/vec4 2, 0, 3;
    %cmp/e;
    %flag_get/vec4 4;
    %and;
T_41.35;
    %assign/vec4 v0xa524a1540_0, 0;
    %load/vec4 v0xa524a21c0_0;
    %flag_set/vec4 8;
    %flag_get/vec4 8;
    %jmp/0 T_41.36, 8;
    %load/vec4 v0xa524a3f20_0;
    %parti/s 3, 12, 5;
    %pushi/vec4 3, 0, 3;
    %cmp/e;
    %flag_get/vec4 4;
    %and;
T_41.36;
    %assign/vec4 v0xa524a15e0_0, 0;
    %load/vec4 v0xa524a21c0_0;
    %flag_set/vec4 8;
    %flag_get/vec4 8;
    %jmp/0 T_41.37, 8;
    %load/vec4 v0xa524a3f20_0;
    %parti/s 3, 12, 5;
    %pushi/vec4 4, 0, 3;
    %cmp/e;
    %flag_get/vec4 4;
    %and;
T_41.37;
    %assign/vec4 v0xa524a1d60_0, 0;
    %load/vec4 v0xa524a21c0_0;
    %flag_set/vec4 8;
    %flag_get/vec4 8;
    %jmp/0 T_41.38, 8;
    %load/vec4 v0xa524a3f20_0;
    %parti/s 3, 12, 5;
    %pushi/vec4 6, 0, 3;
    %cmp/e;
    %flag_get/vec4 4;
    %and;
T_41.38;
    %assign/vec4 v0xa524a0dc0_0, 0;
    %load/vec4 v0xa524a21c0_0;
    %flag_set/vec4 8;
    %flag_get/vec4 8;
    %jmp/0 T_41.39, 8;
    %load/vec4 v0xa524a3f20_0;
    %parti/s 3, 12, 5;
    %pushi/vec4 7, 0, 3;
    %cmp/e;
    %flag_get/vec4 4;
    %and;
T_41.39;
    %assign/vec4 v0xa524a00a0_0, 0;
    %load/vec4 v0xa524a21c0_0;
    %flag_set/vec4 9;
    %flag_get/vec4 9;
    %jmp/0 T_41.41, 9;
    %load/vec4 v0xa524a3f20_0;
    %parti/s 3, 12, 5;
    %pushi/vec4 1, 0, 3;
    %cmp/e;
    %flag_get/vec4 4;
    %and;
T_41.41;
    %flag_set/vec4 8;
    %flag_get/vec4 8;
    %jmp/0 T_41.40, 8;
    %load/vec4 v0xa524a3f20_0;
    %parti/s 7, 25, 6;
    %pushi/vec4 0, 0, 7;
    %cmp/e;
    %flag_get/vec4 4;
    %and;
T_41.40;
    %assign/vec4 v0xa524a1400_0, 0;
    %load/vec4 v0xa524a21c0_0;
    %flag_set/vec4 9;
    %flag_get/vec4 9;
    %jmp/0 T_41.43, 9;
    %load/vec4 v0xa524a3f20_0;
    %parti/s 3, 12, 5;
    %pushi/vec4 5, 0, 3;
    %cmp/e;
    %flag_get/vec4 4;
    %and;
T_41.43;
    %flag_set/vec4 8;
    %flag_get/vec4 8;
    %jmp/0 T_41.42, 8;
    %load/vec4 v0xa524a3f20_0;
    %parti/s 7, 25, 6;
    %pushi/vec4 0, 0, 7;
    %cmp/e;
    %flag_get/vec4 4;
    %and;
T_41.42;
    %assign/vec4 v0xa524a1900_0, 0;
    %load/vec4 v0xa524a21c0_0;
    %flag_set/vec4 9;
    %flag_get/vec4 9;
    %jmp/0 T_41.45, 9;
    %load/vec4 v0xa524a3f20_0;
    %parti/s 3, 12, 5;
    %pushi/vec4 5, 0, 3;
    %cmp/e;
    %flag_get/vec4 4;
    %and;
T_41.45;
    %flag_set/vec4 8;
    %flag_get/vec4 8;
    %jmp/0 T_41.44, 8;
    %load/vec4 v0xa524a3f20_0;
    %parti/s 7, 25, 6;
    %pushi/vec4 32, 0, 7;
    %cmp/e;
    %flag_get/vec4 4;
    %and;
T_41.44;
    %assign/vec4 v0xa524a17c0_0, 0;
    %load/vec4 v0xa524a2260_0;
    %flag_set/vec4 9;
    %flag_get/vec4 9;
    %jmp/0 T_41.47, 9;
    %load/vec4 v0xa524a3f20_0;
    %parti/s 3, 12, 5;
    %pushi/vec4 0, 0, 3;
    %cmp/e;
    %flag_get/vec4 4;
    %and;
T_41.47;
    %flag_set/vec4 8;
    %flag_get/vec4 8;
    %jmp/0 T_41.46, 8;
    %load/vec4 v0xa524a3f20_0;
    %parti/s 7, 25, 6;
    %pushi/vec4 0, 0, 7;
    %cmp/e;
    %flag_get/vec4 4;
    %and;
T_41.46;
    %assign/vec4 v0xa5249fe80_0, 0;
    %load/vec4 v0xa524a2260_0;
    %flag_set/vec4 9;
    %flag_get/vec4 9;
    %jmp/0 T_41.49, 9;
    %load/vec4 v0xa524a3f20_0;
    %parti/s 3, 12, 5;
    %pushi/vec4 0, 0, 3;
    %cmp/e;
    %flag_get/vec4 4;
    %and;
T_41.49;
    %flag_set/vec4 8;
    %flag_get/vec4 8;
    %jmp/0 T_41.48, 8;
    %load/vec4 v0xa524a3f20_0;
    %parti/s 7, 25, 6;
    %pushi/vec4 32, 0, 7;
    %cmp/e;
    %flag_get/vec4 4;
    %and;
T_41.48;
    %assign/vec4 v0xa524a19a0_0, 0;
    %load/vec4 v0xa524a2260_0;
    %flag_set/vec4 9;
    %flag_get/vec4 9;
    %jmp/0 T_41.51, 9;
    %load/vec4 v0xa524a3f20_0;
    %parti/s 3, 12, 5;
    %pushi/vec4 1, 0, 3;
    %cmp/e;
    %flag_get/vec4 4;
    %and;
T_41.51;
    %flag_set/vec4 8;
    %flag_get/vec4 8;
    %jmp/0 T_41.50, 8;
    %load/vec4 v0xa524a3f20_0;
    %parti/s 7, 25, 6;
    %pushi/vec4 0, 0, 7;
    %cmp/e;
    %flag_get/vec4 4;
    %and;
T_41.50;
    %assign/vec4 v0xa524a1360_0, 0;
    %load/vec4 v0xa524a2260_0;
    %flag_set/vec4 9;
    %flag_get/vec4 9;
    %jmp/0 T_41.53, 9;
    %load/vec4 v0xa524a3f20_0;
    %parti/s 3, 12, 5;
    %pushi/vec4 2, 0, 3;
    %cmp/e;
    %flag_get/vec4 4;
    %and;
T_41.53;
    %flag_set/vec4 8;
    %flag_get/vec4 8;
    %jmp/0 T_41.52, 8;
    %load/vec4 v0xa524a3f20_0;
    %parti/s 7, 25, 6;
    %pushi/vec4 0, 0, 7;
    %cmp/e;
    %flag_get/vec4 4;
    %and;
T_41.52;
    %assign/vec4 v0xa524a14a0_0, 0;
    %load/vec4 v0xa524a2260_0;
    %flag_set/vec4 9;
    %flag_get/vec4 9;
    %jmp/0 T_41.55, 9;
    %load/vec4 v0xa524a3f20_0;
    %parti/s 3, 12, 5;
    %pushi/vec4 3, 0, 3;
    %cmp/e;
    %flag_get/vec4 4;
    %and;
T_41.55;
    %flag_set/vec4 8;
    %flag_get/vec4 8;
    %jmp/0 T_41.54, 8;
    %load/vec4 v0xa524a3f20_0;
    %parti/s 7, 25, 6;
    %pushi/vec4 0, 0, 7;
    %cmp/e;
    %flag_get/vec4 4;
    %and;
T_41.54;
    %assign/vec4 v0xa524a1680_0, 0;
    %load/vec4 v0xa524a2260_0;
    %flag_set/vec4 9;
    %flag_get/vec4 9;
    %jmp/0 T_41.57, 9;
    %load/vec4 v0xa524a3f20_0;
    %parti/s 3, 12, 5;
    %pushi/vec4 4, 0, 3;
    %cmp/e;
    %flag_get/vec4 4;
    %and;
T_41.57;
    %flag_set/vec4 8;
    %flag_get/vec4 8;
    %jmp/0 T_41.56, 8;
    %load/vec4 v0xa524a3f20_0;
    %parti/s 7, 25, 6;
    %pushi/vec4 0, 0, 7;
    %cmp/e;
    %flag_get/vec4 4;
    %and;
T_41.56;
    %assign/vec4 v0xa524a1cc0_0, 0;
    %load/vec4 v0xa524a2260_0;
    %flag_set/vec4 9;
    %flag_get/vec4 9;
    %jmp/0 T_41.59, 9;
    %load/vec4 v0xa524a3f20_0;
    %parti/s 3, 12, 5;
    %pushi/vec4 5, 0, 3;
    %cmp/e;
    %flag_get/vec4 4;
    %and;
T_41.59;
    %flag_set/vec4 8;
    %flag_get/vec4 8;
    %jmp/0 T_41.58, 8;
    %load/vec4 v0xa524a3f20_0;
    %parti/s 7, 25, 6;
    %pushi/vec4 0, 0, 7;
    %cmp/e;
    %flag_get/vec4 4;
    %and;
T_41.58;
    %assign/vec4 v0xa524a1860_0, 0;
    %load/vec4 v0xa524a2260_0;
    %flag_set/vec4 9;
    %flag_get/vec4 9;
    %jmp/0 T_41.61, 9;
    %load/vec4 v0xa524a3f20_0;
    %parti/s 3, 12, 5;
    %pushi/vec4 5, 0, 3;
    %cmp/e;
    %flag_get/vec4 4;
    %and;
T_41.61;
    %flag_set/vec4 8;
    %flag_get/vec4 8;
    %jmp/0 T_41.60, 8;
    %load/vec4 v0xa524a3f20_0;
    %parti/s 7, 25, 6;
    %pushi/vec4 32, 0, 7;
    %cmp/e;
    %flag_get/vec4 4;
    %and;
T_41.60;
    %assign/vec4 v0xa524a1720_0, 0;
    %load/vec4 v0xa524a2260_0;
    %flag_set/vec4 9;
    %flag_get/vec4 9;
    %jmp/0 T_41.63, 9;
    %load/vec4 v0xa524a3f20_0;
    %parti/s 3, 12, 5;
    %pushi/vec4 6, 0, 3;
    %cmp/e;
    %flag_get/vec4 4;
    %and;
T_41.63;
    %flag_set/vec4 8;
    %flag_get/vec4 8;
    %jmp/0 T_41.62, 8;
    %load/vec4 v0xa524a3f20_0;
    %parti/s 7, 25, 6;
    %pushi/vec4 0, 0, 7;
    %cmp/e;
    %flag_get/vec4 4;
    %and;
T_41.62;
    %assign/vec4 v0xa524a0d20_0, 0;
    %load/vec4 v0xa524a2260_0;
    %flag_set/vec4 9;
    %flag_get/vec4 9;
    %jmp/0 T_41.65, 9;
    %load/vec4 v0xa524a3f20_0;
    %parti/s 3, 12, 5;
    %pushi/vec4 7, 0, 3;
    %cmp/e;
    %flag_get/vec4 4;
    %and;
T_41.65;
    %flag_set/vec4 8;
    %flag_get/vec4 8;
    %jmp/0 T_41.64, 8;
    %load/vec4 v0xa524a3f20_0;
    %parti/s 7, 25, 6;
    %pushi/vec4 0, 0, 7;
    %cmp/e;
    %flag_get/vec4 4;
    %and;
T_41.64;
    %assign/vec4 v0xa524a0000_0, 0;
    %load/vec4 v0xa524a3f20_0;
    %parti/s 7, 0, 2;
    %cmpi/e 115, 0, 7;
    %flag_get/vec4 4;
    %jmp/0 T_41.68, 4;
    %load/vec4 v0xa524a3f20_0;
    %parti/s 20, 12, 5;
    %pad/u 32;
    %pushi/vec4 786434, 0, 32;
    %cmp/e;
    %flag_get/vec4 4;
    %and;
T_41.68;
    %flag_set/vec4 8;
    %jmp/1 T_41.67, 8;
    %load/vec4 v0xa524a3f20_0;
    %parti/s 7, 0, 2;
    %cmpi/e 115, 0, 7;
    %flag_get/vec4 4;
    %jmp/0 T_41.69, 4;
    %load/vec4 v0xa524a3f20_0;
    %parti/s 20, 12, 5;
    %pad/u 32;
    %pushi/vec4 786690, 0, 32;
    %cmp/e;
    %flag_get/vec4 4;
    %and;
T_41.69;
    %flag_set/vec4 9;
    %flag_or 8, 9;
T_41.67;
    %flag_get/vec4 8;
    %jmp/0 T_41.66, 8;
    %pushi/vec4 1, 0, 1;
    %and;
T_41.66;
    %assign/vec4 v0xa524a0e60_0, 0;
    %load/vec4 v0xa524a3f20_0;
    %parti/s 7, 0, 2;
    %cmpi/e 115, 0, 7;
    %flag_get/vec4 4;
    %jmp/0 T_41.73, 4;
    %load/vec4 v0xa524a3f20_0;
    %parti/s 20, 12, 5;
    %pad/u 32;
    %pushi/vec4 819202, 0, 32;
    %cmp/e;
    %flag_get/vec4 4;
    %and;
T_41.73;
    %flag_set/vec4 9;
    %jmp/1 T_41.72, 9;
    %load/vec4 v0xa524a3f20_0;
    %parti/s 7, 0, 2;
    %cmpi/e 115, 0, 7;
    %flag_get/vec4 4;
    %jmp/0 T_41.74, 4;
    %load/vec4 v0xa524a3f20_0;
    %parti/s 20, 12, 5;
    %pad/u 32;
    %pushi/vec4 819458, 0, 32;
    %cmp/e;
    %flag_get/vec4 4;
    %and;
T_41.74;
    %flag_set/vec4 10;
    %flag_or 9, 10;
T_41.72;
    %flag_get/vec4 9;
    %jmp/0 T_41.71, 9;
    %pushi/vec4 1, 0, 1;
    %and;
T_41.71;
    %flag_set/vec4 8;
    %flag_get/vec4 8;
    %jmp/0 T_41.70, 8;
    %pushi/vec4 1, 0, 1;
    %and;
T_41.70;
    %assign/vec4 v0xa524a0f00_0, 0;
    %load/vec4 v0xa524a3f20_0;
    %parti/s 7, 0, 2;
    %cmpi/e 115, 0, 7;
    %flag_get/vec4 4;
    %jmp/0 T_41.76, 4;
    %load/vec4 v0xa524a3f20_0;
    %parti/s 20, 12, 5;
    %pad/u 32;
    %pushi/vec4 786946, 0, 32;
    %cmp/e;
    %flag_get/vec4 4;
    %and;
T_41.76;
    %flag_set/vec4 8;
    %flag_get/vec4 8;
    %jmp/0 T_41.75, 8;
    %pushi/vec4 1, 0, 1;
    %and;
T_41.75;
    %assign/vec4 v0xa524a0fa0_0, 0;
    %load/vec4 v0xa524a3f20_0;
    %parti/s 7, 0, 2;
    %cmpi/e 115, 0, 7;
    %flag_get/vec4 4;
    %jmp/0 T_41.79, 4;
    %load/vec4 v0xa524a3f20_0;
    %parti/s 20, 12, 5;
    %pad/u 32;
    %pushi/vec4 819714, 0, 32;
    %cmp/e;
    %flag_get/vec4 4;
    %and;
T_41.79;
    %flag_set/vec4 9;
    %flag_get/vec4 9;
    %jmp/0 T_41.78, 9;
    %pushi/vec4 1, 0, 1;
    %and;
T_41.78;
    %flag_set/vec4 8;
    %flag_get/vec4 8;
    %jmp/0 T_41.77, 8;
    %pushi/vec4 1, 0, 1;
    %and;
T_41.77;
    %assign/vec4 v0xa524a1040_0, 0;
    %load/vec4 v0xa524a3f20_0;
    %parti/s 7, 0, 2;
    %cmpi/e 115, 0, 7;
    %flag_get/vec4 4;
    %jmp/0 T_41.82, 4;
    %load/vec4 v0xa524a3f20_0;
    %parti/s 11, 21, 6;
    %nor/r;
    %and;
T_41.82;
    %flag_set/vec4 9;
    %flag_get/vec4 9;
    %jmp/0 T_41.81, 9;
    %load/vec4 v0xa524a3f20_0;
    %parti/s 13, 7, 4;
    %nor/r;
    %and;
T_41.81;
    %flag_set/vec4 8;
    %flag_get/vec4 8;
    %jmp/1 T_41.80, 8;
    %pushi/vec4 0, 0, 1;
    %or;
T_41.80;
    %assign/vec4 v0xa524a05a0_0, 0;
    %load/vec4 v0xa524a3f20_0;
    %parti/s 7, 0, 2;
    %cmpi/e 15, 0, 7;
    %flag_get/vec4 4;
    %jmp/0 T_41.83, 4;
    %load/vec4 v0xa524a3f20_0;
    %parti/s 3, 12, 5;
    %nor/r;
    %and;
T_41.83;
    %assign/vec4 v0xa524a0640_0, 0;
    %load/vec4 v0xa524a3f20_0;
    %parti/s 7, 0, 2;
    %cmpi/e 11, 0, 7;
    %flag_get/vec4 4;
    %jmp/0 T_41.86, 4;
    %load/vec4 v0xa524a3f20_0;
    %parti/s 7, 25, 6;
    %pushi/vec4 0, 0, 7;
    %cmp/e;
    %flag_get/vec4 4;
    %and;
T_41.86;
    %flag_set/vec4 9;
    %flag_get/vec4 9;
    %jmp/0 T_41.85, 9;
    %pushi/vec4 0, 0, 1;
    %and;
T_41.85;
    %flag_set/vec4 8;
    %flag_get/vec4 8;
    %jmp/0 T_41.84, 8;
    %pushi/vec4 1, 0, 1;
    %and;
T_41.84;
    %assign/vec4 v0xa524a06e0_0, 0;
    %load/vec4 v0xa524a3f20_0;
    %parti/s 7, 0, 2;
    %cmpi/e 11, 0, 7;
    %flag_get/vec4 4;
    %jmp/0 T_41.89, 4;
    %load/vec4 v0xa524a3f20_0;
    %parti/s 7, 25, 6;
    %pushi/vec4 1, 0, 7;
    %cmp/e;
    %flag_get/vec4 4;
    %and;
T_41.89;
    %flag_set/vec4 9;
    %flag_get/vec4 9;
    %jmp/0 T_41.88, 9;
    %pushi/vec4 0, 0, 1;
    %and;
T_41.88;
    %flag_set/vec4 8;
    %flag_get/vec4 8;
    %jmp/0 T_41.87, 8;
    %pushi/vec4 1, 0, 1;
    %and;
T_41.87;
    %assign/vec4 v0xa524a1220_0, 0;
    %load/vec4 v0xa524a3f20_0;
    %parti/s 7, 0, 2;
    %cmpi/e 11, 0, 7;
    %flag_get/vec4 4;
    %jmp/0 T_41.91, 4;
    %load/vec4 v0xa524a3f20_0;
    %parti/s 7, 25, 6;
    %pushi/vec4 3, 0, 7;
    %cmp/e;
    %flag_get/vec4 4;
    %and;
T_41.91;
    %flag_set/vec4 8;
    %flag_get/vec4 8;
    %jmp/0 T_41.90, 8;
    %pushi/vec4 0, 0, 1;
    %and;
T_41.90;
    %assign/vec4 v0xa524a0c80_0, 0;
    %load/vec4 v0xa524a3f20_0;
    %parti/s 7, 0, 2;
    %cmpi/e 11, 0, 7;
    %flag_get/vec4 4;
    %jmp/0 T_41.94, 4;
    %load/vec4 v0xa524a3f20_0;
    %parti/s 7, 25, 6;
    %pushi/vec4 5, 0, 7;
    %cmp/e;
    %flag_get/vec4 4;
    %and;
T_41.94;
    %flag_set/vec4 9;
    %flag_get/vec4 9;
    %jmp/0 T_41.93, 9;
    %pushi/vec4 0, 0, 1;
    %and;
T_41.93;
    %flag_set/vec4 8;
    %flag_get/vec4 8;
    %jmp/0 T_41.92, 8;
    %pushi/vec4 1, 0, 1;
    %and;
T_41.92;
    %assign/vec4 v0xa524a1ae0_0, 0;
    %load/vec4 v0xa524a21c0_0;
    %flag_set/vec4 8;
    %flag_get/vec4 8;
    %jmp/0 T_41.95, 8;
    %load/vec4 v0xa524a3f20_0;
    %parti/s 3, 12, 5;
    %cmpi/e 1, 0, 3;
    %flag_get/vec4 4;
    %jmp/0 T_41.96, 4;
    %load/vec4 v0xa524a3f20_0;
    %parti/s 7, 25, 6;
    %pushi/vec4 0, 0, 7;
    %cmp/e;
    %flag_get/vec4 4;
    %and;
T_41.96;
    %load/vec4 v0xa524a3f20_0;
    %parti/s 3, 12, 5;
    %cmpi/e 5, 0, 3;
    %flag_get/vec4 4;
    %jmp/0 T_41.97, 4;
    %load/vec4 v0xa524a3f20_0;
    %parti/s 7, 25, 6;
    %pushi/vec4 0, 0, 7;
    %cmp/e;
    %flag_get/vec4 4;
    %and;
T_41.97;
    %concat/vec4; draw_concat_vec4
    %load/vec4 v0xa524a3f20_0;
    %parti/s 3, 12, 5;
    %cmpi/e 5, 0, 3;
    %flag_get/vec4 4;
    %jmp/0 T_41.98, 4;
    %load/vec4 v0xa524a3f20_0;
    %parti/s 7, 25, 6;
    %pushi/vec4 32, 0, 7;
    %cmp/e;
    %flag_get/vec4 4;
    %and;
T_41.98;
    %concat/vec4; draw_concat_vec4
    %or/r;
    %and;
T_41.95;
    %assign/vec4 v0xa524a2940_0, 0;
    %load/vec4 v0xa524a0820_0;
    %flag_set/vec4 8;
    %flag_get/vec4 8;
    %jmp/1 T_41.99, 8;
    %load/vec4 v0xa524a21c0_0;
    %flag_set/vec4 8;
    %flag_get/vec4 8;
    %jmp/0 T_41.100, 8;
    %load/vec4 v0xa524a3f20_0;
    %parti/s 3, 12, 5;
    %pushi/vec4 0, 0, 3;
    %cmp/e;
    %flag_get/vec4 4;
    %load/vec4 v0xa524a3f20_0;
    %parti/s 3, 12, 5;
    %pushi/vec4 2, 0, 3;
    %cmp/e;
    %flag_get/vec4 4;
    %concat/vec4; draw_concat_vec4
    %load/vec4 v0xa524a3f20_0;
    %parti/s 3, 12, 5;
    %pushi/vec4 3, 0, 3;
    %cmp/e;
    %flag_get/vec4 4;
    %concat/vec4; draw_concat_vec4
    %load/vec4 v0xa524a3f20_0;
    %parti/s 3, 12, 5;
    %pushi/vec4 4, 0, 3;
    %cmp/e;
    %flag_get/vec4 4;
    %concat/vec4; draw_concat_vec4
    %load/vec4 v0xa524a3f20_0;
    %parti/s 3, 12, 5;
    %pushi/vec4 6, 0, 3;
    %cmp/e;
    %flag_get/vec4 4;
    %concat/vec4; draw_concat_vec4
    %load/vec4 v0xa524a3f20_0;
    %parti/s 3, 12, 5;
    %pushi/vec4 7, 0, 3;
    %cmp/e;
    %flag_get/vec4 4;
    %concat/vec4; draw_concat_vec4
    %or/r;
    %and;
T_41.100;
    %or;
T_41.99;
    %assign/vec4 v0xa524a2440_0, 0;
    %load/vec4 v0xa524a2260_0;
    %flag_set/vec4 8;
    %flag_get/vec4 8;
    %jmp/0 T_41.101, 8;
    %load/vec4 v0xa524a3f20_0;
    %parti/s 3, 12, 5;
    %cmpi/e 1, 0, 3;
    %flag_get/vec4 4;
    %jmp/0 T_41.102, 4;
    %load/vec4 v0xa524a3f20_0;
    %parti/s 7, 25, 6;
    %pushi/vec4 0, 0, 7;
    %cmp/e;
    %flag_get/vec4 4;
    %and;
T_41.102;
    %load/vec4 v0xa524a3f20_0;
    %parti/s 3, 12, 5;
    %cmpi/e 5, 0, 3;
    %flag_get/vec4 4;
    %jmp/0 T_41.103, 4;
    %load/vec4 v0xa524a3f20_0;
    %parti/s 7, 25, 6;
    %pushi/vec4 0, 0, 7;
    %cmp/e;
    %flag_get/vec4 4;
    %and;
T_41.103;
    %concat/vec4; draw_concat_vec4
    %load/vec4 v0xa524a3f20_0;
    %parti/s 3, 12, 5;
    %cmpi/e 5, 0, 3;
    %flag_get/vec4 4;
    %jmp/0 T_41.104, 4;
    %load/vec4 v0xa524a3f20_0;
    %parti/s 7, 25, 6;
    %pushi/vec4 32, 0, 7;
    %cmp/e;
    %flag_get/vec4 4;
    %and;
T_41.104;
    %concat/vec4; draw_concat_vec4
    %or/r;
    %and;
T_41.101;
    %assign/vec4 v0xa524a28a0_0, 0;
    %pushi/vec4 0, 0, 1;
    %assign/vec4 v0xa524a26c0_0, 0;
    %pushi/vec4 0, 0, 1;
    %assign/vec4 v0xa524a23a0_0, 0;
    %pushi/vec4 1, 0, 1;
    %dup/vec4;
    %load/vec4 v0xa524a0780_0;
    %cmp/u;
    %jmp/1 T_41.105, 6;
    %dup/vec4;
    %load/vec4 v0xa524a0b40_0;
    %load/vec4 v0xa524a0140_0;
    %concat/vec4; draw_concat_vec4
    %or/r;
    %cmp/u;
    %jmp/1 T_41.106, 6;
    %dup/vec4;
    %load/vec4 v0xa524a0820_0;
    %load/vec4 v0xa524a24e0_0;
    %concat/vec4; draw_concat_vec4
    %load/vec4 v0xa524a21c0_0;
    %concat/vec4; draw_concat_vec4
    %or/r;
    %cmp/u;
    %jmp/1 T_41.107, 6;
    %dup/vec4;
    %load/vec4 v0xa524a2300_0;
    %cmp/u;
    %jmp/1 T_41.108, 6;
    %dup/vec4;
    %load/vec4 v0xa524a2800_0;
    %cmp/u;
    %jmp/1 T_41.109, 6;
    %pushi/vec4 1, 1, 32;
    %assign/vec4 v0xa5249f700_0, 0;
    %jmp T_41.111;
T_41.105 ;
    %load/vec4 v0xa5249f7a0_0;
    %assign/vec4 v0xa5249f700_0, 0;
    %jmp T_41.111;
T_41.106 ;
    %load/vec4 v0xa524a3f20_0;
    %parti/s 20, 12, 5;
    %pad/u 32;
    %ix/load 4, 12, 0;
    %flag_set/imm 4, 0;
    %shiftl 4;
    %assign/vec4 v0xa5249f700_0, 0;
    %jmp T_41.111;
T_41.107 ;
    %load/vec4 v0xa524a3f20_0;
    %parti/s 12, 20, 6;
    %pad/s 32;
    %assign/vec4 v0xa5249f700_0, 0;
    %jmp T_41.111;
T_41.108 ;
    %load/vec4 v0xa524a3f20_0;
    %parti/s 1, 31, 6;
    %load/vec4 v0xa524a3f20_0;
    %parti/s 1, 7, 4;
    %concat/vec4; draw_concat_vec4
    %load/vec4 v0xa524a3f20_0;
    %parti/s 6, 25, 6;
    %concat/vec4; draw_concat_vec4
    %load/vec4 v0xa524a3f20_0;
    %parti/s 4, 8, 5;
    %concat/vec4; draw_concat_vec4
    %concati/vec4 0, 0, 1;
    %pad/s 32;
    %assign/vec4 v0xa5249f700_0, 0;
    %jmp T_41.111;
T_41.109 ;
    %load/vec4 v0xa524a3f20_0;
    %parti/s 7, 25, 6;
    %load/vec4 v0xa524a3f20_0;
    %parti/s 5, 7, 4;
    %concat/vec4; draw_concat_vec4
    %pad/s 32;
    %assign/vec4 v0xa5249f700_0, 0;
    %jmp T_41.111;
T_41.111 ;
    %pop/vec4 1;
T_41.17 ;
    %load/vec4 v0xa524a9cc0_0;
    %nor/r;
    %flag_set/vec4 8;
    %jmp/0xz  T_41.112, 8;
    %pushi/vec4 0, 0, 1;
    %assign/vec4 v0xa524a2300_0, 0;
    %pushi/vec4 0, 0, 1;
    %assign/vec4 v0xa524a23a0_0, 0;
    %pushi/vec4 0, 0, 1;
    %assign/vec4 v0xa524a01e0_0, 0;
    %pushi/vec4 0, 0, 1;
    %assign/vec4 v0xa524a0500_0, 0;
    %pushi/vec4 0, 0, 1;
    %assign/vec4 v0xa524a03c0_0, 0;
    %pushi/vec4 0, 0, 1;
    %assign/vec4 v0xa524a0280_0, 0;
    %pushi/vec4 0, 0, 1;
    %assign/vec4 v0xa524a0460_0, 0;
    %pushi/vec4 0, 0, 1;
    %assign/vec4 v0xa524a0320_0, 0;
    %pushi/vec4 0, 0, 1;
    %assign/vec4 v0xa5249ff20_0, 0;
    %pushi/vec4 0, 0, 1;
    %assign/vec4 v0xa524a1540_0, 0;
    %pushi/vec4 0, 0, 1;
    %assign/vec4 v0xa524a15e0_0, 0;
    %pushi/vec4 0, 0, 1;
    %assign/vec4 v0xa524a1d60_0, 0;
    %pushi/vec4 0, 0, 1;
    %assign/vec4 v0xa524a0dc0_0, 0;
    %pushi/vec4 0, 0, 1;
    %assign/vec4 v0xa524a00a0_0, 0;
    %pushi/vec4 0, 0, 1;
    %assign/vec4 v0xa5249fe80_0, 0;
    %pushi/vec4 0, 0, 1;
    %assign/vec4 v0xa524a19a0_0, 0;
    %pushi/vec4 0, 0, 1;
    %assign/vec4 v0xa524a1360_0, 0;
    %pushi/vec4 0, 0, 1;
    %assign/vec4 v0xa524a14a0_0, 0;
    %pushi/vec4 0, 0, 1;
    %assign/vec4 v0xa524a1680_0, 0;
    %pushi/vec4 0, 0, 1;
    %assign/vec4 v0xa524a1cc0_0, 0;
    %pushi/vec4 0, 0, 1;
    %assign/vec4 v0xa524a1860_0, 0;
    %pushi/vec4 0, 0, 1;
    %assign/vec4 v0xa524a1720_0, 0;
    %pushi/vec4 0, 0, 1;
    %assign/vec4 v0xa524a0d20_0, 0;
    %pushi/vec4 0, 0, 1;
    %assign/vec4 v0xa524a0000_0, 0;
    %pushi/vec4 0, 0, 1;
    %assign/vec4 v0xa524a0640_0, 0;
T_41.112 ;
    %jmp T_41;
    .thread T_41;
    .scope S_0xa52958900;
T_42 ;
    %wait E_0xa52478940;
    %pushi/vec4 0, 0, 32; draw_string_vec4
    %pushi/vec4 0, 0, 32; draw_string_vec4
    %concat/vec4; draw_string_vec4
    %pushi/vec4 0, 0, 32; draw_string_vec4
    %concat/vec4; draw_string_vec4
    %pushi/vec4 0, 0, 32; draw_string_vec4
    %concat/vec4; draw_string_vec4
    %store/vec4 v0xa5249ea80_0, 0, 128;
    %load/vec4 v0xa5249e580_0;
    %cmpi/e 128, 0, 8;
    %jmp/0xz  T_42.0, 4;
    %pushi/vec4 0, 0, 32; draw_string_vec4
    %pushi/vec4 0, 0, 32; draw_string_vec4
    %concat/vec4; draw_string_vec4
    %pushi/vec4 0, 0, 32; draw_string_vec4
    %concat/vec4; draw_string_vec4
    %pushi/vec4 1953653104, 0, 32; draw_string_vec4
    %concat/vec4; draw_string_vec4
    %store/vec4 v0xa5249ea80_0, 0, 128;
T_42.0 ;
    %load/vec4 v0xa5249e580_0;
    %cmpi/e 64, 0, 8;
    %jmp/0xz  T_42.2, 4;
    %pushi/vec4 0, 0, 32; draw_string_vec4
    %pushi/vec4 0, 0, 32; draw_string_vec4
    %concat/vec4; draw_string_vec4
    %pushi/vec4 102, 0, 32; draw_string_vec4
    %concat/vec4; draw_string_vec4
    %pushi/vec4 1702126440, 0, 32; draw_string_vec4
    %concat/vec4; draw_string_vec4
    %store/vec4 v0xa5249ea80_0, 0, 128;
T_42.2 ;
    %load/vec4 v0xa5249e580_0;
    %cmpi/e 32, 0, 8;
    %jmp/0xz  T_42.4, 4;
    %pushi/vec4 0, 0, 32; draw_string_vec4
    %pushi/vec4 0, 0, 32; draw_string_vec4
    %concat/vec4; draw_string_vec4
    %pushi/vec4 27748, 0, 32; draw_string_vec4
    %concat/vec4; draw_string_vec4
    %pushi/vec4 1601336113, 0, 32; draw_string_vec4
    %concat/vec4; draw_string_vec4
    %store/vec4 v0xa5249ea80_0, 0, 128;
T_42.4 ;
    %load/vec4 v0xa5249e580_0;
    %cmpi/e 16, 0, 8;
    %jmp/0xz  T_42.6, 4;
    %pushi/vec4 0, 0, 32; draw_string_vec4
    %pushi/vec4 0, 0, 32; draw_string_vec4
    %concat/vec4; draw_string_vec4
    %pushi/vec4 27748, 0, 32; draw_string_vec4
    %concat/vec4; draw_string_vec4
    %pushi/vec4 1601336114, 0, 32; draw_string_vec4
    %concat/vec4; draw_string_vec4
    %store/vec4 v0xa5249ea80_0, 0, 128;
T_42.6 ;
    %load/vec4 v0xa5249e580_0;
    %cmpi/e 8, 0, 8;
    %jmp/0xz  T_42.8, 4;
    %pushi/vec4 0, 0, 32; draw_string_vec4
    %pushi/vec4 0, 0, 32; draw_string_vec4
    %concat/vec4; draw_string_vec4
    %pushi/vec4 0, 0, 32; draw_string_vec4
    %concat/vec4; draw_string_vec4
    %pushi/vec4 1702389091, 0, 32; draw_string_vec4
    %concat/vec4; draw_string_vec4
    %store/vec4 v0xa5249ea80_0, 0, 128;
T_42.8 ;
    %load/vec4 v0xa5249e580_0;
    %cmpi/e 4, 0, 8;
    %jmp/0xz  T_42.10, 4;
    %pushi/vec4 0, 0, 32; draw_string_vec4
    %pushi/vec4 0, 0, 32; draw_string_vec4
    %concat/vec4; draw_string_vec4
    %pushi/vec4 115, 0, 32; draw_string_vec4
    %concat/vec4; draw_string_vec4
    %pushi/vec4 1751737972, 0, 32; draw_string_vec4
    %concat/vec4; draw_string_vec4
    %store/vec4 v0xa5249ea80_0, 0, 128;
T_42.10 ;
    %load/vec4 v0xa5249e580_0;
    %cmpi/e 2, 0, 8;
    %jmp/0xz  T_42.12, 4;
    %pushi/vec4 0, 0, 32; draw_string_vec4
    %pushi/vec4 0, 0, 32; draw_string_vec4
    %concat/vec4; draw_string_vec4
    %pushi/vec4 115, 0, 32; draw_string_vec4
    %concat/vec4; draw_string_vec4
    %pushi/vec4 1953326445, 0, 32; draw_string_vec4
    %concat/vec4; draw_string_vec4
    %store/vec4 v0xa5249ea80_0, 0, 128;
T_42.12 ;
    %load/vec4 v0xa5249e580_0;
    %cmpi/e 1, 0, 8;
    %jmp/0xz  T_42.14, 4;
    %pushi/vec4 0, 0, 32; draw_string_vec4
    %pushi/vec4 0, 0, 32; draw_string_vec4
    %concat/vec4; draw_string_vec4
    %pushi/vec4 108, 0, 32; draw_string_vec4
    %concat/vec4; draw_string_vec4
    %pushi/vec4 1684890989, 0, 32; draw_string_vec4
    %concat/vec4; draw_string_vec4
    %store/vec4 v0xa5249ea80_0, 0, 128;
T_42.14 ;
    %jmp T_42;
    .thread T_42, $push;
    .scope S_0xa52958900;
T_43 ;
    %wait E_0xa52478900;
    %pushi/vec4 1, 1, 1;
    %store/vec4 v0xa5249d9a0_0, 0, 1;
    %pushi/vec4 1, 0, 1;
    %dup/vec4;
    %load/vec4 v0xa524a01e0_0;
    %cmp/u;
    %jmp/1 T_43.0, 6;
    %dup/vec4;
    %load/vec4 v0xa524a0500_0;
    %cmp/u;
    %jmp/1 T_43.1, 6;
    %dup/vec4;
    %load/vec4 v0xa524a0280_0;
    %cmp/u;
    %jmp/1 T_43.2, 6;
    %dup/vec4;
    %load/vec4 v0xa524a0320_0;
    %cmp/u;
    %jmp/1 T_43.3, 6;
    %dup/vec4;
    %load/vec4 v0xa524a29e0_0;
    %flag_set/vec4 8;
    %flag_get/vec4 8;
    %jmp/0 T_43.7, 8;
    %pushi/vec4 1, 0, 1;
    %and;
T_43.7;
    %cmp/u;
    %jmp/1 T_43.4, 6;
    %dup/vec4;
    %load/vec4 v0xa524a2a80_0;
    %flag_set/vec4 8;
    %flag_get/vec4 8;
    %jmp/0 T_43.8, 8;
    %pushi/vec4 1, 0, 1;
    %and;
T_43.8;
    %cmp/u;
    %jmp/1 T_43.5, 6;
    %jmp T_43.6;
T_43.0 ;
    %load/vec4 v0xa5249d720_0;
    %store/vec4 v0xa5249d9a0_0, 0, 1;
    %jmp T_43.6;
T_43.1 ;
    %load/vec4 v0xa5249d720_0;
    %nor/r;
    %store/vec4 v0xa5249d9a0_0, 0, 1;
    %jmp T_43.6;
T_43.2 ;
    %load/vec4 v0xa5249d7c0_0;
    %nor/r;
    %store/vec4 v0xa5249d9a0_0, 0, 1;
    %jmp T_43.6;
T_43.3 ;
    %load/vec4 v0xa5249d860_0;
    %nor/r;
    %store/vec4 v0xa5249d9a0_0, 0, 1;
    %jmp T_43.6;
T_43.4 ;
    %load/vec4 v0xa5249d7c0_0;
    %store/vec4 v0xa5249d9a0_0, 0, 1;
    %jmp T_43.6;
T_43.5 ;
    %load/vec4 v0xa5249d860_0;
    %store/vec4 v0xa5249d9a0_0, 0, 1;
    %jmp T_43.6;
T_43.6 ;
    %pop/vec4 1;
    %pushi/vec4 4294967295, 4294967295, 32;
    %store/vec4 v0xa5249d900_0, 0, 32;
    %pushi/vec4 1, 0, 1;
    %dup/vec4;
    %load/vec4 v0xa524a26c0_0;
    %cmp/u;
    %jmp/1 T_43.9, 6;
    %dup/vec4;
    %load/vec4 v0xa524a23a0_0;
    %cmp/u;
    %jmp/1 T_43.10, 6;
    %dup/vec4;
    %load/vec4 v0xa524a1d60_0;
    %flag_set/vec4 8;
    %flag_get/vec4 8;
    %jmp/1 T_43.17, 8;
    %load/vec4 v0xa524a1cc0_0;
    %or;
T_43.17;
    %cmp/u;
    %jmp/1 T_43.11, 6;
    %dup/vec4;
    %load/vec4 v0xa524a0dc0_0;
    %flag_set/vec4 8;
    %flag_get/vec4 8;
    %jmp/1 T_43.18, 8;
    %load/vec4 v0xa524a0d20_0;
    %or;
T_43.18;
    %cmp/u;
    %jmp/1 T_43.12, 6;
    %dup/vec4;
    %load/vec4 v0xa524a00a0_0;
    %flag_set/vec4 8;
    %flag_get/vec4 8;
    %jmp/1 T_43.19, 8;
    %load/vec4 v0xa524a0000_0;
    %or;
T_43.19;
    %cmp/u;
    %jmp/1 T_43.13, 6;
    %dup/vec4;
    %pushi/vec4 0, 0, 1;
    %cmp/u;
    %jmp/1 T_43.14, 6;
    %dup/vec4;
    %pushi/vec4 0, 0, 1;
    %cmp/u;
    %jmp/1 T_43.15, 6;
    %jmp T_43.16;
T_43.9 ;
    %load/vec4 v0xa5249d680_0;
    %store/vec4 v0xa5249d900_0, 0, 32;
    %jmp T_43.16;
T_43.10 ;
    %load/vec4 v0xa5249d9a0_0;
    %pad/u 32;
    %store/vec4 v0xa5249d900_0, 0, 32;
    %jmp T_43.16;
T_43.11 ;
    %load/vec4 v0xa524a99a0_0;
    %load/vec4 v0xa524a9a40_0;
    %xor;
    %store/vec4 v0xa5249d900_0, 0, 32;
    %jmp T_43.16;
T_43.12 ;
    %load/vec4 v0xa524a99a0_0;
    %load/vec4 v0xa524a9a40_0;
    %or;
    %store/vec4 v0xa5249d900_0, 0, 32;
    %jmp T_43.16;
T_43.13 ;
    %load/vec4 v0xa524a99a0_0;
    %load/vec4 v0xa524a9a40_0;
    %and;
    %store/vec4 v0xa5249d900_0, 0, 32;
    %jmp T_43.16;
T_43.14 ;
    %load/vec4 v0xa5249db80_0;
    %store/vec4 v0xa5249d900_0, 0, 32;
    %jmp T_43.16;
T_43.15 ;
    %load/vec4 v0xa5249dc20_0;
    %store/vec4 v0xa5249d900_0, 0, 32;
    %jmp T_43.16;
T_43.16 ;
    %pop/vec4 1;
    %jmp T_43;
    .thread T_43, $push;
    .scope S_0xa52958900;
T_44 ;
    %wait E_0xa52478800;
    %load/vec4 v0xa5249e1c0_0;
    %assign/vec4 v0xa5249e260_0, 0;
    %jmp T_44;
    .thread T_44;
    .scope S_0xa52958900;
T_45 ;
    %wait E_0xa524788c0;
    %load/vec4 v0xa5249e260_0;
    %store/vec4 v0xa5249e1c0_0, 0, 1;
    %load/vec4 v0xa524a94a0_0;
    %nor/r;
    %flag_set/vec4 8;
    %jmp/0xz  T_45.0, 8;
    %pushi/vec4 0, 0, 1;
    %store/vec4 v0xa5249e1c0_0, 0, 1;
T_45.0 ;
    %load/vec4 v0xa524a2bc0_0;
    %flag_set/vec4 8;
    %jmp/1 T_45.5, 8;
    %load/vec4 v0xa524a2120_0;
    %cmpi/ne 0, 0, 2;
    %flag_or 8, 4;
T_45.5;
    %jmp/1 T_45.4, 8;
    %load/vec4 v0xa524a9cc0_0;
    %nor/r;
    %flag_set/vec4 9;
    %flag_or 8, 9;
T_45.4;
    %jmp/0xz  T_45.2, 8;
    %pushi/vec4 0, 0, 1;
    %store/vec4 v0xa5249e1c0_0, 0, 1;
T_45.2 ;
    %jmp T_45;
    .thread T_45, $push;
    .scope S_0xa52958900;
T_46 ;
    %wait E_0xa52478880;
    %pushi/vec4 0, 0, 1;
    %store/vec4 v0xa5249e8a0_0, 0, 1;
    %pushi/vec4 4294967295, 4294967295, 32;
    %store/vec4 v0xa5249e800_0, 0, 32;
    %load/vec4 v0xa5249e580_0;
    %cmpi/e 64, 0, 8;
    %jmp/0xz  T_46.0, 4;
    %pushi/vec4 1, 0, 1;
    %dup/vec4;
    %load/vec4 v0xa524a2bc0_0;
    %cmp/u;
    %jmp/1 T_46.2, 6;
    %dup/vec4;
    %load/vec4 v0xa524a3020_0;
    %flag_set/vec4 8;
    %flag_get/vec4 8;
    %jmp/0 T_46.7, 8;
    %load/vec4 v0xa524a2bc0_0;
    %nor/r;
    %and;
T_46.7;
    %cmp/u;
    %jmp/1 T_46.3, 6;
    %dup/vec4;
    %pushi/vec4 0, 0, 1;
    %cmp/u;
    %jmp/1 T_46.4, 6;
    %dup/vec4;
    %pushi/vec4 0, 0, 1;
    %cmp/u;
    %jmp/1 T_46.5, 6;
    %jmp T_46.6;
T_46.2 ;
    %load/vec4 v0xa524a9b80_0;
    %load/vec4 v0xa524a2c60_0;
    %flag_set/vec4 8;
    %jmp/0 T_46.8, 8;
    %pushi/vec4 2, 0, 32;
    %jmp/1 T_46.9, 8;
T_46.8 ; End of true expr.
    %pushi/vec4 4, 0, 32;
    %jmp/0 T_46.9, 8;
 ; End of false expr.
    %blend;
T_46.9;
    %add;
    %store/vec4 v0xa5249e800_0, 0, 32;
    %pushi/vec4 1, 0, 1;
    %store/vec4 v0xa5249e8a0_0, 0, 1;
    %jmp T_46.6;
T_46.3 ;
    %load/vec4 v0xa524a2f80_0;
    %flag_set/vec4 8;
    %jmp/0 T_46.10, 8;
    %load/vec4 v0xa5249dae0_0;
    %jmp/1 T_46.11, 8;
T_46.10 ; End of true expr.
    %load/vec4 v0xa524a9ae0_0;
    %jmp/0 T_46.11, 8;
 ; End of false expr.
    %blend;
T_46.11;
    %store/vec4 v0xa5249e800_0, 0, 32;
    %pushi/vec4 1, 0, 1;
    %store/vec4 v0xa5249e8a0_0, 0, 1;
    %jmp T_46.6;
T_46.4 ;
    %load/vec4 v0xa524a9900_0;
    %load/vec4 v0xa524a2c60_0;
    %pad/u 32;
    %or;
    %store/vec4 v0xa5249e800_0, 0, 32;
    %pushi/vec4 1, 0, 1;
    %store/vec4 v0xa5249e8a0_0, 0, 1;
    %jmp T_46.6;
T_46.5 ;
    %load/vec4 v0xa524a2080_0;
    %load/vec4 v0xa524a1fe0_0;
    %inv;
    %and;
    %store/vec4 v0xa5249e800_0, 0, 32;
    %pushi/vec4 1, 0, 1;
    %store/vec4 v0xa5249e8a0_0, 0, 1;
    %jmp T_46.6;
T_46.6 ;
    %pop/vec4 1;
T_46.0 ;
    %jmp T_46;
    .thread T_46, $push;
    .scope S_0xa52958900;
T_47 ;
    %wait E_0xa52478800;
    %load/vec4 v0xa524a9cc0_0;
    %flag_set/vec4 10;
    %flag_get/vec4 10;
    %jmp/0 T_47.3, 10;
    %load/vec4 v0xa5249e8a0_0;
    %and;
T_47.3;
    %flag_set/vec4 9;
    %flag_get/vec4 9;
    %jmp/0 T_47.2, 9;
    %load/vec4 v0xa524a2ee0_0;
    %pushi/vec4 0, 0, 5;
    %cmp/ne;
    %flag_get/vec4 4;
    %and;
T_47.2;
    %flag_set/vec4 8;
    %jmp/0xz  T_47.0, 8;
    %load/vec4 v0xa5249e800_0;
    %load/vec4 v0xa524a2ee0_0;
    %pad/u 7;
    %ix/vec4 3;
    %ix/load 4, 0, 0; Constant delay
    %assign/vec4/a/d v0xa5249e620, 0, 4;
T_47.0 ;
    %jmp T_47;
    .thread T_47;
    .scope S_0xa52958900;
T_48 ;
    %wait E_0xa52478840;
    %pushi/vec4 31, 31, 5;
    %store/vec4 v0xa5249f8e0_0, 0, 5;
    %load/vec4 v0xa5249f980_0;
    %cmpi/ne 0, 0, 5;
    %flag_mov 8, 4;
    %jmp/0 T_48.0, 8;
    %load/vec4 v0xa5249f980_0;
    %pad/u 7;
    %ix/vec4 4;
    %load/vec4a v0xa5249e620, 4;
    %jmp/1 T_48.1, 8;
T_48.0 ; End of true expr.
    %pushi/vec4 0, 0, 32;
    %jmp/0 T_48.1, 8;
 ; End of false expr.
    %blend;
T_48.1;
    %store/vec4 v0xa5249e6c0_0, 0, 32;
    %load/vec4 v0xa5249fa20_0;
    %cmpi/ne 0, 0, 5;
    %flag_mov 8, 4;
    %jmp/0 T_48.2, 8;
    %load/vec4 v0xa5249fa20_0;
    %pad/u 7;
    %ix/vec4 4;
    %load/vec4a v0xa5249e620, 4;
    %jmp/1 T_48.3, 8;
T_48.2 ; End of true expr.
    %pushi/vec4 0, 0, 32;
    %jmp/0 T_48.3, 8;
 ; End of false expr.
    %blend;
T_48.3;
    %store/vec4 v0xa5249e760_0, 0, 32;
    %jmp T_48;
    .thread T_48, $push;
    .scope S_0xa52958900;
T_49 ;
    %wait E_0xa52478800;
    %pushi/vec4 0, 0, 1;
    %assign/vec4 v0xa524aa120_0, 0;
    %pushi/vec4 31, 31, 5;
    %assign/vec4 v0xa524a9c20_0, 0;
    %pushi/vec4 4294967295, 4294967295, 32;
    %assign/vec4 v0xa524a9ae0_0, 0;
    %pushi/vec4 0, 0, 1;
    %store/vec4 v0xa524a9e00_0, 0, 1;
    %pushi/vec4 0, 0, 1;
    %store/vec4 v0xa524a9d60_0, 0, 1;
    %pushi/vec4 0, 0, 1;
    %store/vec4 v0xa524a9ea0_0, 0, 1;
    %load/vec4 v0xa5249d9a0_0;
    %assign/vec4 v0xa5249da40_0, 0;
    %load/vec4 v0xa5249d900_0;
    %assign/vec4 v0xa5249dae0_0, 0;
    %pushi/vec4 0, 0, 1;
    %assign/vec4 v0xa5249dcc0_0, 0;
    %pushi/vec4 0, 0, 1;
    %assign/vec4 v0xa5249dd60_0, 0;
    %load/vec4 v0xa524a3160_0;
    %flag_set/vec4 8;
    %jmp/0xz  T_49.0, 8;
    %pushi/vec4 4294967295, 4294967295, 32;
    %assign/vec4 v0xa5249f3e0_0, 0;
    %pushi/vec4 4294967295, 4294967295, 32;
    %assign/vec4 v0xa5249f520_0, 0;
    %pushi/vec4 0, 0, 1;
    %assign/vec4 v0xa5249f480_0, 0;
    %pushi/vec4 0, 0, 1;
    %assign/vec4 v0xa5249f5c0_0, 0;
T_49.0 ;
    %load/vec4 v0xa524a9cc0_0;
    %flag_set/vec4 8;
    %jmp/0 T_49.2, 8;
    %load/vec4 v0xa5249e440_0;
    %addi 1, 0, 64;
    %jmp/1 T_49.3, 8;
T_49.2 ; End of true expr.
    %pushi/vec4 0, 0, 64;
    %jmp/0 T_49.3, 8;
 ; End of false expr.
    %blend;
T_49.3;
    %assign/vec4 v0xa5249e440_0, 0;
    %pushi/vec4 4294967295, 4294967295, 32;
    %store/vec4 v0xa524a8640_0, 0, 32;
    %load/vec4 v0xa524a3480_0;
    %flag_set/vec4 8;
    %flag_get/vec4 8;
    %jmp/0 T_49.4, 8;
    %load/vec4 v0xa524a35c0_0;
    %and;
T_49.4;
    %assign/vec4 v0xa5249fc00_0, 0;
    %load/vec4 v0xa5249fc00_0;
    %assign/vec4 v0xa5249fca0_0, 0;
    %pushi/vec4 0, 0, 1;
    %assign/vec4 v0xa5249fac0_0, 0;
    %load/vec4 v0xa5249fac0_0;
    %assign/vec4 v0xa5249fb60_0, 0;
    %pushi/vec4 0, 0, 1;
    %assign/vec4 v0xa5249fd40_0, 0;
    %pushi/vec4 0, 0, 1;
    %assign/vec4 v0xa524aa080_0, 0;
    %pushi/vec4 4294967295, 4294967295, 32;
    %concati/vec4 15, 15, 4;
    %assign/vec4 v0xa524a9fe0_0, 0;
    %load/vec4 v0xa524a9cc0_0;
    %nor/r;
    %flag_set/vec4 8;
    %jmp/0xz  T_49.5, 8;
    %pushi/vec4 0, 0, 32;
    %assign/vec4 v0xa524a9b80_0, 0;
    %pushi/vec4 0, 0, 32;
    %assign/vec4 v0xa524a9900_0, 0;
    %pushi/vec4 0, 0, 64;
    %assign/vec4 v0xa5249e4e0_0, 0;
    %pushi/vec4 0, 0, 1;
    %assign/vec4 v0xa524a3020_0, 0;
    %pushi/vec4 0, 0, 1;
    %assign/vec4 v0xa524a2f80_0, 0;
    %pushi/vec4 0, 0, 1;
    %assign/vec4 v0xa524a2bc0_0, 0;
    %pushi/vec4 0, 0, 1;
    %assign/vec4 v0xa524a30c0_0, 0;
    %pushi/vec4 0, 0, 1;
    %assign/vec4 v0xa524a2e40_0, 0;
    %pushi/vec4 0, 0, 1;
    %assign/vec4 v0xa524a2da0_0, 0;
    %pushi/vec4 0, 0, 1;
    %assign/vec4 v0xa524a2d00_0, 0;
    %pushi/vec4 0, 0, 1;
    %assign/vec4 v0xa524a92c0_0, 0;
    %pushi/vec4 0, 0, 1;
    %assign/vec4 v0xa524a9220_0, 0;
    %pushi/vec4 0, 0, 1;
    %assign/vec4 v0xa524a1ea0_0, 0;
    %pushi/vec4 0, 0, 1;
    %assign/vec4 v0xa524a1f40_0, 0;
    %pushi/vec4 4294967295, 0, 32;
    %assign/vec4 v0xa524a1fe0_0, 0;
    %pushi/vec4 0, 0, 32;
    %store/vec4 v0xa524a8640_0, 0, 32;
    %pushi/vec4 0, 0, 2;
    %assign/vec4 v0xa524a2120_0, 0;
    %pushi/vec4 0, 0, 32;
    %assign/vec4 v0xa5249fde0_0, 0;
    %pushi/vec4 0, 0, 32;
    %assign/vec4 v0xa524a9f40_0, 0;
    %pushi/vec4 64, 0, 8;
    %assign/vec4 v0xa5249e580_0, 0;
    %jmp T_49.6;
T_49.5 ;
    %load/vec4 v0xa5249e580_0;
    %dup/vec4;
    %pushi/vec4 128, 0, 8;
    %cmp/u;
    %jmp/1 T_49.7, 6;
    %dup/vec4;
    %pushi/vec4 64, 0, 8;
    %cmp/u;
    %jmp/1 T_49.8, 6;
    %dup/vec4;
    %pushi/vec4 32, 0, 8;
    %cmp/u;
    %jmp/1 T_49.9, 6;
    %dup/vec4;
    %pushi/vec4 16, 0, 8;
    %cmp/u;
    %jmp/1 T_49.10, 6;
    %dup/vec4;
    %pushi/vec4 8, 0, 8;
    %cmp/u;
    %jmp/1 T_49.11, 6;
    %dup/vec4;
    %pushi/vec4 4, 0, 8;
    %cmp/u;
    %jmp/1 T_49.12, 6;
    %dup/vec4;
    %pushi/vec4 2, 0, 8;
    %cmp/u;
    %jmp/1 T_49.13, 6;
    %dup/vec4;
    %pushi/vec4 1, 0, 8;
    %cmp/u;
    %jmp/1 T_49.14, 6;
    %jmp T_49.15;
T_49.7 ;
    %pushi/vec4 1, 0, 1;
    %assign/vec4 v0xa524aa120_0, 0;
    %jmp T_49.15;
T_49.8 ;
    %load/vec4 v0xa5249fc00_0;
    %nor/r;
    %flag_set/vec4 8;
    %flag_get/vec4 8;
    %jmp/0 T_49.16, 8;
    %load/vec4 v0xa5249fd40_0;
    %nor/r;
    %and;
T_49.16;
    %assign/vec4 v0xa524a3480_0, 0;
    %pushi/vec4 0, 0, 2;
    %assign/vec4 v0xa524a8320_0, 0;
    %load/vec4 v0xa524a9900_0;
    %store/vec4 v0xa5249e940_0, 0, 32;
    %pushi/vec4 1, 0, 1;
    %dup/vec4;
    %load/vec4 v0xa524a2bc0_0;
    %cmp/u;
    %jmp/1 T_49.17, 6;
    %dup/vec4;
    %load/vec4 v0xa524a3020_0;
    %flag_set/vec4 8;
    %flag_get/vec4 8;
    %jmp/0 T_49.22, 8;
    %load/vec4 v0xa524a2bc0_0;
    %nor/r;
    %and;
T_49.22;
    %cmp/u;
    %jmp/1 T_49.18, 6;
    %dup/vec4;
    %pushi/vec4 0, 0, 1;
    %cmp/u;
    %jmp/1 T_49.19, 6;
    %dup/vec4;
    %pushi/vec4 0, 0, 1;
    %cmp/u;
    %jmp/1 T_49.20, 6;
    %jmp T_49.21;
T_49.17 ;
    %load/vec4 v0xa524a3020_0;
    %flag_set/vec4 8;
    %jmp/0 T_49.23, 8;
    %load/vec4 v0xa524a2f80_0;
    %flag_set/vec4 9;
    %jmp/0 T_49.25, 9;
    %load/vec4 v0xa5249dae0_0;
    %jmp/1 T_49.26, 9;
T_49.25 ; End of true expr.
    %load/vec4 v0xa524a9ae0_0;
    %jmp/0 T_49.26, 9;
 ; End of false expr.
    %blend;
T_49.26;
    %pushi/vec4 4294967294, 0, 32;
    %and;
    %jmp/1 T_49.24, 8;
T_49.23 ; End of true expr.
    %load/vec4 v0xa524a9900_0;
    %jmp/0 T_49.24, 8;
 ; End of false expr.
    %blend;
T_49.24;
    %store/vec4 v0xa5249e940_0, 0, 32;
    %jmp T_49.21;
T_49.18 ;
    %jmp T_49.21;
T_49.19 ;
    %pushi/vec4 16, 0, 32;
    %store/vec4 v0xa5249e940_0, 0, 32;
    %pushi/vec4 1, 0, 1;
    %assign/vec4 v0xa524a1ea0_0, 0;
    %pushi/vec4 1, 0, 1;
    %assign/vec4 v0xa524a3480_0, 0;
    %jmp T_49.21;
T_49.20 ;
    %load/vec4 v0xa524a2080_0;
    %load/vec4 v0xa524a1fe0_0;
    %inv;
    %and;
    %assign/vec4 v0xa5249fde0_0, 0;
    %load/vec4 v0xa524a8640_0;
    %load/vec4 v0xa524a1fe0_0;
    %and;
    %store/vec4 v0xa524a8640_0, 0, 32;
    %jmp T_49.21;
T_49.21 ;
    %pop/vec4 1;
    %load/vec4 v0xa5249e940_0;
    %assign/vec4 v0xa524a9b80_0, 0;
    %load/vec4 v0xa5249e940_0;
    %assign/vec4 v0xa524a9900_0, 0;
    %pushi/vec4 0, 0, 1;
    %assign/vec4 v0xa524a3020_0, 0;
    %pushi/vec4 0, 0, 1;
    %assign/vec4 v0xa524a2f80_0, 0;
    %pushi/vec4 0, 0, 1;
    %assign/vec4 v0xa524a2bc0_0, 0;
    %pushi/vec4 0, 0, 1;
    %assign/vec4 v0xa524a2e40_0, 0;
    %pushi/vec4 0, 0, 1;
    %assign/vec4 v0xa524a2da0_0, 0;
    %pushi/vec4 0, 0, 1;
    %assign/vec4 v0xa524a2d00_0, 0;
    %load/vec4 v0xa5249f840_0;
    %assign/vec4 v0xa524a2ee0_0, 0;
    %load/vec4 v0xa5249e3a0_0;
    %assign/vec4 v0xa524a2c60_0, 0;
    %load/vec4 v0xa5249fc00_0;
    %flag_set/vec4 8;
    %jmp/0xz  T_49.27, 8;
    %load/vec4 v0xa524a1ea0_0;
    %assign/vec4 v0xa524a1f40_0, 0;
    %load/vec4 v0xa5249e940_0;
    %load/vec4 v0xa5249e3a0_0;
    %flag_set/vec4 8;
    %jmp/0 T_49.29, 8;
    %pushi/vec4 2, 0, 32;
    %jmp/1 T_49.30, 8;
T_49.29 ; End of true expr.
    %pushi/vec4 4, 0, 32;
    %jmp/0 T_49.30, 8;
 ; End of false expr.
    %blend;
T_49.30;
    %add;
    %assign/vec4 v0xa524a9900_0, 0;
    %load/vec4 v0xa5249e4e0_0;
    %addi 1, 0, 64;
    %assign/vec4 v0xa5249e4e0_0, 0;
    %load/vec4 v0xa524a0780_0;
    %flag_set/vec4 8;
    %jmp/0xz  T_49.31, 8;
    %pushi/vec4 1, 0, 1;
    %assign/vec4 v0xa524a3480_0, 0;
    %load/vec4 v0xa5249e940_0;
    %load/vec4 v0xa5249f7a0_0;
    %add;
    %assign/vec4 v0xa524a9900_0, 0;
    %pushi/vec4 1, 0, 1;
    %assign/vec4 v0xa524a2bc0_0, 0;
    %jmp T_49.32;
T_49.31 ;
    %pushi/vec4 0, 0, 1;
    %assign/vec4 v0xa524a3480_0, 0;
    %load/vec4 v0xa524a0820_0;
    %nor/r;
    %flag_set/vec4 8;
    %flag_get/vec4 8;
    %jmp/0 T_49.33, 8;
    %load/vec4 v0xa524a10e0_0;
    %nor/r;
    %and;
T_49.33;
    %assign/vec4 v0xa524a3340_0, 0;
    %pushi/vec4 32, 0, 8;
    %assign/vec4 v0xa5249e580_0, 0;
T_49.32 ;
T_49.27 ;
    %jmp T_49.15;
T_49.9 ;
    %pushi/vec4 4294967295, 4294967295, 32;
    %assign/vec4 v0xa524a99a0_0, 0;
    %pushi/vec4 4294967295, 4294967295, 32;
    %assign/vec4 v0xa524a9a40_0, 0;
    %pushi/vec4 1, 0, 1;
    %dup/vec4;
    %pushi/vec4 1, 0, 1;
    %flag_set/vec4 8;
    %flag_get/vec4 8;
    %jmp/0 T_49.48, 8;
    %load/vec4 v0xa524a1b80_0;
    %and;
T_49.48;
    %cmp/u;
    %jmp/1 T_49.34, 6;
    %dup/vec4;
    %pushi/vec4 1, 0, 1;
    %flag_set/vec4 8;
    %flag_get/vec4 8;
    %jmp/0 T_49.49, 8;
    %load/vec4 v0xa524a2760_0;
    %and;
T_49.49;
    %cmp/u;
    %jmp/1 T_49.35, 6;
    %dup/vec4;
    %load/vec4 v0xa524a2620_0;
    %cmp/u;
    %jmp/1 T_49.36, 6;
    %dup/vec4;
    %pushi/vec4 0, 0, 1;
    %cmp/u;
    %jmp/1 T_49.37, 6;
    %dup/vec4;
    %pushi/vec4 0, 0, 1;
    %cmp/u;
    %jmp/1 T_49.38, 6;
    %dup/vec4;
    %pushi/vec4 0, 0, 1;
    %cmp/u;
    %jmp/1 T_49.39, 6;
    %dup/vec4;
    %pushi/vec4 0, 0, 1;
    %cmp/u;
    %jmp/1 T_49.40, 6;
    %dup/vec4;
    %pushi/vec4 0, 0, 1;
    %cmp/u;
    %jmp/1 T_49.41, 6;
    %dup/vec4;
    %load/vec4 v0xa524a24e0_0;
    %flag_set/vec4 8;
    %flag_get/vec4 8;
    %jmp/0 T_49.50, 8;
    %load/vec4 v0xa524a1b80_0;
    %nor/r;
    %and;
T_49.50;
    %cmp/u;
    %jmp/1 T_49.42, 6;
    %dup/vec4;
    %load/vec4 v0xa524a2940_0;
    %flag_set/vec4 8;
    %flag_get/vec4 8;
    %jmp/0 T_49.51, 8;
    %pushi/vec4 1, 0, 1;
    %and;
T_49.51;
    %cmp/u;
    %jmp/1 T_49.43, 6;
    %dup/vec4;
    %load/vec4 v0xa524a2440_0;
    %cmp/u;
    %jmp/1 T_49.44, 6;
    %dup/vec4;
    %load/vec4 v0xa524a2940_0;
    %flag_set/vec4 8;
    %flag_get/vec4 8;
    %jmp/0 T_49.52, 8;
    %pushi/vec4 0, 0, 1;
    %and;
T_49.52;
    %cmp/u;
    %jmp/1 T_49.45, 6;
    %load/vec4 v0xa5249e6c0_0;
    %assign/vec4 v0xa524a99a0_0, 0;
    %load/vec4 v0xa5249e6c0_0;
    %assign/vec4 v0xa5249f3e0_0, 0;
    %pushi/vec4 1, 0, 1;
    %assign/vec4 v0xa5249f480_0, 0;
    %load/vec4 v0xa5249e760_0;
    %pad/u 5;
    %assign/vec4 v0xa524a9c20_0, 0;
    %load/vec4 v0xa5249e760_0;
    %assign/vec4 v0xa524a9a40_0, 0;
    %load/vec4 v0xa5249e760_0;
    %assign/vec4 v0xa5249f520_0, 0;
    %pushi/vec4 1, 0, 1;
    %assign/vec4 v0xa5249f5c0_0, 0;
    %pushi/vec4 1, 0, 1;
    %dup/vec4;
    %load/vec4 v0xa524a2800_0;
    %cmp/u;
    %jmp/1 T_49.53, 6;
    %dup/vec4;
    %load/vec4 v0xa524a28a0_0;
    %flag_set/vec4 8;
    %flag_get/vec4 8;
    %jmp/0 T_49.57, 8;
    %pushi/vec4 1, 0, 1;
    %and;
T_49.57;
    %cmp/u;
    %jmp/1 T_49.54, 6;
    %load/vec4 v0xa524a3340_0;
    %assign/vec4 v0xa524a3480_0, 0;
    %pushi/vec4 8, 0, 8;
    %assign/vec4 v0xa5249e580_0, 0;
    %jmp T_49.56;
T_49.53 ;
    %pushi/vec4 2, 0, 8;
    %assign/vec4 v0xa5249e580_0, 0;
    %pushi/vec4 1, 0, 1;
    %assign/vec4 v0xa524a3480_0, 0;
    %jmp T_49.56;
T_49.54 ;
    %pushi/vec4 4, 0, 8;
    %assign/vec4 v0xa5249e580_0, 0;
    %jmp T_49.56;
T_49.56 ;
    %pop/vec4 1;
    %jmp T_49.47;
T_49.34 ;
    %pushi/vec4 128, 0, 8;
    %assign/vec4 v0xa5249e580_0, 0;
    %jmp T_49.47;
T_49.35 ;
    %pushi/vec4 1, 0, 1;
    %dup/vec4;
    %load/vec4 v0xa524a0e60_0;
    %cmp/u;
    %jmp/1 T_49.58, 6;
    %dup/vec4;
    %load/vec4 v0xa524a0f00_0;
    %flag_set/vec4 8;
    %flag_get/vec4 8;
    %jmp/0 T_49.63, 8;
    %pushi/vec4 1, 0, 1;
    %and;
T_49.63;
    %cmp/u;
    %jmp/1 T_49.59, 6;
    %dup/vec4;
    %load/vec4 v0xa524a0fa0_0;
    %cmp/u;
    %jmp/1 T_49.60, 6;
    %dup/vec4;
    %load/vec4 v0xa524a1040_0;
    %flag_set/vec4 8;
    %flag_get/vec4 8;
    %jmp/0 T_49.64, 8;
    %pushi/vec4 1, 0, 1;
    %and;
T_49.64;
    %cmp/u;
    %jmp/1 T_49.61, 6;
    %jmp T_49.62;
T_49.58 ;
    %load/vec4 v0xa5249e440_0;
    %parti/s 32, 0, 2;
    %assign/vec4 v0xa524a9ae0_0, 0;
    %jmp T_49.62;
T_49.59 ;
    %load/vec4 v0xa5249e440_0;
    %parti/s 32, 32, 7;
    %assign/vec4 v0xa524a9ae0_0, 0;
    %jmp T_49.62;
T_49.60 ;
    %load/vec4 v0xa5249e4e0_0;
    %parti/s 32, 0, 2;
    %assign/vec4 v0xa524a9ae0_0, 0;
    %jmp T_49.62;
T_49.61 ;
    %load/vec4 v0xa5249e4e0_0;
    %parti/s 32, 32, 7;
    %assign/vec4 v0xa524a9ae0_0, 0;
    %jmp T_49.62;
T_49.62 ;
    %pop/vec4 1;
    %pushi/vec4 1, 0, 1;
    %assign/vec4 v0xa524a3020_0, 0;
    %pushi/vec4 64, 0, 8;
    %assign/vec4 v0xa5249e580_0, 0;
    %jmp T_49.47;
T_49.36 ;
    %load/vec4 v0xa524a0b40_0;
    %flag_set/vec4 8;
    %jmp/0 T_49.65, 8;
    %pushi/vec4 0, 0, 32;
    %jmp/1 T_49.66, 8;
T_49.65 ; End of true expr.
    %load/vec4 v0xa524a9b80_0;
    %jmp/0 T_49.66, 8;
 ; End of false expr.
    %blend;
T_49.66;
    %assign/vec4 v0xa524a99a0_0, 0;
    %load/vec4 v0xa5249f700_0;
    %assign/vec4 v0xa524a9a40_0, 0;
    %load/vec4 v0xa524a3340_0;
    %assign/vec4 v0xa524a3480_0, 0;
    %pushi/vec4 8, 0, 8;
    %assign/vec4 v0xa5249e580_0, 0;
    %jmp T_49.47;
T_49.37 ;
    %load/vec4 v0xa5249e6c0_0;
    %assign/vec4 v0xa524a9ae0_0, 0;
    %load/vec4 v0xa5249e6c0_0;
    %assign/vec4 v0xa5249f3e0_0, 0;
    %pushi/vec4 1, 0, 1;
    %assign/vec4 v0xa5249f480_0, 0;
    %pushi/vec4 1, 0, 1;
    %assign/vec4 v0xa524a3020_0, 0;
    %pushi/vec4 64, 0, 8;
    %assign/vec4 v0xa5249e580_0, 0;
    %jmp T_49.47;
T_49.38 ;
    %load/vec4 v0xa5249e6c0_0;
    %assign/vec4 v0xa524a9ae0_0, 0;
    %load/vec4 v0xa5249e6c0_0;
    %assign/vec4 v0xa5249f3e0_0, 0;
    %pushi/vec4 1, 0, 1;
    %assign/vec4 v0xa5249f480_0, 0;
    %load/vec4 v0xa524a2ee0_0;
    %pad/u 32;
    %pushi/vec4 32, 0, 32;
    %or;
    %pad/u 5;
    %assign/vec4 v0xa524a2ee0_0, 0;
    %pushi/vec4 1, 0, 1;
    %assign/vec4 v0xa524a3020_0, 0;
    %pushi/vec4 64, 0, 8;
    %assign/vec4 v0xa5249e580_0, 0;
    %jmp T_49.47;
T_49.39 ;
    %pushi/vec4 0, 0, 32;
    %assign/vec4 v0xa5249fde0_0, 0;
    %pushi/vec4 0, 0, 1;
    %assign/vec4 v0xa524a1ea0_0, 0;
    %pushi/vec4 1, 0, 1;
    %assign/vec4 v0xa524a2bc0_0, 0;
    %pushi/vec4 1, 0, 1;
    %assign/vec4 v0xa524a3020_0, 0;
    %load/vec4 v0xa5249e6c0_0;
    %pushi/vec4 4294967294, 0, 32;
    %and;
    %assign/vec4 v0xa524a9ae0_0, 0;
    %load/vec4 v0xa5249e6c0_0;
    %assign/vec4 v0xa5249f3e0_0, 0;
    %pushi/vec4 1, 0, 1;
    %assign/vec4 v0xa5249f480_0, 0;
    %pushi/vec4 64, 0, 8;
    %assign/vec4 v0xa5249e580_0, 0;
    %jmp T_49.47;
T_49.40 ;
    %pushi/vec4 1, 0, 1;
    %assign/vec4 v0xa524a3020_0, 0;
    %load/vec4 v0xa524a1fe0_0;
    %assign/vec4 v0xa524a9ae0_0, 0;
    %load/vec4 v0xa5249e6c0_0;
    %pushi/vec4 0, 0, 32;
    %or;
    %assign/vec4 v0xa524a1fe0_0, 0;
    %load/vec4 v0xa5249e6c0_0;
    %assign/vec4 v0xa5249f3e0_0, 0;
    %pushi/vec4 1, 0, 1;
    %assign/vec4 v0xa5249f480_0, 0;
    %pushi/vec4 64, 0, 8;
    %assign/vec4 v0xa5249e580_0, 0;
    %jmp T_49.47;
T_49.41 ;
    %pushi/vec4 1, 0, 1;
    %assign/vec4 v0xa524a3020_0, 0;
    %load/vec4 v0xa524a9f40_0;
    %assign/vec4 v0xa524a9ae0_0, 0;
    %load/vec4 v0xa5249e6c0_0;
    %assign/vec4 v0xa524a9f40_0, 0;
    %load/vec4 v0xa5249e6c0_0;
    %assign/vec4 v0xa5249f3e0_0, 0;
    %pushi/vec4 1, 0, 1;
    %assign/vec4 v0xa5249f480_0, 0;
    %pushi/vec4 64, 0, 8;
    %assign/vec4 v0xa5249e580_0, 0;
    %jmp T_49.47;
T_49.42 ;
    %load/vec4 v0xa5249e6c0_0;
    %assign/vec4 v0xa524a99a0_0, 0;
    %load/vec4 v0xa5249e6c0_0;
    %assign/vec4 v0xa5249f3e0_0, 0;
    %pushi/vec4 1, 0, 1;
    %assign/vec4 v0xa5249f480_0, 0;
    %pushi/vec4 1, 0, 8;
    %assign/vec4 v0xa5249e580_0, 0;
    %pushi/vec4 1, 0, 1;
    %assign/vec4 v0xa524a3480_0, 0;
    %jmp T_49.47;
T_49.43 ;
    %load/vec4 v0xa5249e6c0_0;
    %assign/vec4 v0xa524a99a0_0, 0;
    %load/vec4 v0xa5249e6c0_0;
    %assign/vec4 v0xa5249f3e0_0, 0;
    %pushi/vec4 1, 0, 1;
    %assign/vec4 v0xa5249f480_0, 0;
    %load/vec4 v0xa5249fa20_0;
    %assign/vec4 v0xa524a9c20_0, 0;
    %pushi/vec4 4, 0, 8;
    %assign/vec4 v0xa5249e580_0, 0;
    %jmp T_49.47;
T_49.44 ;
    %load/vec4 v0xa5249e6c0_0;
    %assign/vec4 v0xa524a99a0_0, 0;
    %load/vec4 v0xa5249e6c0_0;
    %assign/vec4 v0xa5249f3e0_0, 0;
    %pushi/vec4 1, 0, 1;
    %assign/vec4 v0xa5249f480_0, 0;
    %load/vec4 v0xa524a2940_0;
    %flag_set/vec4 9;
    %flag_get/vec4 9;
    %jmp/0 T_49.69, 9;
    %pushi/vec4 0, 0, 1;
    %and;
T_49.69;
    %flag_set/vec4 8;
    %jmp/0 T_49.67, 8;
    %load/vec4 v0xa5249fa20_0;
    %pad/u 32;
    %jmp/1 T_49.68, 8;
T_49.67 ; End of true expr.
    %load/vec4 v0xa5249f700_0;
    %jmp/0 T_49.68, 8;
 ; End of false expr.
    %blend;
T_49.68;
    %assign/vec4 v0xa524a9a40_0, 0;
    %load/vec4 v0xa524a3340_0;
    %assign/vec4 v0xa524a3480_0, 0;
    %pushi/vec4 8, 0, 8;
    %assign/vec4 v0xa5249e580_0, 0;
    %jmp T_49.47;
T_49.45 ;
    %load/vec4 v0xa5249e6c0_0;
    %assign/vec4 v0xa524a99a0_0, 0;
    %load/vec4 v0xa5249e6c0_0;
    %assign/vec4 v0xa5249f3e0_0, 0;
    %pushi/vec4 1, 0, 1;
    %assign/vec4 v0xa5249f480_0, 0;
    %load/vec4 v0xa524a2940_0;
    %flag_set/vec4 9;
    %flag_get/vec4 9;
    %jmp/0 T_49.72, 9;
    %pushi/vec4 0, 0, 1;
    %and;
T_49.72;
    %flag_set/vec4 8;
    %jmp/0 T_49.70, 8;
    %load/vec4 v0xa5249fa20_0;
    %pad/u 32;
    %jmp/1 T_49.71, 8;
T_49.70 ; End of true expr.
    %load/vec4 v0xa5249f700_0;
    %jmp/0 T_49.71, 8;
 ; End of false expr.
    %blend;
T_49.71;
    %assign/vec4 v0xa524a9a40_0, 0;
    %load/vec4 v0xa524a3340_0;
    %assign/vec4 v0xa524a3480_0, 0;
    %pushi/vec4 8, 0, 8;
    %assign/vec4 v0xa5249e580_0, 0;
    %jmp T_49.47;
T_49.47 ;
    %pop/vec4 1;
    %jmp T_49.15;
T_49.10 ;
    %load/vec4 v0xa5249e760_0;
    %pad/u 5;
    %assign/vec4 v0xa524a9c20_0, 0;
    %load/vec4 v0xa5249e760_0;
    %assign/vec4 v0xa524a9a40_0, 0;
    %load/vec4 v0xa5249e760_0;
    %assign/vec4 v0xa5249f520_0, 0;
    %pushi/vec4 1, 0, 1;
    %assign/vec4 v0xa5249f5c0_0, 0;
    %pushi/vec4 1, 0, 1;
    %dup/vec4;
    %pushi/vec4 0, 0, 1;
    %cmp/u;
    %jmp/1 T_49.73, 6;
    %dup/vec4;
    %load/vec4 v0xa524a2800_0;
    %cmp/u;
    %jmp/1 T_49.74, 6;
    %dup/vec4;
    %load/vec4 v0xa524a28a0_0;
    %flag_set/vec4 8;
    %flag_get/vec4 8;
    %jmp/0 T_49.78, 8;
    %pushi/vec4 1, 0, 1;
    %and;
T_49.78;
    %cmp/u;
    %jmp/1 T_49.75, 6;
    %load/vec4 v0xa524a3340_0;
    %assign/vec4 v0xa524a3480_0, 0;
    %pushi/vec4 8, 0, 8;
    %assign/vec4 v0xa5249e580_0, 0;
    %jmp T_49.77;
T_49.73 ;
    %pushi/vec4 1, 0, 1;
    %assign/vec4 v0xa524a92c0_0, 0;
    %load/vec4 v0xa524a8b40_0;
    %flag_set/vec4 8;
    %jmp/0xz  T_49.79, 8;
    %pushi/vec4 1, 0, 1;
    %assign/vec4 v0xa524a3480_0, 0;
    %pushi/vec4 0, 0, 1;
    %assign/vec4 v0xa524a92c0_0, 0;
    %load/vec4 v0xa524a8aa0_0;
    %assign/vec4 v0xa524a9ae0_0, 0;
    %load/vec4 v0xa524a8c80_0;
    %assign/vec4 v0xa524a3020_0, 0;
    %pushi/vec4 64, 0, 8;
    %assign/vec4 v0xa5249e580_0, 0;
    %jmp T_49.80;
T_49.79 ;
    %pushi/vec4 1, 0, 1;
    %flag_set/vec4 9;
    %flag_get/vec4 9;
    %jmp/0 T_49.83, 9;
    %load/vec4 v0xa524a9220_0;
    %flag_set/vec4 9;
    %flag_get/vec4 9;
    %jmp/1 T_49.84, 9;
    %load/vec4 v0xa524a05a0_0;
    %or;
T_49.84;
    %and;
T_49.83;
    %flag_set/vec4 8;
    %jmp/0xz  T_49.81, 8;
    %pushi/vec4 0, 0, 1;
    %assign/vec4 v0xa524a92c0_0, 0;
    %pushi/vec4 128, 0, 8;
    %assign/vec4 v0xa5249e580_0, 0;
T_49.81 ;
T_49.80 ;
    %jmp T_49.77;
T_49.74 ;
    %pushi/vec4 2, 0, 8;
    %assign/vec4 v0xa5249e580_0, 0;
    %pushi/vec4 1, 0, 1;
    %assign/vec4 v0xa524a3480_0, 0;
    %jmp T_49.77;
T_49.75 ;
    %pushi/vec4 4, 0, 8;
    %assign/vec4 v0xa5249e580_0, 0;
    %jmp T_49.77;
T_49.77 ;
    %pop/vec4 1;
    %jmp T_49.15;
T_49.11 ;
    %load/vec4 v0xa524a9b80_0;
    %load/vec4 v0xa5249f700_0;
    %add;
    %assign/vec4 v0xa524a9ae0_0, 0;
    %load/vec4 v0xa524a2300_0;
    %flag_set/vec4 8;
    %jmp/0xz  T_49.85, 8;
    %pushi/vec4 0, 0, 5;
    %assign/vec4 v0xa524a2ee0_0, 0;
    %load/vec4 v0xa5249d9a0_0;
    %assign/vec4 v0xa524a3020_0, 0;
    %load/vec4 v0xa5249d9a0_0;
    %assign/vec4 v0xa524a2bc0_0, 0;
    %load/vec4 v0xa524a35c0_0;
    %flag_set/vec4 8;
    %jmp/0xz  T_49.87, 8;
    %pushi/vec4 64, 0, 8;
    %assign/vec4 v0xa5249e580_0, 0;
T_49.87 ;
    %load/vec4 v0xa5249d9a0_0;
    %flag_set/vec4 8;
    %jmp/0xz  T_49.89, 8;
    %pushi/vec4 0, 0, 1;
    %assign/vec4 v0xa5249fc00_0, 0;
    %pushi/vec4 1, 0, 1;
    %store/vec4 v0xa524a9e00_0, 0, 1;
T_49.89 ;
    %jmp T_49.86;
T_49.85 ;
    %load/vec4 v0xa524a0820_0;
    %assign/vec4 v0xa524a2bc0_0, 0;
    %pushi/vec4 1, 0, 1;
    %assign/vec4 v0xa524a3020_0, 0;
    %pushi/vec4 1, 0, 1;
    %assign/vec4 v0xa524a2f80_0, 0;
    %pushi/vec4 64, 0, 8;
    %assign/vec4 v0xa5249e580_0, 0;
T_49.86 ;
    %jmp T_49.15;
T_49.12 ;
    %pushi/vec4 1, 0, 1;
    %assign/vec4 v0xa524a3020_0, 0;
    %load/vec4 v0xa524a9c20_0;
    %pad/u 32;
    %cmpi/e 0, 0, 32;
    %jmp/0xz  T_49.91, 4;
    %load/vec4 v0xa524a99a0_0;
    %assign/vec4 v0xa524a9ae0_0, 0;
    %load/vec4 v0xa524a3340_0;
    %assign/vec4 v0xa524a3480_0, 0;
    %pushi/vec4 64, 0, 8;
    %assign/vec4 v0xa5249e580_0, 0;
    %jmp T_49.92;
T_49.91 ;
    %pushi/vec4 1, 0, 1;
    %flag_set/vec4 9;
    %flag_get/vec4 9;
    %jmp/0 T_49.95, 9;
    %pushi/vec4 4, 0, 32;
    %load/vec4 v0xa524a9c20_0;
    %pad/u 32;
    %cmp/u;
    %flag_get/vec4 4;
    %flag_get/vec4 5;
    %or;
    %and;
T_49.95;
    %flag_set/vec4 8;
    %jmp/0xz  T_49.93, 8;
    %pushi/vec4 1, 0, 1;
    %dup/vec4;
    %load/vec4 v0xa524a1400_0;
    %flag_set/vec4 8;
    %flag_get/vec4 8;
    %jmp/1 T_49.100, 8;
    %load/vec4 v0xa524a1360_0;
    %or;
T_49.100;
    %cmp/u;
    %jmp/1 T_49.96, 6;
    %dup/vec4;
    %load/vec4 v0xa524a1900_0;
    %flag_set/vec4 8;
    %flag_get/vec4 8;
    %jmp/1 T_49.101, 8;
    %load/vec4 v0xa524a1860_0;
    %or;
T_49.101;
    %cmp/u;
    %jmp/1 T_49.97, 6;
    %dup/vec4;
    %load/vec4 v0xa524a17c0_0;
    %flag_set/vec4 8;
    %flag_get/vec4 8;
    %jmp/1 T_49.102, 8;
    %load/vec4 v0xa524a1720_0;
    %or;
T_49.102;
    %cmp/u;
    %jmp/1 T_49.98, 6;
    %jmp T_49.99;
T_49.96 ;
    %load/vec4 v0xa524a99a0_0;
    %ix/load 4, 4, 0;
    %flag_set/imm 4, 0;
    %shiftl 4;
    %assign/vec4 v0xa524a99a0_0, 0;
    %jmp T_49.99;
T_49.97 ;
    %load/vec4 v0xa524a99a0_0;
    %ix/load 4, 4, 0;
    %flag_set/imm 4, 0;
    %shiftr 4;
    %assign/vec4 v0xa524a99a0_0, 0;
    %jmp T_49.99;
T_49.98 ;
    %load/vec4 v0xa524a99a0_0;
    %ix/load 4, 4, 0;
    %flag_set/imm 4, 0;
    %shiftr/s 4;
    %assign/vec4 v0xa524a99a0_0, 0;
    %jmp T_49.99;
T_49.99 ;
    %pop/vec4 1;
    %load/vec4 v0xa524a9c20_0;
    %subi 4, 0, 5;
    %assign/vec4 v0xa524a9c20_0, 0;
    %jmp T_49.94;
T_49.93 ;
    %pushi/vec4 1, 0, 1;
    %dup/vec4;
    %load/vec4 v0xa524a1400_0;
    %flag_set/vec4 8;
    %flag_get/vec4 8;
    %jmp/1 T_49.107, 8;
    %load/vec4 v0xa524a1360_0;
    %or;
T_49.107;
    %cmp/u;
    %jmp/1 T_49.103, 6;
    %dup/vec4;
    %load/vec4 v0xa524a1900_0;
    %flag_set/vec4 8;
    %flag_get/vec4 8;
    %jmp/1 T_49.108, 8;
    %load/vec4 v0xa524a1860_0;
    %or;
T_49.108;
    %cmp/u;
    %jmp/1 T_49.104, 6;
    %dup/vec4;
    %load/vec4 v0xa524a17c0_0;
    %flag_set/vec4 8;
    %flag_get/vec4 8;
    %jmp/1 T_49.109, 8;
    %load/vec4 v0xa524a1720_0;
    %or;
T_49.109;
    %cmp/u;
    %jmp/1 T_49.105, 6;
    %jmp T_49.106;
T_49.103 ;
    %load/vec4 v0xa524a99a0_0;
    %ix/load 4, 1, 0;
    %flag_set/imm 4, 0;
    %shiftl 4;
    %assign/vec4 v0xa524a99a0_0, 0;
    %jmp T_49.106;
T_49.104 ;
    %load/vec4 v0xa524a99a0_0;
    %ix/load 4, 1, 0;
    %flag_set/imm 4, 0;
    %shiftr 4;
    %assign/vec4 v0xa524a99a0_0, 0;
    %jmp T_49.106;
T_49.105 ;
    %load/vec4 v0xa524a99a0_0;
    %ix/load 4, 1, 0;
    %flag_set/imm 4, 0;
    %shiftr/s 4;
    %assign/vec4 v0xa524a99a0_0, 0;
    %jmp T_49.106;
T_49.106 ;
    %pop/vec4 1;
    %load/vec4 v0xa524a9c20_0;
    %subi 1, 0, 5;
    %assign/vec4 v0xa524a9c20_0, 0;
T_49.94 ;
T_49.92 ;
    %jmp T_49.15;
T_49.13 ;
    %load/vec4 v0xa524a3340_0;
    %nor/r;
    %flag_set/vec4 8;
    %jmp/1 T_49.112, 8;
    %load/vec4 v0xa524a35c0_0;
    %flag_set/vec4 9;
    %flag_or 8, 9;
T_49.112;
    %jmp/0xz  T_49.110, 8;
    %load/vec4 v0xa524a3520_0;
    %nor/r;
    %flag_set/vec4 8;
    %jmp/0xz  T_49.113, 8;
    %pushi/vec4 1, 0, 1;
    %dup/vec4;
    %load/vec4 v0xa524a1180_0;
    %cmp/u;
    %jmp/1 T_49.115, 6;
    %dup/vec4;
    %load/vec4 v0xa524a12c0_0;
    %cmp/u;
    %jmp/1 T_49.116, 6;
    %dup/vec4;
    %load/vec4 v0xa524a1a40_0;
    %cmp/u;
    %jmp/1 T_49.117, 6;
    %jmp T_49.118;
T_49.115 ;
    %pushi/vec4 2, 0, 2;
    %assign/vec4 v0xa524a8320_0, 0;
    %jmp T_49.118;
T_49.116 ;
    %pushi/vec4 1, 0, 2;
    %assign/vec4 v0xa524a8320_0, 0;
    %jmp T_49.118;
T_49.117 ;
    %pushi/vec4 0, 0, 2;
    %assign/vec4 v0xa524a8320_0, 0;
    %jmp T_49.118;
T_49.118 ;
    %pop/vec4 1;
    %load/vec4 v0xa524a99a0_0;
    %load/vec4 v0xa5249f700_0;
    %add;
    %assign/vec4 v0xa524a99a0_0, 0;
    %pushi/vec4 1, 0, 1;
    %store/vec4 v0xa524a9ea0_0, 0, 1;
T_49.113 ;
    %load/vec4 v0xa524a3340_0;
    %nor/r;
    %flag_set/vec4 9;
    %flag_get/vec4 9;
    %jmp/0 T_49.121, 9;
    %load/vec4 v0xa524a35c0_0;
    %and;
T_49.121;
    %flag_set/vec4 8;
    %jmp/0xz  T_49.119, 8;
    %pushi/vec4 64, 0, 8;
    %assign/vec4 v0xa5249e580_0, 0;
    %pushi/vec4 1, 0, 1;
    %assign/vec4 v0xa5249fc00_0, 0;
    %pushi/vec4 1, 0, 1;
    %assign/vec4 v0xa5249fac0_0, 0;
T_49.119 ;
T_49.110 ;
    %jmp T_49.15;
T_49.14 ;
    %pushi/vec4 1, 0, 1;
    %assign/vec4 v0xa524a3020_0, 0;
    %load/vec4 v0xa524a3340_0;
    %nor/r;
    %flag_set/vec4 8;
    %jmp/1 T_49.124, 8;
    %load/vec4 v0xa524a35c0_0;
    %flag_set/vec4 9;
    %flag_or 8, 9;
T_49.124;
    %jmp/0xz  T_49.122, 8;
    %load/vec4 v0xa524a33e0_0;
    %nor/r;
    %flag_set/vec4 8;
    %jmp/0xz  T_49.125, 8;
    %pushi/vec4 1, 0, 1;
    %dup/vec4;
    %load/vec4 v0xa524a08c0_0;
    %flag_set/vec4 8;
    %flag_get/vec4 8;
    %jmp/1 T_49.131, 8;
    %load/vec4 v0xa524a0960_0;
    %or;
T_49.131;
    %cmp/u;
    %jmp/1 T_49.127, 6;
    %dup/vec4;
    %load/vec4 v0xa524a0a00_0;
    %flag_set/vec4 8;
    %flag_get/vec4 8;
    %jmp/1 T_49.132, 8;
    %load/vec4 v0xa524a0aa0_0;
    %or;
T_49.132;
    %cmp/u;
    %jmp/1 T_49.128, 6;
    %dup/vec4;
    %load/vec4 v0xa524a0be0_0;
    %cmp/u;
    %jmp/1 T_49.129, 6;
    %jmp T_49.130;
T_49.127 ;
    %pushi/vec4 2, 0, 2;
    %assign/vec4 v0xa524a8320_0, 0;
    %jmp T_49.130;
T_49.128 ;
    %pushi/vec4 1, 0, 2;
    %assign/vec4 v0xa524a8320_0, 0;
    %jmp T_49.130;
T_49.129 ;
    %pushi/vec4 0, 0, 2;
    %assign/vec4 v0xa524a8320_0, 0;
    %jmp T_49.130;
T_49.130 ;
    %pop/vec4 1;
    %load/vec4 v0xa524a2580_0;
    %assign/vec4 v0xa524a2e40_0, 0;
    %load/vec4 v0xa524a0a00_0;
    %assign/vec4 v0xa524a2da0_0, 0;
    %load/vec4 v0xa524a08c0_0;
    %assign/vec4 v0xa524a2d00_0, 0;
    %load/vec4 v0xa524a99a0_0;
    %load/vec4 v0xa5249f700_0;
    %add;
    %assign/vec4 v0xa524a99a0_0, 0;
    %pushi/vec4 1, 0, 1;
    %store/vec4 v0xa524a9d60_0, 0, 1;
T_49.125 ;
    %load/vec4 v0xa524a3340_0;
    %nor/r;
    %flag_set/vec4 9;
    %flag_get/vec4 9;
    %jmp/0 T_49.135, 9;
    %load/vec4 v0xa524a35c0_0;
    %and;
T_49.135;
    %flag_set/vec4 8;
    %jmp/0xz  T_49.133, 8;
    %pushi/vec4 1, 0, 1;
    %dup/vec4;
    %load/vec4 v0xa524a2e40_0;
    %cmp/u;
    %jmp/1 T_49.136, 6;
    %dup/vec4;
    %load/vec4 v0xa524a2da0_0;
    %cmp/u;
    %jmp/1 T_49.137, 6;
    %dup/vec4;
    %load/vec4 v0xa524a2d00_0;
    %cmp/u;
    %jmp/1 T_49.138, 6;
    %jmp T_49.139;
T_49.136 ;
    %load/vec4 v0xa524a8000_0;
    %assign/vec4 v0xa524a9ae0_0, 0;
    %jmp T_49.139;
T_49.137 ;
    %load/vec4 v0xa524a8000_0;
    %parti/s 16, 0, 2;
    %pad/s 32;
    %assign/vec4 v0xa524a9ae0_0, 0;
    %jmp T_49.139;
T_49.138 ;
    %load/vec4 v0xa524a8000_0;
    %parti/s 8, 0, 2;
    %pad/s 32;
    %assign/vec4 v0xa524a9ae0_0, 0;
    %jmp T_49.139;
T_49.139 ;
    %pop/vec4 1;
    %pushi/vec4 1, 0, 1;
    %assign/vec4 v0xa5249fc00_0, 0;
    %pushi/vec4 1, 0, 1;
    %assign/vec4 v0xa5249fac0_0, 0;
    %pushi/vec4 64, 0, 8;
    %assign/vec4 v0xa5249e580_0, 0;
T_49.133 ;
T_49.122 ;
    %jmp T_49.15;
T_49.15 ;
    %pop/vec4 1;
T_49.6 ;
    %pushi/vec4 1, 0, 1;
    %flag_set/vec4 10;
    %flag_get/vec4 10;
    %jmp/0 T_49.143, 10;
    %load/vec4 v0xa524a9cc0_0;
    %and;
T_49.143;
    %flag_set/vec4 9;
    %flag_get/vec4 9;
    %jmp/0 T_49.142, 9;
    %load/vec4 v0xa524a33e0_0;
    %flag_set/vec4 9;
    %flag_get/vec4 9;
    %jmp/1 T_49.144, 9;
    %load/vec4 v0xa524a3520_0;
    %or;
T_49.144;
    %and;
T_49.142;
    %flag_set/vec4 8;
    %jmp/0xz  T_49.140, 8;
    %load/vec4 v0xa524a8320_0;
    %pad/u 32;
    %cmpi/e 0, 0, 32;
    %flag_get/vec4 4;
    %jmp/0 T_49.147, 4;
    %load/vec4 v0xa524a99a0_0;
    %parti/s 2, 0, 2;
    %pad/u 32;
    %pushi/vec4 0, 0, 32;
    %cmp/ne;
    %flag_get/vec4 4;
    %and;
T_49.147;
    %flag_set/vec4 8;
    %jmp/0xz  T_49.145, 8;
    %pushi/vec4 128, 0, 8;
    %assign/vec4 v0xa5249e580_0, 0;
T_49.145 ;
    %load/vec4 v0xa524a8320_0;
    %pad/u 32;
    %cmpi/e 1, 0, 32;
    %flag_get/vec4 4;
    %jmp/0 T_49.150, 4;
    %load/vec4 v0xa524a99a0_0;
    %parti/s 1, 0, 2;
    %pad/u 32;
    %pushi/vec4 0, 0, 32;
    %cmp/ne;
    %flag_get/vec4 4;
    %and;
T_49.150;
    %flag_set/vec4 8;
    %jmp/0xz  T_49.148, 8;
    %pushi/vec4 128, 0, 8;
    %assign/vec4 v0xa5249e580_0, 0;
T_49.148 ;
T_49.140 ;
    %pushi/vec4 1, 0, 1;
    %flag_set/vec4 11;
    %flag_get/vec4 11;
    %jmp/0 T_49.155, 11;
    %load/vec4 v0xa524a9cc0_0;
    %and;
T_49.155;
    %flag_set/vec4 10;
    %flag_get/vec4 10;
    %jmp/0 T_49.154, 10;
    %load/vec4 v0xa524a3480_0;
    %and;
T_49.154;
    %flag_set/vec4 9;
    %flag_get/vec4 9;
    %jmp/0 T_49.153, 9;
    %load/vec4 v0xa524a9b80_0;
    %parti/s 2, 0, 2;
    %or/r;
    %and;
T_49.153;
    %flag_set/vec4 8;
    %jmp/0xz  T_49.151, 8;
    %pushi/vec4 128, 0, 8;
    %assign/vec4 v0xa5249e580_0, 0;
T_49.151 ;
    %load/vec4 v0xa524a9cc0_0;
    %nor/r;
    %flag_set/vec4 8;
    %jmp/1 T_49.158, 8;
    %load/vec4 v0xa524a35c0_0;
    %flag_set/vec4 9;
    %flag_or 8, 9;
T_49.158;
    %jmp/0xz  T_49.156, 8;
    %pushi/vec4 0, 0, 1;
    %assign/vec4 v0xa524a3340_0, 0;
    %pushi/vec4 0, 0, 1;
    %assign/vec4 v0xa524a3480_0, 0;
    %pushi/vec4 0, 0, 1;
    %assign/vec4 v0xa524a33e0_0, 0;
    %pushi/vec4 0, 0, 1;
    %assign/vec4 v0xa524a3520_0, 0;
T_49.156 ;
    %load/vec4 v0xa524a9e00_0;
    %flag_set/vec4 8;
    %jmp/0xz  T_49.159, 8;
    %pushi/vec4 1, 0, 1;
    %assign/vec4 v0xa524a3480_0, 0;
T_49.159 ;
    %load/vec4 v0xa524a9d60_0;
    %flag_set/vec4 8;
    %jmp/0xz  T_49.161, 8;
    %pushi/vec4 1, 0, 1;
    %assign/vec4 v0xa524a33e0_0, 0;
T_49.161 ;
    %load/vec4 v0xa524a9ea0_0;
    %flag_set/vec4 8;
    %jmp/0xz  T_49.163, 8;
    %pushi/vec4 1, 0, 1;
    %assign/vec4 v0xa524a3520_0, 0;
T_49.163 ;
    %load/vec4 v0xa524a8640_0;
    %pushi/vec4 4294967295, 0, 32;
    %and;
    %assign/vec4 v0xa524a2080_0, 0;
    %pushi/vec4 4294967295, 4294967295, 32;
    %store/vec4 v0xa5249e940_0, 0, 32;
    %jmp T_49;
    .thread T_49;
    .scope S_0x1013396e0;
T_50 ;
    %wait E_0xa524787c0;
    %load/vec4 v0xa524ab480_0;
    %flag_set/vec4 8;
    %jmp/0xz  T_50.0, 8;
    %pushi/vec4 0, 0, 32;
    %assign/vec4 v0xa524ab5c0_0, 0;
    %pushi/vec4 0, 0, 32;
    %assign/vec4 v0xa524ab7a0_0, 0;
    %pushi/vec4 0, 0, 1;
    %assign/vec4 v0xa524ab980_0, 0;
    %pushi/vec4 0, 0, 4;
    %assign/vec4 v0xa524ab840_0, 0;
    %pushi/vec4 0, 0, 1;
    %assign/vec4 v0xa524ab8e0_0, 0;
    %pushi/vec4 0, 0, 1;
    %assign/vec4 v0xa524ab660_0, 0;
    %pushi/vec4 0, 0, 2;
    %assign/vec4 v0xa524ab160_0, 0;
    %jmp T_50.1;
T_50.0 ;
    %load/vec4 v0xa524ab160_0;
    %dup/vec4;
    %pushi/vec4 0, 0, 2;
    %cmp/u;
    %jmp/1 T_50.2, 6;
    %dup/vec4;
    %pushi/vec4 1, 0, 2;
    %cmp/u;
    %jmp/1 T_50.3, 6;
    %dup/vec4;
    %pushi/vec4 2, 0, 2;
    %cmp/u;
    %jmp/1 T_50.4, 6;
    %pushi/vec4 0, 0, 2;
    %assign/vec4 v0xa524ab160_0, 0;
    %jmp T_50.6;
T_50.2 ;
    %load/vec4 v0xa524aa9e0_0;
    %flag_set/vec4 8;
    %jmp/0xz  T_50.7, 8;
    %load/vec4 v0xa524aa760_0;
    %assign/vec4 v0xa524ab5c0_0, 0;
    %load/vec4 v0xa524aaa80_0;
    %assign/vec4 v0xa524ab7a0_0, 0;
    %load/vec4 v0xa524aba20_0;
    %assign/vec4 v0xa524ab980_0, 0;
    %load/vec4 v0xa524aab20_0;
    %assign/vec4 v0xa524ab840_0, 0;
    %pushi/vec4 1, 0, 1;
    %assign/vec4 v0xa524ab8e0_0, 0;
    %pushi/vec4 1, 0, 1;
    %assign/vec4 v0xa524ab660_0, 0;
    %pushi/vec4 1, 0, 2;
    %assign/vec4 v0xa524ab160_0, 0;
    %jmp T_50.8;
T_50.7 ;
    %pushi/vec4 0, 0, 1;
    %assign/vec4 v0xa524aa940_0, 0;
    %pushi/vec4 0, 0, 1;
    %assign/vec4 v0xa524ab8e0_0, 0;
    %pushi/vec4 0, 0, 1;
    %assign/vec4 v0xa524ab660_0, 0;
    %pushi/vec4 0, 0, 1;
    %assign/vec4 v0xa524ab980_0, 0;
T_50.8 ;
    %jmp T_50.6;
T_50.3 ;
    %load/vec4 v0xa524ab520_0;
    %flag_set/vec4 8;
    %jmp/0xz  T_50.9, 8;
    %load/vec4 v0xa524ab700_0;
    %assign/vec4 v0xa524aa8a0_0, 0;
    %pushi/vec4 1, 0, 1;
    %assign/vec4 v0xa524aa940_0, 0;
    %pushi/vec4 2, 0, 2;
    %assign/vec4 v0xa524ab160_0, 0;
    %pushi/vec4 0, 0, 1;
    %assign/vec4 v0xa524ab8e0_0, 0;
    %pushi/vec4 0, 0, 1;
    %assign/vec4 v0xa524ab660_0, 0;
    %pushi/vec4 0, 0, 1;
    %assign/vec4 v0xa524ab980_0, 0;
T_50.9 ;
    %jmp T_50.6;
T_50.4 ;
    %pushi/vec4 0, 0, 1;
    %assign/vec4 v0xa524aa940_0, 0;
    %pushi/vec4 0, 0, 2;
    %assign/vec4 v0xa524ab160_0, 0;
    %jmp T_50.6;
T_50.6 ;
    %pop/vec4 1;
T_50.1 ;
    %jmp T_50;
    .thread T_50;
    .scope S_0xa52959f80;
T_51 ;
    %pushi/vec4 0, 0, 2;
    %store/vec4 v0xa524b8320_0, 0, 2;
    %pushi/vec4 0, 0, 9;
    %store/vec4 v0xa524b8000_0, 0, 9;
    %pushi/vec4 0, 0, 3;
    %store/vec4 v0xa524b7e80_0, 0, 3;
    %pushi/vec4 0, 0, 8;
    %store/vec4 v0xa524b8280_0, 0, 8;
    %end;
    .thread T_51, $init;
    .scope S_0xa52959f80;
T_52 ;
    %wait E_0xa52478e00;
    %load/vec4 v0xa524b8140_0;
    %nor/r;
    %flag_set/vec4 8;
    %jmp/0xz  T_52.0, 8;
    %pushi/vec4 0, 0, 2;
    %assign/vec4 v0xa524b8320_0, 0;
    %pushi/vec4 0, 0, 1;
    %assign/vec4 v0xa524b83c0_0, 0;
    %pushi/vec4 0, 0, 9;
    %assign/vec4 v0xa524b8000_0, 0;
    %jmp T_52.1;
T_52.0 ;
    %pushi/vec4 0, 0, 1;
    %assign/vec4 v0xa524b83c0_0, 0;
    %load/vec4 v0xa524b8320_0;
    %dup/vec4;
    %pushi/vec4 0, 0, 2;
    %cmp/u;
    %jmp/1 T_52.2, 6;
    %dup/vec4;
    %pushi/vec4 1, 0, 2;
    %cmp/u;
    %jmp/1 T_52.3, 6;
    %dup/vec4;
    %pushi/vec4 2, 0, 2;
    %cmp/u;
    %jmp/1 T_52.4, 6;
    %dup/vec4;
    %pushi/vec4 3, 0, 2;
    %cmp/u;
    %jmp/1 T_52.5, 6;
    %jmp T_52.6;
T_52.2 ;
    %load/vec4 v0xa524b81e0_0;
    %nor/r;
    %flag_set/vec4 8;
    %jmp/0xz  T_52.7, 8;
    %pushi/vec4 4, 0, 9;
    %assign/vec4 v0xa524b8000_0, 0;
    %pushi/vec4 1, 0, 2;
    %assign/vec4 v0xa524b8320_0, 0;
T_52.7 ;
    %jmp T_52.6;
T_52.3 ;
    %load/vec4 v0xa524b8000_0;
    %pad/u 32;
    %cmpi/e 0, 0, 32;
    %jmp/0xz  T_52.9, 4;
    %load/vec4 v0xa524b81e0_0;
    %nor/r;
    %flag_set/vec4 8;
    %jmp/0xz  T_52.11, 8;
    %pushi/vec4 7, 0, 9;
    %assign/vec4 v0xa524b8000_0, 0;
    %pushi/vec4 0, 0, 3;
    %assign/vec4 v0xa524b7e80_0, 0;
    %pushi/vec4 2, 0, 2;
    %assign/vec4 v0xa524b8320_0, 0;
    %jmp T_52.12;
T_52.11 ;
    %pushi/vec4 0, 0, 2;
    %assign/vec4 v0xa524b8320_0, 0;
T_52.12 ;
    %jmp T_52.10;
T_52.9 ;
    %load/vec4 v0xa524b8000_0;
    %subi 1, 0, 9;
    %assign/vec4 v0xa524b8000_0, 0;
T_52.10 ;
    %jmp T_52.6;
T_52.4 ;
    %load/vec4 v0xa524b8000_0;
    %pad/u 32;
    %cmpi/e 0, 0, 32;
    %jmp/0xz  T_52.13, 4;
    %load/vec4 v0xa524b81e0_0;
    %load/vec4 v0xa524b8280_0;
    %parti/s 7, 1, 2;
    %concat/vec4; draw_concat_vec4
    %assign/vec4 v0xa524b8280_0, 0;
    %pushi/vec4 7, 0, 9;
    %assign/vec4 v0xa524b8000_0, 0;
    %load/vec4 v0xa524b7e80_0;
    %pad/u 32;
    %cmpi/e 7, 0, 32;
    %jmp/0xz  T_52.15, 4;
    %pushi/vec4 3, 0, 2;
    %assign/vec4 v0xa524b8320_0, 0;
    %jmp T_52.16;
T_52.15 ;
    %load/vec4 v0xa524b7e80_0;
    %addi 1, 0, 3;
    %assign/vec4 v0xa524b7e80_0, 0;
T_52.16 ;
    %jmp T_52.14;
T_52.13 ;
    %load/vec4 v0xa524b8000_0;
    %subi 1, 0, 9;
    %assign/vec4 v0xa524b8000_0, 0;
T_52.14 ;
    %jmp T_52.6;
T_52.5 ;
    %load/vec4 v0xa524b8000_0;
    %pad/u 32;
    %cmpi/e 0, 0, 32;
    %jmp/0xz  T_52.17, 4;
    %load/vec4 v0xa524b81e0_0;
    %flag_set/vec4 8;
    %jmp/0xz  T_52.19, 8;
    %load/vec4 v0xa524b8280_0;
    %assign/vec4 v0xa524b80a0_0, 0;
    %pushi/vec4 1, 0, 1;
    %assign/vec4 v0xa524b83c0_0, 0;
T_52.19 ;
    %pushi/vec4 0, 0, 2;
    %assign/vec4 v0xa524b8320_0, 0;
    %jmp T_52.18;
T_52.17 ;
    %load/vec4 v0xa524b8000_0;
    %subi 1, 0, 9;
    %assign/vec4 v0xa524b8000_0, 0;
T_52.18 ;
    %jmp T_52.6;
T_52.6 ;
    %pop/vec4 1;
T_52.1 ;
    %jmp T_52;
    .thread T_52;
    .scope S_0xa52959c80;
T_53 ;
    %wait E_0xa52478e00;
    %load/vec4 v0xa524b77a0_0;
    %nor/r;
    %flag_set/vec4 8;
    %jmp/0xz  T_53.0, 8;
    %pushi/vec4 0, 0, 5;
    %assign/vec4 v0xa524b7a20_0, 0;
    %pushi/vec4 0, 0, 1;
    %assign/vec4 v0xa524b72a0_0, 0;
    %pushi/vec4 0, 0, 1;
    %assign/vec4 v0xa524b7c00_0, 0;
    %pushi/vec4 0, 0, 1;
    %assign/vec4 v0xa524b75c0_0, 0;
    %pushi/vec4 65535, 0, 16;
    %assign/vec4 v0xa524b7340_0, 0;
    %pushi/vec4 0, 0, 16;
    %assign/vec4 v0xa524b7840_0, 0;
    %pushi/vec4 0, 0, 32;
    %assign/vec4 v0xa524b70c0_0, 0;
    %pushi/vec4 0, 0, 8;
    %assign/vec4 v0xa524b7660_0, 0;
    %pushi/vec4 0, 0, 16;
    %assign/vec4 v0xa524b7de0_0, 0;
    %pushi/vec4 0, 0, 2;
    %assign/vec4 v0xa524b7160_0, 0;
    %pushi/vec4 0, 0, 32;
    %assign/vec4 v0xa524b7d40_0, 0;
    %pushi/vec4 0, 0, 1;
    %assign/vec4 v0xa524b7700_0, 0;
    %jmp T_53.1;
T_53.0 ;
    %pushi/vec4 0, 0, 1;
    %assign/vec4 v0xa524b7c00_0, 0;
    %pushi/vec4 0, 0, 1;
    %assign/vec4 v0xa524b75c0_0, 0;
    %load/vec4 v0xa524b7a20_0;
    %dup/vec4;
    %pushi/vec4 0, 0, 5;
    %cmp/u;
    %jmp/1 T_53.2, 6;
    %dup/vec4;
    %pushi/vec4 1, 0, 5;
    %cmp/u;
    %jmp/1 T_53.3, 6;
    %dup/vec4;
    %pushi/vec4 2, 0, 5;
    %cmp/u;
    %jmp/1 T_53.4, 6;
    %dup/vec4;
    %pushi/vec4 3, 0, 5;
    %cmp/u;
    %jmp/1 T_53.5, 6;
    %dup/vec4;
    %pushi/vec4 4, 0, 5;
    %cmp/u;
    %jmp/1 T_53.6, 6;
    %dup/vec4;
    %pushi/vec4 5, 0, 5;
    %cmp/u;
    %jmp/1 T_53.7, 6;
    %dup/vec4;
    %pushi/vec4 6, 0, 5;
    %cmp/u;
    %jmp/1 T_53.8, 6;
    %dup/vec4;
    %pushi/vec4 7, 0, 5;
    %cmp/u;
    %jmp/1 T_53.9, 6;
    %dup/vec4;
    %pushi/vec4 8, 0, 5;
    %cmp/u;
    %jmp/1 T_53.10, 6;
    %dup/vec4;
    %pushi/vec4 9, 0, 5;
    %cmp/u;
    %jmp/1 T_53.11, 6;
    %dup/vec4;
    %pushi/vec4 10, 0, 5;
    %cmp/u;
    %jmp/1 T_53.12, 6;
    %dup/vec4;
    %pushi/vec4 11, 0, 5;
    %cmp/u;
    %jmp/1 T_53.13, 6;
    %dup/vec4;
    %pushi/vec4 12, 0, 5;
    %cmp/u;
    %jmp/1 T_53.14, 6;
    %dup/vec4;
    %pushi/vec4 13, 0, 5;
    %cmp/u;
    %jmp/1 T_53.15, 6;
    %dup/vec4;
    %pushi/vec4 14, 0, 5;
    %cmp/u;
    %jmp/1 T_53.16, 6;
    %dup/vec4;
    %pushi/vec4 15, 0, 5;
    %cmp/u;
    %jmp/1 T_53.17, 6;
    %dup/vec4;
    %pushi/vec4 16, 0, 5;
    %cmp/u;
    %jmp/1 T_53.18, 6;
    %pushi/vec4 0, 0, 5;
    %assign/vec4 v0xa524b7a20_0, 0;
    %jmp T_53.20;
T_53.2 ;
    %load/vec4 v0xa524b7980_0;
    %flag_set/vec4 9;
    %flag_get/vec4 9;
    %jmp/0 T_53.23, 9;
    %load/vec4 v0xa524b78e0_0;
    %pushi/vec4 170, 0, 8;
    %cmp/e;
    %flag_get/vec4 4;
    %and;
T_53.23;
    %flag_set/vec4 8;
    %jmp/0xz  T_53.21, 8;
    %pushi/vec4 1, 0, 5;
    %assign/vec4 v0xa524b7a20_0, 0;
T_53.21 ;
    %jmp T_53.20;
T_53.3 ;
    %load/vec4 v0xa524b7980_0;
    %flag_set/vec4 8;
    %jmp/0xz  T_53.24, 8;
    %load/vec4 v0xa524b78e0_0;
    %cmpi/e 85, 0, 8;
    %jmp/0xz  T_53.26, 4;
    %pushi/vec4 2, 0, 5;
    %assign/vec4 v0xa524b7a20_0, 0;
    %jmp T_53.27;
T_53.26 ;
    %load/vec4 v0xa524b78e0_0;
    %cmpi/e 170, 0, 8;
    %jmp/0xz  T_53.28, 4;
    %pushi/vec4 1, 0, 5;
    %assign/vec4 v0xa524b7a20_0, 0;
    %jmp T_53.29;
T_53.28 ;
    %pushi/vec4 0, 0, 5;
    %assign/vec4 v0xa524b7a20_0, 0;
T_53.29 ;
T_53.27 ;
T_53.24 ;
    %jmp T_53.20;
T_53.4 ;
    %load/vec4 v0xa524b7980_0;
    %flag_set/vec4 8;
    %jmp/0xz  T_53.30, 8;
    %pushi/vec4 65535, 0, 16;
    %load/vec4 v0xa524b78e0_0;
    %store/vec4 v0xa524b6d00_0, 0, 8;
    %store/vec4 v0xa524b6bc0_0, 0, 16;
    %callf/vec4 TD_tb_reload.dut.ldr.crc_next, S_0xa52959e00;
    %assign/vec4 v0xa524b7340_0, 0;
    %load/vec4 v0xa524b78e0_0;
    %cmpi/e 1, 0, 8;
    %jmp/0xz  T_53.32, 4;
    %pushi/vec4 3, 0, 5;
    %assign/vec4 v0xa524b7a20_0, 0;
    %jmp T_53.33;
T_53.32 ;
    %load/vec4 v0xa524b78e0_0;
    %cmpi/e 2, 0, 8;
    %jmp/0xz  T_53.34, 4;
    %pushi/vec4 12, 0, 5;
    %assign/vec4 v0xa524b7a20_0, 0;
    %jmp T_53.35;
T_53.34 ;
    %pushi/vec4 0, 0, 5;
    %assign/vec4 v0xa524b7a20_0, 0;
T_53.35 ;
T_53.33 ;
T_53.30 ;
    %jmp T_53.20;
T_53.5 ;
    %load/vec4 v0xa524b7980_0;
    %flag_set/vec4 8;
    %jmp/0xz  T_53.36, 8;
    %load/vec4 v0xa524b78e0_0;
    %ix/load 5, 0, 0;
    %ix/load 4, 24, 0;
    %flag_set/imm 4, 0;
    %assign/vec4/off/d v0xa524b70c0_0, 4, 5;
    %load/vec4 v0xa524b7340_0;
    %load/vec4 v0xa524b78e0_0;
    %store/vec4 v0xa524b6d00_0, 0, 8;
    %store/vec4 v0xa524b6bc0_0, 0, 16;
    %callf/vec4 TD_tb_reload.dut.ldr.crc_next, S_0xa52959e00;
    %assign/vec4 v0xa524b7340_0, 0;
    %pushi/vec4 4, 0, 5;
    %assign/vec4 v0xa524b7a20_0, 0;
T_53.36 ;
    %jmp T_53.20;
T_53.6 ;
    %load/vec4 v0xa524b7980_0;
    %flag_set/vec4 8;
    %jmp/0xz  T_53.38, 8;
    %load/vec4 v0xa524b78e0_0;
    %ix/load 5, 0, 0;
    %ix/load 4, 16, 0;
    %flag_set/imm 4, 0;
    %assign/vec4/off/d v0xa524b70c0_0, 4, 5;
    %load/vec4 v0xa524b7340_0;
    %load/vec4 v0xa524b78e0_0;
    %store/vec4 v0xa524b6d00_0, 0, 8;
    %store/vec4 v0xa524b6bc0_0, 0, 16;
    %callf/vec4 TD_tb_reload.dut.ldr.crc_next, S_0xa52959e00;
    %assign/vec4 v0xa524b7340_0, 0;
    %pushi/vec4 5, 0, 5;
    %assign/vec4 v0xa524b7a20_0, 0;
T_53.38 ;
    %jmp T_53.20;
T_53.7 ;
    %load/vec4 v0xa524b7980_0;
    %flag_set/vec4 8;
    %jmp/0xz  T_53.40, 8;
    %load/vec4 v0xa524b78e0_0;
    %ix/load 5, 0, 0;
    %ix/load 4, 8, 0;
    %flag_set/imm 4, 0;
    %assign/vec4/off/d v0xa524b70c0_0, 4, 5;
    %load/vec4 v0xa524b7340_0;
    %load/vec4 v0xa524b78e0_0;
    %store/vec4 v0xa524b6d00_0, 0, 8;
    %store/vec4 v0xa524b6bc0_0, 0, 16;
    %callf/vec4 TD_tb_reload.dut.ldr.crc_next, S_0xa52959e00;
    %assign/vec4 v0xa524b7340_0, 0;
    %pushi/vec4 6, 0, 5;
    %assign/vec4 v0xa524b7a20_0, 0;
T_53.40 ;
    %jmp T_53.20;
T_53.8 ;
    %load/vec4 v0xa524b7980_0;
    %flag_set/vec4 8;
    %jmp/0xz  T_53.42, 8;
    %load/vec4 v0xa524b78e0_0;
    %ix/load 5, 0, 0;
    %ix/load 4, 0, 0;
    %flag_set/imm 4, 0;
    %assign/vec4/off/d v0xa524b70c0_0, 4, 5;
    %load/vec4 v0xa524b7340_0;
    %load/vec4 v0xa524b78e0_0;
    %store/vec4 v0xa524b6d00_0, 0, 8;
    %store/vec4 v0xa524b6bc0_0, 0, 16;
    %callf/vec4 TD_tb_reload.dut.ldr.crc_next, S_0xa52959e00;
    %assign/vec4 v0xa524b7340_0, 0;
    %pushi/vec4 7, 0, 5;
    %assign/vec4 v0xa524b7a20_0, 0;
T_53.42 ;
    %jmp T_53.20;
T_53.9 ;
    %load/vec4 v0xa524b7980_0;
    %flag_set/vec4 8;
    %jmp/0xz  T_53.44, 8;
    %load/vec4 v0xa524b78e0_0;
    %assign/vec4 v0xa524b7660_0, 0;
    %load/vec4 v0xa524b7340_0;
    %load/vec4 v0xa524b78e0_0;
    %store/vec4 v0xa524b6d00_0, 0, 8;
    %store/vec4 v0xa524b6bc0_0, 0, 16;
    %callf/vec4 TD_tb_reload.dut.ldr.crc_next, S_0xa52959e00;
    %assign/vec4 v0xa524b7340_0, 0;
    %pushi/vec4 0, 0, 16;
    %assign/vec4 v0xa524b7de0_0, 0;
    %pushi/vec4 0, 0, 2;
    %assign/vec4 v0xa524b7160_0, 0;
    %pushi/vec4 0, 0, 32;
    %assign/vec4 v0xa524b7d40_0, 0;
    %load/vec4 v0xa524b78e0_0;
    %pad/u 32;
    %cmpi/e 0, 0, 32;
    %flag_mov 8, 4;
    %jmp/0 T_53.46, 8;
    %pushi/vec4 9, 0, 5;
    %jmp/1 T_53.47, 8;
T_53.46 ; End of true expr.
    %pushi/vec4 8, 0, 5;
    %jmp/0 T_53.47, 8;
 ; End of false expr.
    %blend;
T_53.47;
    %assign/vec4 v0xa524b7a20_0, 0;
T_53.44 ;
    %jmp T_53.20;
T_53.10 ;
    %load/vec4 v0xa524b7980_0;
    %flag_set/vec4 8;
    %jmp/0xz  T_53.48, 8;
    %load/vec4 v0xa524b7340_0;
    %load/vec4 v0xa524b78e0_0;
    %store/vec4 v0xa524b6d00_0, 0, 8;
    %store/vec4 v0xa524b6bc0_0, 0, 16;
    %callf/vec4 TD_tb_reload.dut.ldr.crc_next, S_0xa52959e00;
    %assign/vec4 v0xa524b7340_0, 0;
    %load/vec4 v0xa524b7ca0_0;
    %assign/vec4 v0xa524b7d40_0, 0;
    %load/vec4 v0xa524b7160_0;
    %cmpi/e 3, 0, 2;
    %jmp/0xz  T_53.50, 4;
    %pushi/vec4 1, 0, 1;
    %assign/vec4 v0xa524b75c0_0, 0;
    %load/vec4 v0xa524b73e0_0;
    %assign/vec4 v0xa524b7480_0, 0;
    %load/vec4 v0xa524b7ca0_0;
    %assign/vec4 v0xa524b7520_0, 0;
    %pushi/vec4 0, 0, 2;
    %assign/vec4 v0xa524b7160_0, 0;
    %load/vec4 v0xa524b7de0_0;
    %addi 1, 0, 16;
    %assign/vec4 v0xa524b7de0_0, 0;
    %load/vec4 v0xa524b7de0_0;
    %pad/u 32;
    %addi 1, 0, 32;
    %pushi/vec4 0, 0, 8;
    %load/vec4 v0xa524b7660_0;
    %concat/vec4; draw_concat_vec4
    %pad/u 32;
    %cmp/e;
    %jmp/0xz  T_53.52, 4;
    %pushi/vec4 9, 0, 5;
    %assign/vec4 v0xa524b7a20_0, 0;
T_53.52 ;
    %jmp T_53.51;
T_53.50 ;
    %load/vec4 v0xa524b7160_0;
    %addi 1, 0, 2;
    %assign/vec4 v0xa524b7160_0, 0;
T_53.51 ;
T_53.48 ;
    %jmp T_53.20;
T_53.11 ;
    %load/vec4 v0xa524b7980_0;
    %flag_set/vec4 8;
    %jmp/0xz  T_53.54, 8;
    %load/vec4 v0xa524b78e0_0;
    %ix/load 5, 0, 0;
    %ix/load 4, 8, 0;
    %flag_set/imm 4, 0;
    %assign/vec4/off/d v0xa524b7840_0, 4, 5;
    %pushi/vec4 10, 0, 5;
    %assign/vec4 v0xa524b7a20_0, 0;
T_53.54 ;
    %jmp T_53.20;
T_53.12 ;
    %load/vec4 v0xa524b7980_0;
    %flag_set/vec4 8;
    %jmp/0xz  T_53.56, 8;
    %load/vec4 v0xa524b78e0_0;
    %ix/load 5, 0, 0;
    %ix/load 4, 0, 0;
    %flag_set/imm 4, 0;
    %assign/vec4/off/d v0xa524b7840_0, 4, 5;
    %load/vec4 v0xa524b7840_0;
    %parti/s 8, 8, 5;
    %load/vec4 v0xa524b78e0_0;
    %concat/vec4; draw_concat_vec4
    %load/vec4 v0xa524b7340_0;
    %cmp/e;
    %flag_get/vec4 4;
    %assign/vec4 v0xa524b7700_0, 0;
    %pushi/vec4 11, 0, 5;
    %assign/vec4 v0xa524b7a20_0, 0;
T_53.56 ;
    %jmp T_53.20;
T_53.13 ;
    %load/vec4 v0xa524b7ac0_0;
    %nor/r;
    %flag_set/vec4 8;
    %jmp/0xz  T_53.58, 8;
    %pushi/vec4 1, 0, 1;
    %assign/vec4 v0xa524b7c00_0, 0;
    %load/vec4 v0xa524b7700_0;
    %flag_set/vec4 8;
    %jmp/0 T_53.60, 8;
    %pushi/vec4 6, 0, 8;
    %jmp/1 T_53.61, 8;
T_53.60 ; End of true expr.
    %pushi/vec4 21, 0, 8;
    %jmp/0 T_53.61, 8;
 ; End of false expr.
    %blend;
T_53.61;
    %assign/vec4 v0xa524b7b60_0, 0;
    %pushi/vec4 0, 0, 5;
    %assign/vec4 v0xa524b7a20_0, 0;
T_53.58 ;
    %jmp T_53.20;
T_53.14 ;
    %load/vec4 v0xa524b7980_0;
    %flag_set/vec4 8;
    %jmp/0xz  T_53.62, 8;
    %load/vec4 v0xa524b78e0_0;
    %ix/load 5, 0, 0;
    %ix/load 4, 8, 0;
    %flag_set/imm 4, 0;
    %assign/vec4/off/d v0xa524b7840_0, 4, 5;
    %pushi/vec4 13, 0, 5;
    %assign/vec4 v0xa524b7a20_0, 0;
T_53.62 ;
    %jmp T_53.20;
T_53.15 ;
    %load/vec4 v0xa524b7980_0;
    %flag_set/vec4 8;
    %jmp/0xz  T_53.64, 8;
    %load/vec4 v0xa524b78e0_0;
    %ix/load 5, 0, 0;
    %ix/load 4, 0, 0;
    %flag_set/imm 4, 0;
    %assign/vec4/off/d v0xa524b7840_0, 4, 5;
    %load/vec4 v0xa524b7840_0;
    %parti/s 8, 8, 5;
    %load/vec4 v0xa524b78e0_0;
    %concat/vec4; draw_concat_vec4
    %load/vec4 v0xa524b7340_0;
    %cmp/e;
    %flag_get/vec4 4;
    %assign/vec4 v0xa524b7700_0, 0;
    %pushi/vec4 14, 0, 5;
    %assign/vec4 v0xa524b7a20_0, 0;
T_53.64 ;
    %jmp T_53.20;
T_53.16 ;
    %load/vec4 v0xa524b7ac0_0;
    %nor/r;
    %flag_set/vec4 8;
    %jmp/0xz  T_53.66, 8;
    %pushi/vec4 1, 0, 1;
    %assign/vec4 v0xa524b7c00_0, 0;
    %load/vec4 v0xa524b7700_0;
    %flag_set/vec4 8;
    %jmp/0 T_53.68, 8;
    %pushi/vec4 6, 0, 8;
    %jmp/1 T_53.69, 8;
T_53.68 ; End of true expr.
    %pushi/vec4 21, 0, 8;
    %jmp/0 T_53.69, 8;
 ; End of false expr.
    %blend;
T_53.69;
    %assign/vec4 v0xa524b7b60_0, 0;
    %load/vec4 v0xa524b7700_0;
    %flag_set/vec4 8;
    %jmp/0 T_53.70, 8;
    %pushi/vec4 15, 0, 5;
    %jmp/1 T_53.71, 8;
T_53.70 ; End of true expr.
    %pushi/vec4 0, 0, 5;
    %jmp/0 T_53.71, 8;
 ; End of false expr.
    %blend;
T_53.71;
    %assign/vec4 v0xa524b7a20_0, 0;
T_53.66 ;
    %jmp T_53.20;
T_53.17 ;
    %load/vec4 v0xa524b7ac0_0;
    %nor/r;
    %flag_set/vec4 9;
    %flag_get/vec4 9;
    %jmp/0 T_53.74, 9;
    %load/vec4 v0xa524b7c00_0;
    %nor/r;
    %and;
T_53.74;
    %flag_set/vec4 8;
    %jmp/0xz  T_53.72, 8;
    %pushi/vec4 1, 0, 1;
    %assign/vec4 v0xa524b72a0_0, 0;
    %pushi/vec4 16, 0, 5;
    %assign/vec4 v0xa524b7a20_0, 0;
T_53.72 ;
    %jmp T_53.20;
T_53.18 ;
    %load/vec4 v0xa524b7980_0;
    %flag_set/vec4 9;
    %flag_get/vec4 9;
    %jmp/0 T_53.77, 9;
    %load/vec4 v0xa524b78e0_0;
    %pushi/vec4 170, 0, 8;
    %cmp/e;
    %flag_get/vec4 4;
    %and;
T_53.77;
    %flag_set/vec4 8;
    %jmp/0xz  T_53.75, 8;
    %pushi/vec4 0, 0, 1;
    %assign/vec4 v0xa524b72a0_0, 0;
    %pushi/vec4 1, 0, 5;
    %assign/vec4 v0xa524b7a20_0, 0;
    %jmp T_53.76;
T_53.75 ;
    %pushi/vec4 1, 0, 1;
    %assign/vec4 v0xa524b72a0_0, 0;
T_53.76 ;
    %jmp T_53.20;
T_53.20 ;
    %pop/vec4 1;
T_53.1 ;
    %jmp T_53;
    .thread T_53;
    .scope S_0xa52959b00;
T_54 ;
    %wait E_0xa52478dc0;
    %load/vec4 v0xa524b23a0_0;
    %flag_set/vec4 8;
    %jmp/0 T_54.0, 8;
    %load/vec4 v0xa524b63a0_0;
    %load/vec4 v0xa524b6440_0;
    %sub;
    %jmp/1 T_54.1, 8;
T_54.0 ; End of true expr.
    %load/vec4 v0xa524b63a0_0;
    %load/vec4 v0xa524b6440_0;
    %add;
    %jmp/0 T_54.1, 8;
 ; End of false expr.
    %blend;
T_54.1;
    %store/vec4 v0xa524ae080_0, 0, 32;
    %load/vec4 v0xa524b63a0_0;
    %load/vec4 v0xa524b6440_0;
    %cmp/e;
    %flag_get/vec4 4;
    %store/vec4 v0xa524ae120_0, 0, 1;
    %load/vec4 v0xa524b63a0_0;
    %load/vec4 v0xa524b6440_0;
    %cmp/s;
    %flag_get/vec4 5;
    %store/vec4 v0xa524ae1c0_0, 0, 1;
    %load/vec4 v0xa524b63a0_0;
    %load/vec4 v0xa524b6440_0;
    %cmp/u;
    %flag_get/vec4 5;
    %store/vec4 v0xa524ae260_0, 0, 1;
    %load/vec4 v0xa524b63a0_0;
    %load/vec4 v0xa524b6440_0;
    %parti/s 5, 0, 2;
    %ix/vec4 4;
    %shiftl 4;
    %store/vec4 v0xa524ae580_0, 0, 32;
    %load/vec4 v0xa524b2120_0;
    %flag_set/vec4 8;
    %jmp/1 T_54.4, 8;
    %load/vec4 v0xa524b21c0_0;
    %flag_set/vec4 9;
    %flag_or 8, 9;
T_54.4;
    %jmp/0 T_54.2, 8;
    %load/vec4 v0xa524b63a0_0;
    %parti/s 1, 31, 6;
    %jmp/1 T_54.3, 8;
T_54.2 ; End of true expr.
    %pushi/vec4 0, 0, 1;
    %jmp/0 T_54.3, 8;
 ; End of false expr.
    %blend;
T_54.3;
    %load/vec4 v0xa524b63a0_0;
    %concat/vec4; draw_concat_vec4
    %load/vec4 v0xa524b6440_0;
    %parti/s 5, 0, 2;
    %ix/vec4 4;
    %shiftr/s 4;
    %pad/s 32;
    %store/vec4 v0xa524ae620_0, 0, 32;
    %jmp T_54;
    .thread T_54, $push;
    .scope S_0xa52959500;
T_55 ;
    %end;
    .thread T_55;
    .scope S_0xa52959500;
T_56 ;
    %wait E_0xa52478d80;
    %pushi/vec4 0, 0, 1;
    %store/vec4 v0xa524b5680_0, 0, 1;
    %pushi/vec4 4294967295, 4294967295, 32;
    %store/vec4 v0xa524b54a0_0, 0, 32;
    %pushi/vec4 0, 0, 1;
    %store/vec4 v0xa524b55e0_0, 0, 1;
    %pushi/vec4 0, 0, 1;
    %store/vec4 v0xa524b5540_0, 0, 1;
    %pushi/vec4 1, 0, 1;
    %dup/vec4;
    %pushi/vec4 0, 0, 1;
    %cmp/u;
    %jmp/1 T_56.0, 6;
    %dup/vec4;
    %pushi/vec4 0, 0, 1;
    %cmp/u;
    %jmp/1 T_56.1, 6;
    %dup/vec4;
    %pushi/vec4 0, 0, 1;
    %cmp/u;
    %jmp/1 T_56.2, 6;
    %jmp T_56.3;
T_56.0 ;
    %pushi/vec4 0, 0, 1;
    %store/vec4 v0xa524b5680_0, 0, 1;
    %pushi/vec4 0, 0, 32;
    %store/vec4 v0xa524b54a0_0, 0, 32;
    %jmp T_56.3;
T_56.1 ;
    %load/vec4 v0xa524b5900_0;
    %store/vec4 v0xa524b5680_0, 0, 1;
    %load/vec4 v0xa524b5720_0;
    %store/vec4 v0xa524b54a0_0, 0, 32;
    %jmp T_56.3;
T_56.2 ;
    %load/vec4 v0xa524b5360_0;
    %store/vec4 v0xa524b5680_0, 0, 1;
    %load/vec4 v0xa524b5180_0;
    %store/vec4 v0xa524b54a0_0, 0, 32;
    %jmp T_56.3;
T_56.3 ;
    %pop/vec4 1;
    %jmp T_56;
    .thread T_56, $push;
    .scope S_0xa52959500;
T_57 ;
    %wait E_0xa52478b00;
    %load/vec4 v0xa524b66c0_0;
    %nor/r;
    %flag_set/vec4 8;
    %jmp/0xz  T_57.0, 8;
    %pushi/vec4 0, 0, 1;
    %assign/vec4 v0xa524b4280_0, 0;
    %pushi/vec4 0, 0, 1;
    %assign/vec4 v0xa524b3520_0, 0;
    %jmp T_57.1;
T_57.0 ;
    %load/vec4 v0xa524b3520_0;
    %nor/r;
    %flag_set/vec4 8;
    %jmp/0xz  T_57.2, 8;
    %load/vec4 v0xa524b41e0_0;
    %assign/vec4 v0xa524b4280_0, 0;
T_57.2 ;
    %load/vec4 v0xa524b4be0_0;
    %flag_set/vec4 8;
    %flag_get/vec4 8;
    %jmp/0 T_57.4, 8;
    %load/vec4 v0xa524b4aa0_0;
    %nor/r;
    %and;
T_57.4;
    %assign/vec4 v0xa524b3520_0, 0;
T_57.1 ;
    %jmp T_57;
    .thread T_57;
    .scope S_0xa52959500;
T_58 ;
    %wait E_0xa52478d40;
    %load/vec4 v0xa524b4d20_0;
    %dup/vec4;
    %pushi/vec4 0, 0, 2;
    %cmp/u;
    %jmp/1 T_58.0, 6;
    %dup/vec4;
    %pushi/vec4 1, 0, 2;
    %cmp/u;
    %jmp/1 T_58.1, 6;
    %dup/vec4;
    %pushi/vec4 2, 0, 2;
    %cmp/u;
    %jmp/1 T_58.2, 6;
    %jmp T_58.3;
T_58.0 ;
    %load/vec4 v0xa524b6440_0;
    %store/vec4 v0xa524b45a0_0, 0, 32;
    %pushi/vec4 15, 0, 4;
    %store/vec4 v0xa524b46e0_0, 0, 4;
    %load/vec4 v0xa524b4780_0;
    %store/vec4 v0xa524b4a00_0, 0, 32;
    %jmp T_58.3;
T_58.1 ;
    %load/vec4 v0xa524b6440_0;
    %parti/s 16, 0, 2;
    %replicate 2;
    %store/vec4 v0xa524b45a0_0, 0, 32;
    %load/vec4 v0xa524b63a0_0;
    %parti/s 1, 1, 2;
    %flag_set/vec4 8;
    %jmp/0 T_58.4, 8;
    %pushi/vec4 12, 0, 4;
    %jmp/1 T_58.5, 8;
T_58.4 ; End of true expr.
    %pushi/vec4 3, 0, 4;
    %jmp/0 T_58.5, 8;
 ; End of false expr.
    %blend;
T_58.5;
    %store/vec4 v0xa524b46e0_0, 0, 4;
    %load/vec4 v0xa524b63a0_0;
    %parti/s 1, 1, 2;
    %dup/vec4;
    %pushi/vec4 0, 0, 1;
    %cmp/u;
    %jmp/1 T_58.6, 6;
    %dup/vec4;
    %pushi/vec4 1, 0, 1;
    %cmp/u;
    %jmp/1 T_58.7, 6;
    %jmp T_58.8;
T_58.6 ;
    %pushi/vec4 0, 0, 16;
    %load/vec4 v0xa524b4780_0;
    %parti/s 16, 0, 2;
    %concat/vec4; draw_concat_vec4
    %store/vec4 v0xa524b4a00_0, 0, 32;
    %jmp T_58.8;
T_58.7 ;
    %pushi/vec4 0, 0, 16;
    %load/vec4 v0xa524b4780_0;
    %parti/s 16, 16, 6;
    %concat/vec4; draw_concat_vec4
    %store/vec4 v0xa524b4a00_0, 0, 32;
    %jmp T_58.8;
T_58.8 ;
    %pop/vec4 1;
    %jmp T_58.3;
T_58.2 ;
    %load/vec4 v0xa524b6440_0;
    %parti/s 8, 0, 2;
    %replicate 4;
    %store/vec4 v0xa524b45a0_0, 0, 32;
    %pushi/vec4 1, 0, 4;
    %load/vec4 v0xa524b63a0_0;
    %parti/s 2, 0, 2;
    %ix/vec4 4;
    %shiftl 4;
    %store/vec4 v0xa524b46e0_0, 0, 4;
    %load/vec4 v0xa524b63a0_0;
    %parti/s 2, 0, 2;
    %dup/vec4;
    %pushi/vec4 0, 0, 2;
    %cmp/u;
    %jmp/1 T_58.9, 6;
    %dup/vec4;
    %pushi/vec4 1, 0, 2;
    %cmp/u;
    %jmp/1 T_58.10, 6;
    %dup/vec4;
    %pushi/vec4 2, 0, 2;
    %cmp/u;
    %jmp/1 T_58.11, 6;
    %dup/vec4;
    %pushi/vec4 3, 0, 2;
    %cmp/u;
    %jmp/1 T_58.12, 6;
    %jmp T_58.13;
T_58.9 ;
    %pushi/vec4 0, 0, 24;
    %load/vec4 v0xa524b4780_0;
    %parti/s 8, 0, 2;
    %concat/vec4; draw_concat_vec4
    %store/vec4 v0xa524b4a00_0, 0, 32;
    %jmp T_58.13;
T_58.10 ;
    %pushi/vec4 0, 0, 24;
    %load/vec4 v0xa524b4780_0;
    %parti/s 8, 8, 5;
    %concat/vec4; draw_concat_vec4
    %store/vec4 v0xa524b4a00_0, 0, 32;
    %jmp T_58.13;
T_58.11 ;
    %pushi/vec4 0, 0, 24;
    %load/vec4 v0xa524b4780_0;
    %parti/s 8, 16, 6;
    %concat/vec4; draw_concat_vec4
    %store/vec4 v0xa524b4a00_0, 0, 32;
    %jmp T_58.13;
T_58.12 ;
    %pushi/vec4 0, 0, 24;
    %load/vec4 v0xa524b4780_0;
    %parti/s 8, 24, 6;
    %concat/vec4; draw_concat_vec4
    %store/vec4 v0xa524b4a00_0, 0, 32;
    %jmp T_58.13;
T_58.13 ;
    %pop/vec4 1;
    %jmp T_58.3;
T_58.3 ;
    %pop/vec4 1;
    %jmp T_58;
    .thread T_58, $push;
    .scope S_0xa52959500;
T_59 ;
    %wait E_0xa52478b00;
    %load/vec4 v0xa524b4e60_0;
    %flag_set/vec4 8;
    %jmp/0xz  T_59.0, 8;
    %load/vec4 v0xa524b4780_0;
    %assign/vec4 v0xa524b4960_0, 0;
    %load/vec4 v0xa524b4780_0;
    %assign/vec4 v0xa524b4fa0_0, 0;
T_59.0 ;
    %jmp T_59;
    .thread T_59;
    .scope S_0xa52959500;
T_60 ;
    %wait E_0xa52478b00;
    %load/vec4 v0xa524b66c0_0;
    %flag_set/vec4 9;
    %flag_get/vec4 9;
    %jmp/0 T_60.2, 9;
    %load/vec4 v0xa524b6b20_0;
    %nor/r;
    %and;
T_60.2;
    %flag_set/vec4 8;
    %jmp/0xz  T_60.0, 8;
    %load/vec4 v0xa524b3d40_0;
    %flag_set/vec4 8;
    %jmp/1 T_60.6, 8;
    %load/vec4 v0xa524b3e80_0;
    %flag_set/vec4 9;
    %flag_or 8, 9;
T_60.6;
    %jmp/1 T_60.5, 8;
    %load/vec4 v0xa524b3de0_0;
    %flag_set/vec4 9;
    %flag_or 8, 9;
T_60.5;
    %jmp/0xz  T_60.3, 8;
    %fork TD_tb_reload.dut.cpu.empty_statement, S_0xa52959680;
    %join;
T_60.3 ;
    %load/vec4 v0xa524b3d40_0;
    %flag_set/vec4 8;
    %jmp/1 T_60.9, 8;
    %load/vec4 v0xa524b3e80_0;
    %flag_set/vec4 9;
    %flag_or 8, 9;
T_60.9;
    %jmp/0xz  T_60.7, 8;
    %fork TD_tb_reload.dut.cpu.empty_statement, S_0xa52959680;
    %join;
T_60.7 ;
    %load/vec4 v0xa524b3de0_0;
    %flag_set/vec4 8;
    %jmp/0xz  T_60.10, 8;
    %fork TD_tb_reload.dut.cpu.empty_statement, S_0xa52959680;
    %join;
T_60.10 ;
    %load/vec4 v0xa524b3f20_0;
    %flag_set/vec4 8;
    %jmp/0xz  T_60.12, 8;
    %fork TD_tb_reload.dut.cpu.empty_statement, S_0xa52959680;
    %join;
T_60.12 ;
    %load/vec4 v0xa524b4b40_0;
    %pad/u 32;
    %cmpi/e 2, 0, 32;
    %jmp/1 T_60.16, 4;
    %flag_mov 8, 4;
    %load/vec4 v0xa524b4b40_0;
    %pad/u 32;
    %cmpi/e 3, 0, 32;
    %flag_or 4, 8;
T_60.16;
    %jmp/0xz  T_60.14, 4;
    %fork TD_tb_reload.dut.cpu.empty_statement, S_0xa52959680;
    %join;
T_60.14 ;
T_60.0 ;
    %jmp T_60;
    .thread T_60;
    .scope S_0xa52959500;
T_61 ;
    %wait E_0xa52478b00;
    %load/vec4 v0xa524b66c0_0;
    %nor/r;
    %flag_set/vec4 8;
    %jmp/1 T_61.2, 8;
    %load/vec4 v0xa524b6b20_0;
    %flag_set/vec4 9;
    %flag_or 8, 9;
T_61.2;
    %jmp/0xz  T_61.0, 8;
    %load/vec4 v0xa524b66c0_0;
    %nor/r;
    %flag_set/vec4 8;
    %jmp/0xz  T_61.3, 8;
    %pushi/vec4 0, 0, 2;
    %assign/vec4 v0xa524b4b40_0, 0;
T_61.3 ;
    %load/vec4 v0xa524b66c0_0;
    %nor/r;
    %flag_set/vec4 8;
    %jmp/1 T_61.7, 8;
    %load/vec4 v0xa524b4aa0_0;
    %flag_set/vec4 9;
    %flag_or 8, 9;
T_61.7;
    %jmp/0xz  T_61.5, 8;
    %pushi/vec4 0, 0, 1;
    %assign/vec4 v0xa524b4be0_0, 0;
T_61.5 ;
    %pushi/vec4 0, 0, 1;
    %assign/vec4 v0xa524b4460_0, 0;
    %pushi/vec4 0, 0, 1;
    %assign/vec4 v0xa524b5ea0_0, 0;
    %jmp T_61.1;
T_61.0 ;
    %load/vec4 v0xa524b43c0_0;
    %flag_set/vec4 8;
    %jmp/1 T_61.10, 8;
    %load/vec4 v0xa524b4640_0;
    %flag_set/vec4 9;
    %flag_or 8, 9;
T_61.10;
    %jmp/0xz  T_61.8, 8;
    %load/vec4 v0xa524b4140_0;
    %assign/vec4 v0xa524b3c00_0, 0;
    %load/vec4 v0xa524b46e0_0;
    %load/vec4 v0xa524b4640_0;
    %replicate 4;
    %and;
    %assign/vec4 v0xa524b4dc0_0, 0;
T_61.8 ;
    %load/vec4 v0xa524b4640_0;
    %flag_set/vec4 8;
    %jmp/0xz  T_61.11, 8;
    %load/vec4 v0xa524b45a0_0;
    %assign/vec4 v0xa524b4c80_0, 0;
T_61.11 ;
    %load/vec4 v0xa524b4b40_0;
    %dup/vec4;
    %pushi/vec4 0, 0, 2;
    %cmp/u;
    %jmp/1 T_61.13, 6;
    %dup/vec4;
    %pushi/vec4 1, 0, 2;
    %cmp/u;
    %jmp/1 T_61.14, 6;
    %dup/vec4;
    %pushi/vec4 2, 0, 2;
    %cmp/u;
    %jmp/1 T_61.15, 6;
    %dup/vec4;
    %pushi/vec4 3, 0, 2;
    %cmp/u;
    %jmp/1 T_61.16, 6;
    %jmp T_61.17;
T_61.13 ;
    %load/vec4 v0xa524b3d40_0;
    %flag_set/vec4 8;
    %jmp/1 T_61.21, 8;
    %load/vec4 v0xa524b3e80_0;
    %flag_set/vec4 9;
    %flag_or 8, 9;
T_61.21;
    %jmp/1 T_61.20, 8;
    %load/vec4 v0xa524b3de0_0;
    %flag_set/vec4 9;
    %flag_or 8, 9;
T_61.20;
    %jmp/0xz  T_61.18, 8;
    %load/vec4 v0xa524b4500_0;
    %nor/r;
    %assign/vec4 v0xa524b4be0_0, 0;
    %load/vec4 v0xa524b3d40_0;
    %flag_set/vec4 8;
    %flag_get/vec4 8;
    %jmp/1 T_61.22, 8;
    %load/vec4 v0xa524b3e80_0;
    %or;
T_61.22;
    %assign/vec4 v0xa524b40a0_0, 0;
    %pushi/vec4 0, 0, 4;
    %assign/vec4 v0xa524b4dc0_0, 0;
    %pushi/vec4 1, 0, 2;
    %assign/vec4 v0xa524b4b40_0, 0;
T_61.18 ;
    %load/vec4 v0xa524b3f20_0;
    %flag_set/vec4 8;
    %jmp/0xz  T_61.23, 8;
    %pushi/vec4 1, 0, 1;
    %assign/vec4 v0xa524b4be0_0, 0;
    %pushi/vec4 0, 0, 1;
    %assign/vec4 v0xa524b40a0_0, 0;
    %pushi/vec4 2, 0, 2;
    %assign/vec4 v0xa524b4b40_0, 0;
T_61.23 ;
    %jmp T_61.17;
T_61.14 ;
    %fork TD_tb_reload.dut.cpu.empty_statement, S_0xa52959680;
    %join;
    %fork TD_tb_reload.dut.cpu.empty_statement, S_0xa52959680;
    %join;
    %fork TD_tb_reload.dut.cpu.empty_statement, S_0xa52959680;
    %join;
    %fork TD_tb_reload.dut.cpu.empty_statement, S_0xa52959680;
    %join;
    %load/vec4 v0xa524b4e60_0;
    %flag_set/vec4 8;
    %jmp/0xz  T_61.25, 8;
    %pushi/vec4 0, 0, 1;
    %assign/vec4 v0xa524b4be0_0, 0;
    %pushi/vec4 0, 0, 1;
    %assign/vec4 v0xa524b4460_0, 0;
    %load/vec4 v0xa524b3e80_0;
    %flag_set/vec4 8;
    %jmp/1 T_61.29, 8;
    %load/vec4 v0xa524b3de0_0;
    %flag_set/vec4 9;
    %flag_or 8, 9;
T_61.29;
    %jmp/0 T_61.27, 8;
    %pushi/vec4 0, 0, 3;
    %jmp/1 T_61.28, 8;
T_61.27 ; End of true expr.
    %pushi/vec4 3, 0, 3;
    %jmp/0 T_61.28, 8;
 ; End of false expr.
    %blend;
T_61.28;
    %pad/s 2;
    %assign/vec4 v0xa524b4b40_0, 0;
T_61.25 ;
    %jmp T_61.17;
T_61.15 ;
    %fork TD_tb_reload.dut.cpu.empty_statement, S_0xa52959680;
    %join;
    %fork TD_tb_reload.dut.cpu.empty_statement, S_0xa52959680;
    %join;
    %load/vec4 v0xa524b4e60_0;
    %flag_set/vec4 8;
    %jmp/0xz  T_61.30, 8;
    %pushi/vec4 0, 0, 1;
    %assign/vec4 v0xa524b4be0_0, 0;
    %pushi/vec4 0, 0, 2;
    %assign/vec4 v0xa524b4b40_0, 0;
T_61.30 ;
    %jmp T_61.17;
T_61.16 ;
    %fork TD_tb_reload.dut.cpu.empty_statement, S_0xa52959680;
    %join;
    %fork TD_tb_reload.dut.cpu.empty_statement, S_0xa52959680;
    %join;
    %load/vec4 v0xa524b3e80_0;
    %flag_set/vec4 8;
    %jmp/0xz  T_61.32, 8;
    %pushi/vec4 0, 0, 2;
    %assign/vec4 v0xa524b4b40_0, 0;
T_61.32 ;
    %jmp T_61.17;
T_61.17 ;
    %pop/vec4 1;
T_61.1 ;
    %load/vec4 v0xa524aebc0_0;
    %flag_set/vec4 8;
    %jmp/0xz  T_61.34, 8;
    %pushi/vec4 0, 0, 1;
    %assign/vec4 v0xa524b5ea0_0, 0;
T_61.34 ;
    %jmp T_61;
    .thread T_61;
    .scope S_0xa52959500;
T_62 ;
    %wait E_0xa52478d00;
    %pushi/vec4 0, 0, 32; draw_string_vec4
    %pushi/vec4 0, 0, 32; draw_string_vec4
    %concat/vec4; draw_string_vec4
    %store/vec4 v0xa524b4f00_0, 0, 64;
    %load/vec4 v0xa524b1540_0;
    %flag_set/vec4 8;
    %jmp/0xz  T_62.0, 8;
    %pushi/vec4 0, 0, 32; draw_string_vec4
    %pushi/vec4 7107945, 0, 32; draw_string_vec4
    %concat/vec4; draw_string_vec4
    %store/vec4 v0xa524b4f00_0, 0, 64;
T_62.0 ;
    %load/vec4 v0xa524b0b40_0;
    %flag_set/vec4 8;
    %jmp/0xz  T_62.2, 8;
    %pushi/vec4 97, 0, 32; draw_string_vec4
    %pushi/vec4 1969844323, 0, 32; draw_string_vec4
    %concat/vec4; draw_string_vec4
    %store/vec4 v0xa524b4f00_0, 0, 64;
T_62.2 ;
    %load/vec4 v0xa524b1180_0;
    %flag_set/vec4 8;
    %jmp/0xz  T_62.4, 8;
    %pushi/vec4 0, 0, 32; draw_string_vec4
    %pushi/vec4 6971756, 0, 32; draw_string_vec4
    %concat/vec4; draw_string_vec4
    %store/vec4 v0xa524b4f00_0, 0, 64;
T_62.4 ;
    %load/vec4 v0xa524b1220_0;
    %flag_set/vec4 8;
    %jmp/0xz  T_62.6, 8;
    %pushi/vec4 0, 0, 32; draw_string_vec4
    %pushi/vec4 1784769650, 0, 32; draw_string_vec4
    %concat/vec4; draw_string_vec4
    %store/vec4 v0xa524b4f00_0, 0, 64;
T_62.6 ;
    %load/vec4 v0xa524b0be0_0;
    %flag_set/vec4 8;
    %jmp/0xz  T_62.8, 8;
    %pushi/vec4 0, 0, 32; draw_string_vec4
    %pushi/vec4 6448497, 0, 32; draw_string_vec4
    %concat/vec4; draw_string_vec4
    %store/vec4 v0xa524b4f00_0, 0, 64;
T_62.8 ;
    %load/vec4 v0xa524b0f00_0;
    %flag_set/vec4 8;
    %jmp/0xz  T_62.10, 8;
    %pushi/vec4 0, 0, 32; draw_string_vec4
    %pushi/vec4 6450789, 0, 32; draw_string_vec4
    %concat/vec4; draw_string_vec4
    %store/vec4 v0xa524b4f00_0, 0, 64;
T_62.10 ;
    %load/vec4 v0xa524b0dc0_0;
    %flag_set/vec4 8;
    %jmp/0xz  T_62.12, 8;
    %pushi/vec4 0, 0, 32; draw_string_vec4
    %pushi/vec4 6450292, 0, 32; draw_string_vec4
    %concat/vec4; draw_string_vec4
    %store/vec4 v0xa524b4f00_0, 0, 64;
T_62.12 ;
    %load/vec4 v0xa524b0c80_0;
    %flag_set/vec4 8;
    %jmp/0xz  T_62.14, 8;
    %pushi/vec4 0, 0, 32; draw_string_vec4
    %pushi/vec4 6448997, 0, 32; draw_string_vec4
    %concat/vec4; draw_string_vec4
    %store/vec4 v0xa524b4f00_0, 0, 64;
T_62.14 ;
    %load/vec4 v0xa524b0e60_0;
    %flag_set/vec4 8;
    %jmp/0xz  T_62.16, 8;
    %pushi/vec4 0, 0, 32; draw_string_vec4
    %pushi/vec4 1651274869, 0, 32; draw_string_vec4
    %concat/vec4; draw_string_vec4
    %store/vec4 v0xa524b4f00_0, 0, 64;
T_62.16 ;
    %load/vec4 v0xa524b0d20_0;
    %flag_set/vec4 8;
    %jmp/0xz  T_62.18, 8;
    %pushi/vec4 0, 0, 32; draw_string_vec4
    %pushi/vec4 1650943349, 0, 32; draw_string_vec4
    %concat/vec4; draw_string_vec4
    %store/vec4 v0xa524b4f00_0, 0, 64;
T_62.18 ;
    %load/vec4 v0xa524b12c0_0;
    %flag_set/vec4 8;
    %jmp/0xz  T_62.20, 8;
    %pushi/vec4 0, 0, 32; draw_string_vec4
    %pushi/vec4 27746, 0, 32; draw_string_vec4
    %concat/vec4; draw_string_vec4
    %store/vec4 v0xa524b4f00_0, 0, 64;
T_62.20 ;
    %load/vec4 v0xa524b1400_0;
    %flag_set/vec4 8;
    %jmp/0xz  T_62.22, 8;
    %pushi/vec4 0, 0, 32; draw_string_vec4
    %pushi/vec4 27752, 0, 32; draw_string_vec4
    %concat/vec4; draw_string_vec4
    %store/vec4 v0xa524b4f00_0, 0, 64;
T_62.22 ;
    %load/vec4 v0xa524b15e0_0;
    %flag_set/vec4 8;
    %jmp/0xz  T_62.24, 8;
    %pushi/vec4 0, 0, 32; draw_string_vec4
    %pushi/vec4 27767, 0, 32; draw_string_vec4
    %concat/vec4; draw_string_vec4
    %store/vec4 v0xa524b4f00_0, 0, 64;
T_62.24 ;
    %load/vec4 v0xa524b1360_0;
    %flag_set/vec4 8;
    %jmp/0xz  T_62.26, 8;
    %pushi/vec4 0, 0, 32; draw_string_vec4
    %pushi/vec4 7103093, 0, 32; draw_string_vec4
    %concat/vec4; draw_string_vec4
    %store/vec4 v0xa524b4f00_0, 0, 64;
T_62.26 ;
    %load/vec4 v0xa524b14a0_0;
    %flag_set/vec4 8;
    %jmp/0xz  T_62.28, 8;
    %pushi/vec4 0, 0, 32; draw_string_vec4
    %pushi/vec4 7104629, 0, 32; draw_string_vec4
    %concat/vec4; draw_string_vec4
    %store/vec4 v0xa524b4f00_0, 0, 64;
T_62.28 ;
    %load/vec4 v0xa524b1b80_0;
    %flag_set/vec4 8;
    %jmp/0xz  T_62.30, 8;
    %pushi/vec4 0, 0, 32; draw_string_vec4
    %pushi/vec4 29538, 0, 32; draw_string_vec4
    %concat/vec4; draw_string_vec4
    %store/vec4 v0xa524b4f00_0, 0, 64;
T_62.30 ;
    %load/vec4 v0xa524b1cc0_0;
    %flag_set/vec4 8;
    %jmp/0xz  T_62.32, 8;
    %pushi/vec4 0, 0, 32; draw_string_vec4
    %pushi/vec4 29544, 0, 32; draw_string_vec4
    %concat/vec4; draw_string_vec4
    %store/vec4 v0xa524b4f00_0, 0, 64;
T_62.32 ;
    %load/vec4 v0xa524b2440_0;
    %flag_set/vec4 8;
    %jmp/0xz  T_62.34, 8;
    %pushi/vec4 0, 0, 32; draw_string_vec4
    %pushi/vec4 29559, 0, 32; draw_string_vec4
    %concat/vec4; draw_string_vec4
    %store/vec4 v0xa524b4f00_0, 0, 64;
T_62.34 ;
    %load/vec4 v0xa524b0960_0;
    %flag_set/vec4 8;
    %jmp/0xz  T_62.36, 8;
    %pushi/vec4 0, 0, 32; draw_string_vec4
    %pushi/vec4 1633969257, 0, 32; draw_string_vec4
    %concat/vec4; draw_string_vec4
    %store/vec4 v0xa524b4f00_0, 0, 64;
T_62.36 ;
    %load/vec4 v0xa524b1f40_0;
    %flag_set/vec4 8;
    %jmp/0xz  T_62.38, 8;
    %pushi/vec4 0, 0, 32; draw_string_vec4
    %pushi/vec4 1936487529, 0, 32; draw_string_vec4
    %concat/vec4; draw_string_vec4
    %store/vec4 v0xa524b4f00_0, 0, 64;
T_62.38 ;
    %load/vec4 v0xa524b1fe0_0;
    %flag_set/vec4 8;
    %jmp/0xz  T_62.40, 8;
    %pushi/vec4 115, 0, 32; draw_string_vec4
    %pushi/vec4 1819568501, 0, 32; draw_string_vec4
    %concat/vec4; draw_string_vec4
    %store/vec4 v0xa524b4f00_0, 0, 64;
T_62.40 ;
    %load/vec4 v0xa524b2760_0;
    %flag_set/vec4 8;
    %jmp/0xz  T_62.42, 8;
    %pushi/vec4 0, 0, 32; draw_string_vec4
    %pushi/vec4 2020569705, 0, 32; draw_string_vec4
    %concat/vec4; draw_string_vec4
    %store/vec4 v0xa524b4f00_0, 0, 64;
T_62.42 ;
    %load/vec4 v0xa524b17c0_0;
    %flag_set/vec4 8;
    %jmp/0xz  T_62.44, 8;
    %pushi/vec4 0, 0, 32; draw_string_vec4
    %pushi/vec4 7303785, 0, 32; draw_string_vec4
    %concat/vec4; draw_string_vec4
    %store/vec4 v0xa524b4f00_0, 0, 64;
T_62.44 ;
    %load/vec4 v0xa524b0aa0_0;
    %flag_set/vec4 8;
    %jmp/0xz  T_62.46, 8;
    %pushi/vec4 0, 0, 32; draw_string_vec4
    %pushi/vec4 1634624617, 0, 32; draw_string_vec4
    %concat/vec4; draw_string_vec4
    %store/vec4 v0xa524b4f00_0, 0, 64;
T_62.46 ;
    %load/vec4 v0xa524b1e00_0;
    %flag_set/vec4 8;
    %jmp/0xz  T_62.48, 8;
    %pushi/vec4 0, 0, 32; draw_string_vec4
    %pushi/vec4 1936485481, 0, 32; draw_string_vec4
    %concat/vec4; draw_string_vec4
    %store/vec4 v0xa524b4f00_0, 0, 64;
T_62.48 ;
    %load/vec4 v0xa524b2300_0;
    %flag_set/vec4 8;
    %jmp/0xz  T_62.50, 8;
    %pushi/vec4 0, 0, 32; draw_string_vec4
    %pushi/vec4 1936878697, 0, 32; draw_string_vec4
    %concat/vec4; draw_string_vec4
    %store/vec4 v0xa524b4f00_0, 0, 64;
T_62.50 ;
    %load/vec4 v0xa524b21c0_0;
    %flag_set/vec4 8;
    %jmp/0xz  T_62.52, 8;
    %pushi/vec4 0, 0, 32; draw_string_vec4
    %pushi/vec4 1936875881, 0, 32; draw_string_vec4
    %concat/vec4; draw_string_vec4
    %store/vec4 v0xa524b4f00_0, 0, 64;
T_62.52 ;
    %load/vec4 v0xa524b08c0_0;
    %flag_set/vec4 8;
    %jmp/0xz  T_62.54, 8;
    %pushi/vec4 0, 0, 32; draw_string_vec4
    %pushi/vec4 6382692, 0, 32; draw_string_vec4
    %concat/vec4; draw_string_vec4
    %store/vec4 v0xa524b4f00_0, 0, 64;
T_62.54 ;
    %load/vec4 v0xa524b23a0_0;
    %flag_set/vec4 8;
    %jmp/0xz  T_62.56, 8;
    %pushi/vec4 0, 0, 32; draw_string_vec4
    %pushi/vec4 7566690, 0, 32; draw_string_vec4
    %concat/vec4; draw_string_vec4
    %store/vec4 v0xa524b4f00_0, 0, 64;
T_62.56 ;
    %load/vec4 v0xa524b1d60_0;
    %flag_set/vec4 8;
    %jmp/0xz  T_62.58, 8;
    %pushi/vec4 0, 0, 32; draw_string_vec4
    %pushi/vec4 7564396, 0, 32; draw_string_vec4
    %concat/vec4; draw_string_vec4
    %store/vec4 v0xa524b4f00_0, 0, 64;
T_62.58 ;
    %load/vec4 v0xa524b1ea0_0;
    %flag_set/vec4 8;
    %jmp/0xz  T_62.60, 8;
    %pushi/vec4 0, 0, 32; draw_string_vec4
    %pushi/vec4 7564404, 0, 32; draw_string_vec4
    %concat/vec4; draw_string_vec4
    %store/vec4 v0xa524b4f00_0, 0, 64;
T_62.60 ;
    %load/vec4 v0xa524b2080_0;
    %flag_set/vec4 8;
    %jmp/0xz  T_62.62, 8;
    %pushi/vec4 0, 0, 32; draw_string_vec4
    %pushi/vec4 1936487541, 0, 32; draw_string_vec4
    %concat/vec4; draw_string_vec4
    %store/vec4 v0xa524b4f00_0, 0, 64;
T_62.62 ;
    %load/vec4 v0xa524b26c0_0;
    %flag_set/vec4 8;
    %jmp/0xz  T_62.64, 8;
    %pushi/vec4 0, 0, 32; draw_string_vec4
    %pushi/vec4 7892850, 0, 32; draw_string_vec4
    %concat/vec4; draw_string_vec4
    %store/vec4 v0xa524b4f00_0, 0, 64;
T_62.64 ;
    %load/vec4 v0xa524b2260_0;
    %flag_set/vec4 8;
    %jmp/0xz  T_62.66, 8;
    %pushi/vec4 0, 0, 32; draw_string_vec4
    %pushi/vec4 7565932, 0, 32; draw_string_vec4
    %concat/vec4; draw_string_vec4
    %store/vec4 v0xa524b4f00_0, 0, 64;
T_62.66 ;
    %load/vec4 v0xa524b2120_0;
    %flag_set/vec4 8;
    %jmp/0xz  T_62.68, 8;
    %pushi/vec4 0, 0, 32; draw_string_vec4
    %pushi/vec4 7565921, 0, 32; draw_string_vec4
    %concat/vec4; draw_string_vec4
    %store/vec4 v0xa524b4f00_0, 0, 64;
T_62.68 ;
    %load/vec4 v0xa524b1720_0;
    %flag_set/vec4 8;
    %jmp/0xz  T_62.70, 8;
    %pushi/vec4 0, 0, 32; draw_string_vec4
    %pushi/vec4 28530, 0, 32; draw_string_vec4
    %concat/vec4; draw_string_vec4
    %store/vec4 v0xa524b4f00_0, 0, 64;
T_62.70 ;
    %load/vec4 v0xa524b0a00_0;
    %flag_set/vec4 8;
    %jmp/0xz  T_62.72, 8;
    %pushi/vec4 0, 0, 32; draw_string_vec4
    %pushi/vec4 6385252, 0, 32; draw_string_vec4
    %concat/vec4; draw_string_vec4
    %store/vec4 v0xa524b4f00_0, 0, 64;
T_62.72 ;
    %load/vec4 v0xa524b1860_0;
    %flag_set/vec4 8;
    %jmp/0xz  T_62.74, 8;
    %pushi/vec4 7496803, 0, 32; draw_string_vec4
    %pushi/vec4 2036558949, 0, 32; draw_string_vec4
    %concat/vec4; draw_string_vec4
    %store/vec4 v0xa524b4f00_0, 0, 64;
T_62.74 ;
    %load/vec4 v0xa524b1900_0;
    %flag_set/vec4 8;
    %jmp/0xz  T_62.76, 8;
    %pushi/vec4 1919181689, 0, 32; draw_string_vec4
    %pushi/vec4 1668048232, 0, 32; draw_string_vec4
    %concat/vec4; draw_string_vec4
    %store/vec4 v0xa524b4f00_0, 0, 64;
T_62.76 ;
    %load/vec4 v0xa524b19a0_0;
    %flag_set/vec4 8;
    %jmp/0xz  T_62.78, 8;
    %pushi/vec4 7496809, 0, 32; draw_string_vec4
    %pushi/vec4 1853060210, 0, 32; draw_string_vec4
    %concat/vec4; draw_string_vec4
    %store/vec4 v0xa524b4f00_0, 0, 64;
T_62.78 ;
    %load/vec4 v0xa524b1a40_0;
    %flag_set/vec4 8;
    %jmp/0xz  T_62.80, 8;
    %pushi/vec4 1919183214, 0, 32; draw_string_vec4
    %pushi/vec4 1937011304, 0, 32; draw_string_vec4
    %concat/vec4; draw_string_vec4
    %store/vec4 v0xa524b4f00_0, 0, 64;
T_62.80 ;
    %load/vec4 v0xa524b1040_0;
    %flag_set/vec4 8;
    %jmp/0xz  T_62.82, 8;
    %pushi/vec4 102, 0, 32; draw_string_vec4
    %pushi/vec4 1701733221, 0, 32; draw_string_vec4
    %concat/vec4; draw_string_vec4
    %store/vec4 v0xa524b4f00_0, 0, 64;
T_62.82 ;
    %load/vec4 v0xa524b10e0_0;
    %flag_set/vec4 8;
    %jmp/0xz  T_62.84, 8;
    %pushi/vec4 0, 0, 32; draw_string_vec4
    %pushi/vec4 1734702193, 0, 32; draw_string_vec4
    %concat/vec4; draw_string_vec4
    %store/vec4 v0xa524b4f00_0, 0, 64;
T_62.84 ;
    %load/vec4 v0xa524b1c20_0;
    %flag_set/vec4 8;
    %jmp/0xz  T_62.86, 8;
    %pushi/vec4 0, 0, 32; draw_string_vec4
    %pushi/vec4 1936028785, 0, 32; draw_string_vec4
    %concat/vec4; draw_string_vec4
    %store/vec4 v0xa524b4f00_0, 0, 64;
T_62.86 ;
    %load/vec4 v0xa524b1ae0_0;
    %flag_set/vec4 8;
    %jmp/0xz  T_62.88, 8;
    %pushi/vec4 29285, 0, 32; draw_string_vec4
    %pushi/vec4 1953067633, 0, 32; draw_string_vec4
    %concat/vec4; draw_string_vec4
    %store/vec4 v0xa524b4f00_0, 0, 64;
T_62.88 ;
    %load/vec4 v0xa524b1680_0;
    %flag_set/vec4 8;
    %jmp/0xz  T_62.90, 8;
    %pushi/vec4 7168371, 0, 32; draw_string_vec4
    %pushi/vec4 1802072689, 0, 32; draw_string_vec4
    %concat/vec4; draw_string_vec4
    %store/vec4 v0xa524b4f00_0, 0, 64;
T_62.90 ;
    %load/vec4 v0xa524b2620_0;
    %flag_set/vec4 8;
    %jmp/0xz  T_62.92, 8;
    %pushi/vec4 7823721, 0, 32; draw_string_vec4
    %pushi/vec4 1953067633, 0, 32; draw_string_vec4
    %concat/vec4; draw_string_vec4
    %store/vec4 v0xa524b4f00_0, 0, 64;
T_62.92 ;
    %load/vec4 v0xa524b24e0_0;
    %flag_set/vec4 8;
    %jmp/0xz  T_62.94, 8;
    %pushi/vec4 116, 0, 32; draw_string_vec4
    %pushi/vec4 1768777074, 0, 32; draw_string_vec4
    %concat/vec4; draw_string_vec4
    %store/vec4 v0xa524b4f00_0, 0, 64;
T_62.94 ;
    %jmp T_62;
    .thread T_62, $push;
    .scope S_0xa52959500;
T_63 ;
    %wait E_0xa52478b00;
    %load/vec4 v0xa524af3e0_0;
    %assign/vec4 v0xa524b5f40_0, 0;
    %load/vec4 v0xa524af5c0_0;
    %assign/vec4 v0xa524b5fe0_0, 0;
    %load/vec4 v0xa524af660_0;
    %assign/vec4 v0xa524b6080_0, 0;
    %load/vec4 v0xa524af7a0_0;
    %assign/vec4 v0xa524b61c0_0, 0;
    %load/vec4 v0xa524af840_0;
    %assign/vec4 v0xa524b6260_0, 0;
    %load/vec4 v0xa524af700_0;
    %assign/vec4 v0xa524b6120_0, 0;
    %load/vec4 v0xa524b3b60_0;
    %assign/vec4 v0xa524afd40_0, 0;
    %load/vec4 v0xa524b66c0_0;
    %nor/r;
    %flag_set/vec4 8;
    %jmp/1 T_63.2, 8;
    %load/vec4 v0xa524b6b20_0;
    %flag_set/vec4 9;
    %flag_or 8, 9;
T_63.2;
    %jmp/0xz  T_63.0, 8;
    %pushi/vec4 0, 0, 1;
    %assign/vec4 v0xa524b00a0_0, 0;
    %jmp T_63.1;
T_63.0 ;
    %load/vec4 v0xa524b3b60_0;
    %flag_set/vec4 8;
    %jmp/0xz  T_63.3, 8;
    %pushi/vec4 1, 0, 1;
    %assign/vec4 v0xa524b00a0_0, 0;
T_63.3 ;
T_63.1 ;
    %load/vec4 v0xa524b06e0_0;
    %flag_set/vec4 8;
    %jmp/0xz  T_63.5, 8;
    %load/vec4 v0xa524b4f00_0;
    %assign/vec4 v0xa524ae800_0, 0;
    %load/vec4 v0xa524b0140_0;
    %assign/vec4 v0xa524ae8a0_0, 0;
    %load/vec4 v0xa524b4fa0_0;
    %parti/s 2, 0, 2;
    %and/r;
    %flag_set/vec4 8;
    %jmp/0xz  T_63.7, 8;
    %load/vec4 v0xa524b4fa0_0;
    %assign/vec4 v0xa524ae940_0, 0;
    %jmp T_63.8;
T_63.7 ;
    %pushi/vec4 0, 0, 16;
    %load/vec4 v0xa524b4fa0_0;
    %parti/s 16, 0, 2;
    %concat/vec4; draw_concat_vec4
    %assign/vec4 v0xa524ae940_0, 0;
T_63.8 ;
    %load/vec4 v0xa524b03c0_0;
    %assign/vec4 v0xa524aea80_0, 0;
    %load/vec4 v0xa524b0460_0;
    %assign/vec4 v0xa524aeb20_0, 0;
    %load/vec4 v0xa524b0280_0;
    %assign/vec4 v0xa524ae9e0_0, 0;
T_63.5 ;
    %load/vec4 v0xa524b3b60_0;
    %flag_set/vec4 8;
    %jmp/0xz  T_63.9, 8;
    %load/vec4 v0xa524b50e0_0;
    %assign/vec4 v0xa524af520_0, 0;
T_63.9 ;
    %jmp T_63;
    .thread T_63;
    .scope S_0xa52959500;
T_64 ;
    %wait E_0xa52478cc0;
    %load/vec4 v0xa524b5f40_0;
    %store/vec4 v0xa524af3e0_0, 0, 64;
    %load/vec4 v0xa524b5fe0_0;
    %store/vec4 v0xa524af5c0_0, 0, 32;
    %load/vec4 v0xa524b6080_0;
    %store/vec4 v0xa524af660_0, 0, 32;
    %load/vec4 v0xa524b61c0_0;
    %store/vec4 v0xa524af7a0_0, 0, 5;
    %load/vec4 v0xa524b6260_0;
    %store/vec4 v0xa524af840_0, 0, 5;
    %load/vec4 v0xa524b6120_0;
    %store/vec4 v0xa524af700_0, 0, 5;
    %load/vec4 v0xa524afd40_0;
    %flag_set/vec4 8;
    %jmp/0xz  T_64.0, 8;
    %load/vec4 v0xa524b05a0_0;
    %flag_set/vec4 8;
    %jmp/0xz  T_64.2, 8;
    %load/vec4 v0xa524ae800_0;
    %store/vec4 v0xa524af3e0_0, 0, 64;
    %load/vec4 v0xa524ae8a0_0;
    %store/vec4 v0xa524af5c0_0, 0, 32;
    %load/vec4 v0xa524ae940_0;
    %store/vec4 v0xa524af660_0, 0, 32;
    %load/vec4 v0xa524aea80_0;
    %store/vec4 v0xa524af7a0_0, 0, 5;
    %load/vec4 v0xa524aeb20_0;
    %store/vec4 v0xa524af840_0, 0, 5;
    %load/vec4 v0xa524ae9e0_0;
    %store/vec4 v0xa524af700_0, 0, 5;
    %jmp T_64.3;
T_64.2 ;
    %load/vec4 v0xa524b4f00_0;
    %store/vec4 v0xa524af3e0_0, 0, 64;
    %load/vec4 v0xa524b4fa0_0;
    %parti/s 2, 0, 2;
    %and/r;
    %flag_set/vec4 8;
    %jmp/0xz  T_64.4, 8;
    %load/vec4 v0xa524b4fa0_0;
    %store/vec4 v0xa524af660_0, 0, 32;
    %jmp T_64.5;
T_64.4 ;
    %pushi/vec4 0, 0, 16;
    %load/vec4 v0xa524b4fa0_0;
    %parti/s 16, 0, 2;
    %concat/vec4; draw_concat_vec4
    %store/vec4 v0xa524af660_0, 0, 32;
T_64.5 ;
    %load/vec4 v0xa524b0140_0;
    %store/vec4 v0xa524af5c0_0, 0, 32;
    %load/vec4 v0xa524b03c0_0;
    %store/vec4 v0xa524af7a0_0, 0, 5;
    %load/vec4 v0xa524b0460_0;
    %store/vec4 v0xa524af840_0, 0, 5;
    %load/vec4 v0xa524b0280_0;
    %store/vec4 v0xa524af700_0, 0, 5;
T_64.3 ;
T_64.0 ;
    %jmp T_64;
    .thread T_64, $push;
    .scope S_0xa52959500;
T_65 ;
    %wait E_0xa52478b00;
    %load/vec4 v0xa524b1540_0;
    %load/vec4 v0xa524b0b40_0;
    %concat/vec4; draw_concat_vec4
    %load/vec4 v0xa524b1180_0;
    %concat/vec4; draw_concat_vec4
    %or/r;
    %assign/vec4 v0xa524b3020_0, 0;
    %load/vec4 v0xa524b1540_0;
    %load/vec4 v0xa524b0b40_0;
    %concat/vec4; draw_concat_vec4
    %load/vec4 v0xa524b1180_0;
    %concat/vec4; draw_concat_vec4
    %load/vec4 v0xa524b1220_0;
    %concat/vec4; draw_concat_vec4
    %load/vec4 v0xa524b0960_0;
    %concat/vec4; draw_concat_vec4
    %load/vec4 v0xa524b08c0_0;
    %concat/vec4; draw_concat_vec4
    %load/vec4 v0xa524b23a0_0;
    %concat/vec4; draw_concat_vec4
    %or/r;
    %assign/vec4 v0xa524b30c0_0, 0;
    %load/vec4 v0xa524b1f40_0;
    %load/vec4 v0xa524b0dc0_0;
    %concat/vec4; draw_concat_vec4
    %load/vec4 v0xa524b1ea0_0;
    %concat/vec4; draw_concat_vec4
    %or/r;
    %assign/vec4 v0xa524b33e0_0, 0;
    %load/vec4 v0xa524b1fe0_0;
    %load/vec4 v0xa524b0e60_0;
    %concat/vec4; draw_concat_vec4
    %load/vec4 v0xa524b2080_0;
    %concat/vec4; draw_concat_vec4
    %or/r;
    %assign/vec4 v0xa524b3480_0, 0;
    %load/vec4 v0xa524b1360_0;
    %load/vec4 v0xa524b14a0_0;
    %concat/vec4; draw_concat_vec4
    %load/vec4 v0xa524b15e0_0;
    %concat/vec4; draw_concat_vec4
    %or/r;
    %assign/vec4 v0xa524b2f80_0, 0;
    %load/vec4 v0xa524b2d00_0;
    %load/vec4 v0xa524b1f40_0;
    %concat/vec4; draw_concat_vec4
    %load/vec4 v0xa524b1ea0_0;
    %concat/vec4; draw_concat_vec4
    %load/vec4 v0xa524b1fe0_0;
    %concat/vec4; draw_concat_vec4
    %load/vec4 v0xa524b2080_0;
    %concat/vec4; draw_concat_vec4
    %or/r;
    %assign/vec4 v0xa524b2da0_0, 0;
    %load/vec4 v0xa524b3e80_0;
    %flag_set/vec4 9;
    %flag_get/vec4 9;
    %jmp/0 T_65.2, 9;
    %load/vec4 v0xa524b4000_0;
    %and;
T_65.2;
    %flag_set/vec4 8;
    %jmp/0xz  T_65.0, 8;
    %load/vec4 v0xa524b4820_0;
    %parti/s 7, 0, 2;
    %pushi/vec4 55, 0, 7;
    %cmp/e;
    %flag_get/vec4 4;
    %assign/vec4 v0xa524b1540_0, 0;
    %load/vec4 v0xa524b4820_0;
    %parti/s 7, 0, 2;
    %pushi/vec4 23, 0, 7;
    %cmp/e;
    %flag_get/vec4 4;
    %assign/vec4 v0xa524b0b40_0, 0;
    %load/vec4 v0xa524b4820_0;
    %parti/s 7, 0, 2;
    %pushi/vec4 111, 0, 7;
    %cmp/e;
    %flag_get/vec4 4;
    %assign/vec4 v0xa524b1180_0, 0;
    %load/vec4 v0xa524b4820_0;
    %parti/s 7, 0, 2;
    %cmpi/e 103, 0, 7;
    %flag_get/vec4 4;
    %jmp/0 T_65.3, 4;
    %load/vec4 v0xa524b4820_0;
    %parti/s 3, 12, 5;
    %pushi/vec4 0, 0, 3;
    %cmp/e;
    %flag_get/vec4 4;
    %and;
T_65.3;
    %assign/vec4 v0xa524b1220_0, 0;
    %load/vec4 v0xa524b4820_0;
    %parti/s 7, 0, 2;
    %cmpi/e 11, 0, 7;
    %flag_get/vec4 4;
    %jmp/0 T_65.5, 4;
    %load/vec4 v0xa524b4820_0;
    %parti/s 7, 25, 6;
    %pushi/vec4 2, 0, 7;
    %cmp/e;
    %flag_get/vec4 4;
    %and;
T_65.5;
    %flag_set/vec4 8;
    %flag_get/vec4 8;
    %jmp/0 T_65.4, 8;
    %pushi/vec4 0, 0, 1;
    %and;
T_65.4;
    %assign/vec4 v0xa524b1ae0_0, 0;
    %load/vec4 v0xa524b4820_0;
    %parti/s 7, 0, 2;
    %cmpi/e 11, 0, 7;
    %flag_get/vec4 4;
    %jmp/0 T_65.7, 4;
    %load/vec4 v0xa524b4820_0;
    %parti/s 7, 25, 6;
    %pushi/vec4 4, 0, 7;
    %cmp/e;
    %flag_get/vec4 4;
    %and;
T_65.7;
    %flag_set/vec4 8;
    %flag_get/vec4 8;
    %jmp/0 T_65.6, 8;
    %pushi/vec4 0, 0, 1;
    %and;
T_65.6;
    %assign/vec4 v0xa524b2620_0, 0;
    %load/vec4 v0xa524b4820_0;
    %parti/s 7, 0, 2;
    %pushi/vec4 99, 0, 7;
    %cmp/e;
    %flag_get/vec4 4;
    %assign/vec4 v0xa524b2d00_0, 0;
    %load/vec4 v0xa524b4820_0;
    %parti/s 7, 0, 2;
    %pushi/vec4 3, 0, 7;
    %cmp/e;
    %flag_get/vec4 4;
    %assign/vec4 v0xa524b2ee0_0, 0;
    %load/vec4 v0xa524b4820_0;
    %parti/s 7, 0, 2;
    %pushi/vec4 35, 0, 7;
    %cmp/e;
    %flag_get/vec4 4;
    %assign/vec4 v0xa524b3200_0, 0;
    %load/vec4 v0xa524b4820_0;
    %parti/s 7, 0, 2;
    %pushi/vec4 19, 0, 7;
    %cmp/e;
    %flag_get/vec4 4;
    %assign/vec4 v0xa524b2bc0_0, 0;
    %load/vec4 v0xa524b4820_0;
    %parti/s 7, 0, 2;
    %pushi/vec4 51, 0, 7;
    %cmp/e;
    %flag_get/vec4 4;
    %assign/vec4 v0xa524b2c60_0, 0;
    %load/vec4 v0xa524b4820_0;
    %parti/s 20, 12, 5;
    %concati/vec4 0, 0, 1;
    %pad/s 32;
    %split/vec4 1;
    %ix/load 5, 0, 0;
    %ix/load 4, 0, 0;
    %flag_set/imm 4, 0;
    %assign/vec4/off/d v0xa524b01e0_0, 4, 5;
    %split/vec4 8;
    %ix/load 5, 0, 0;
    %ix/load 4, 12, 0;
    %flag_set/imm 4, 0;
    %assign/vec4/off/d v0xa524b01e0_0, 4, 5;
    %split/vec4 1;
    %ix/load 5, 0, 0;
    %ix/load 4, 11, 0;
    %flag_set/imm 4, 0;
    %assign/vec4/off/d v0xa524b01e0_0, 4, 5;
    %split/vec4 10;
    %ix/load 5, 0, 0;
    %ix/load 4, 1, 0;
    %flag_set/imm 4, 0;
    %assign/vec4/off/d v0xa524b01e0_0, 4, 5;
    %ix/load 5, 0, 0;
    %ix/load 4, 20, 0;
    %flag_set/imm 4, 0;
    %assign/vec4/off/d v0xa524b01e0_0, 4, 5;
    %load/vec4 v0xa524b4820_0;
    %parti/s 5, 7, 4;
    %assign/vec4 v0xa524b0280_0, 0;
    %load/vec4 v0xa524b4820_0;
    %parti/s 5, 15, 5;
    %assign/vec4 v0xa524b03c0_0, 0;
    %load/vec4 v0xa524b4820_0;
    %parti/s 5, 20, 6;
    %assign/vec4 v0xa524b0460_0, 0;
    %load/vec4 v0xa524b4820_0;
    %parti/s 7, 0, 2;
    %cmpi/e 11, 0, 7;
    %flag_get/vec4 4;
    %jmp/0 T_65.12, 4;
    %load/vec4 v0xa524b4820_0;
    %parti/s 7, 25, 6;
    %pushi/vec4 0, 0, 7;
    %cmp/e;
    %flag_get/vec4 4;
    %and;
T_65.12;
    %flag_set/vec4 10;
    %flag_get/vec4 10;
    %jmp/0 T_65.11, 10;
    %pushi/vec4 0, 0, 1;
    %and;
T_65.11;
    %flag_set/vec4 9;
    %flag_get/vec4 9;
    %jmp/0 T_65.10, 9;
    %pushi/vec4 1, 0, 1;
    %and;
T_65.10;
    %flag_set/vec4 8;
    %jmp/0xz  T_65.8, 8;
    %pushi/vec4 1, 0, 1;
    %ix/load 5, 0, 0;
    %ix/load 4, 4, 0;
    %flag_set/imm 4, 0;
    %assign/vec4/off/d v0xa524b03c0_0, 4, 5;
T_65.8 ;
    %load/vec4 v0xa524b4820_0;
    %parti/s 7, 0, 2;
    %cmpi/e 11, 0, 7;
    %flag_get/vec4 4;
    %jmp/0 T_65.16, 4;
    %load/vec4 v0xa524b4820_0;
    %parti/s 7, 25, 6;
    %pushi/vec4 2, 0, 7;
    %cmp/e;
    %flag_get/vec4 4;
    %and;
T_65.16;
    %flag_set/vec4 9;
    %flag_get/vec4 9;
    %jmp/0 T_65.15, 9;
    %pushi/vec4 0, 0, 1;
    %and;
T_65.15;
    %flag_set/vec4 8;
    %jmp/0xz  T_65.13, 8;
    %pushi/vec4 0, 0, 5;
    %assign/vec4 v0xa524b03c0_0, 0;
T_65.13 ;
    %pushi/vec4 0, 0, 1;
    %assign/vec4 v0xa524aeda0_0, 0;
T_65.0 ;
    %load/vec4 v0xa524b0640_0;
    %flag_set/vec4 9;
    %flag_get/vec4 9;
    %jmp/0 T_65.19, 9;
    %load/vec4 v0xa524b0500_0;
    %nor/r;
    %and;
T_65.19;
    %flag_set/vec4 8;
    %jmp/0xz  T_65.17, 8;
    %pushi/vec4 4294967295, 4294967295, 32;
    %assign/vec4 v0xa524b5400_0, 0;
    %load/vec4 v0xa524b2d00_0;
    %flag_set/vec4 8;
    %flag_get/vec4 8;
    %jmp/0 T_65.20, 8;
    %load/vec4 v0xa524b4960_0;
    %parti/s 3, 12, 5;
    %pushi/vec4 0, 0, 3;
    %cmp/e;
    %flag_get/vec4 4;
    %and;
T_65.20;
    %assign/vec4 v0xa524b0be0_0, 0;
    %load/vec4 v0xa524b2d00_0;
    %flag_set/vec4 8;
    %flag_get/vec4 8;
    %jmp/0 T_65.21, 8;
    %load/vec4 v0xa524b4960_0;
    %parti/s 3, 12, 5;
    %pushi/vec4 1, 0, 3;
    %cmp/e;
    %flag_get/vec4 4;
    %and;
T_65.21;
    %assign/vec4 v0xa524b0f00_0, 0;
    %load/vec4 v0xa524b2d00_0;
    %flag_set/vec4 8;
    %flag_get/vec4 8;
    %jmp/0 T_65.22, 8;
    %load/vec4 v0xa524b4960_0;
    %parti/s 3, 12, 5;
    %pushi/vec4 4, 0, 3;
    %cmp/e;
    %flag_get/vec4 4;
    %and;
T_65.22;
    %assign/vec4 v0xa524b0dc0_0, 0;
    %load/vec4 v0xa524b2d00_0;
    %flag_set/vec4 8;
    %flag_get/vec4 8;
    %jmp/0 T_65.23, 8;
    %load/vec4 v0xa524b4960_0;
    %parti/s 3, 12, 5;
    %pushi/vec4 5, 0, 3;
    %cmp/e;
    %flag_get/vec4 4;
    %and;
T_65.23;
    %assign/vec4 v0xa524b0c80_0, 0;
    %load/vec4 v0xa524b2d00_0;
    %flag_set/vec4 8;
    %flag_get/vec4 8;
    %jmp/0 T_65.24, 8;
    %load/vec4 v0xa524b4960_0;
    %parti/s 3, 12, 5;
    %pushi/vec4 6, 0, 3;
    %cmp/e;
    %flag_get/vec4 4;
    %and;
T_65.24;
    %assign/vec4 v0xa524b0e60_0, 0;
    %load/vec4 v0xa524b2d00_0;
    %flag_set/vec4 8;
    %flag_get/vec4 8;
    %jmp/0 T_65.25, 8;
    %load/vec4 v0xa524b4960_0;
    %parti/s 3, 12, 5;
    %pushi/vec4 7, 0, 3;
    %cmp/e;
    %flag_get/vec4 4;
    %and;
T_65.25;
    %assign/vec4 v0xa524b0d20_0, 0;
    %load/vec4 v0xa524b2ee0_0;
    %flag_set/vec4 8;
    %flag_get/vec4 8;
    %jmp/0 T_65.26, 8;
    %load/vec4 v0xa524b4960_0;
    %parti/s 3, 12, 5;
    %pushi/vec4 0, 0, 3;
    %cmp/e;
    %flag_get/vec4 4;
    %and;
T_65.26;
    %assign/vec4 v0xa524b12c0_0, 0;
    %load/vec4 v0xa524b2ee0_0;
    %flag_set/vec4 8;
    %flag_get/vec4 8;
    %jmp/0 T_65.27, 8;
    %load/vec4 v0xa524b4960_0;
    %parti/s 3, 12, 5;
    %pushi/vec4 1, 0, 3;
    %cmp/e;
    %flag_get/vec4 4;
    %and;
T_65.27;
    %assign/vec4 v0xa524b1400_0, 0;
    %load/vec4 v0xa524b2ee0_0;
    %flag_set/vec4 8;
    %flag_get/vec4 8;
    %jmp/0 T_65.28, 8;
    %load/vec4 v0xa524b4960_0;
    %parti/s 3, 12, 5;
    %pushi/vec4 2, 0, 3;
    %cmp/e;
    %flag_get/vec4 4;
    %and;
T_65.28;
    %assign/vec4 v0xa524b15e0_0, 0;
    %load/vec4 v0xa524b2ee0_0;
    %flag_set/vec4 8;
    %flag_get/vec4 8;
    %jmp/0 T_65.29, 8;
    %load/vec4 v0xa524b4960_0;
    %parti/s 3, 12, 5;
    %pushi/vec4 4, 0, 3;
    %cmp/e;
    %flag_get/vec4 4;
    %and;
T_65.29;
    %assign/vec4 v0xa524b1360_0, 0;
    %load/vec4 v0xa524b2ee0_0;
    %flag_set/vec4 8;
    %flag_get/vec4 8;
    %jmp/0 T_65.30, 8;
    %load/vec4 v0xa524b4960_0;
    %parti/s 3, 12, 5;
    %pushi/vec4 5, 0, 3;
    %cmp/e;
    %flag_get/vec4 4;
    %and;
T_65.30;
    %assign/vec4 v0xa524b14a0_0, 0;
    %load/vec4 v0xa524b3200_0;
    %flag_set/vec4 8;
    %flag_get/vec4 8;
    %jmp/0 T_65.31, 8;
    %load/vec4 v0xa524b4960_0;
    %parti/s 3, 12, 5;
    %pushi/vec4 0, 0, 3;
    %cmp/e;
    %flag_get/vec4 4;
    %and;
T_65.31;
    %assign/vec4 v0xa524b1b80_0, 0;
    %load/vec4 v0xa524b3200_0;
    %flag_set/vec4 8;
    %flag_get/vec4 8;
    %jmp/0 T_65.32, 8;
    %load/vec4 v0xa524b4960_0;
    %parti/s 3, 12, 5;
    %pushi/vec4 1, 0, 3;
    %cmp/e;
    %flag_get/vec4 4;
    %and;
T_65.32;
    %assign/vec4 v0xa524b1cc0_0, 0;
    %load/vec4 v0xa524b3200_0;
    %flag_set/vec4 8;
    %flag_get/vec4 8;
    %jmp/0 T_65.33, 8;
    %load/vec4 v0xa524b4960_0;
    %parti/s 3, 12, 5;
    %pushi/vec4 2, 0, 3;
    %cmp/e;
    %flag_get/vec4 4;
    %and;
T_65.33;
    %assign/vec4 v0xa524b2440_0, 0;
    %load/vec4 v0xa524b2bc0_0;
    %flag_set/vec4 8;
    %flag_get/vec4 8;
    %jmp/0 T_65.34, 8;
    %load/vec4 v0xa524b4960_0;
    %parti/s 3, 12, 5;
    %pushi/vec4 0, 0, 3;
    %cmp/e;
    %flag_get/vec4 4;
    %and;
T_65.34;
    %assign/vec4 v0xa524b0960_0, 0;
    %load/vec4 v0xa524b2bc0_0;
    %flag_set/vec4 8;
    %flag_get/vec4 8;
    %jmp/0 T_65.35, 8;
    %load/vec4 v0xa524b4960_0;
    %parti/s 3, 12, 5;
    %pushi/vec4 2, 0, 3;
    %cmp/e;
    %flag_get/vec4 4;
    %and;
T_65.35;
    %assign/vec4 v0xa524b1f40_0, 0;
    %load/vec4 v0xa524b2bc0_0;
    %flag_set/vec4 8;
    %flag_get/vec4 8;
    %jmp/0 T_65.36, 8;
    %load/vec4 v0xa524b4960_0;
    %parti/s 3, 12, 5;
    %pushi/vec4 3, 0, 3;
    %cmp/e;
    %flag_get/vec4 4;
    %and;
T_65.36;
    %assign/vec4 v0xa524b1fe0_0, 0;
    %load/vec4 v0xa524b2bc0_0;
    %flag_set/vec4 8;
    %flag_get/vec4 8;
    %jmp/0 T_65.37, 8;
    %load/vec4 v0xa524b4960_0;
    %parti/s 3, 12, 5;
    %pushi/vec4 4, 0, 3;
    %cmp/e;
    %flag_get/vec4 4;
    %and;
T_65.37;
    %assign/vec4 v0xa524b2760_0, 0;
    %load/vec4 v0xa524b2bc0_0;
    %flag_set/vec4 8;
    %flag_get/vec4 8;
    %jmp/0 T_65.38, 8;
    %load/vec4 v0xa524b4960_0;
    %parti/s 3, 12, 5;
    %pushi/vec4 6, 0, 3;
    %cmp/e;
    %flag_get/vec4 4;
    %and;
T_65.38;
    %assign/vec4 v0xa524b17c0_0, 0;
    %load/vec4 v0xa524b2bc0_0;
    %flag_set/vec4 8;
    %flag_get/vec4 8;
    %jmp/0 T_65.39, 8;
    %load/vec4 v0xa524b4960_0;
    %parti/s 3, 12, 5;
    %pushi/vec4 7, 0, 3;
    %cmp/e;
    %flag_get/vec4 4;
    %and;
T_65.39;
    %assign/vec4 v0xa524b0aa0_0, 0;
    %load/vec4 v0xa524b2bc0_0;
    %flag_set/vec4 9;
    %flag_get/vec4 9;
    %jmp/0 T_65.41, 9;
    %load/vec4 v0xa524b4960_0;
    %parti/s 3, 12, 5;
    %pushi/vec4 1, 0, 3;
    %cmp/e;
    %flag_get/vec4 4;
    %and;
T_65.41;
    %flag_set/vec4 8;
    %flag_get/vec4 8;
    %jmp/0 T_65.40, 8;
    %load/vec4 v0xa524b4960_0;
    %parti/s 7, 25, 6;
    %pushi/vec4 0, 0, 7;
    %cmp/e;
    %flag_get/vec4 4;
    %and;
T_65.40;
    %assign/vec4 v0xa524b1e00_0, 0;
    %load/vec4 v0xa524b2bc0_0;
    %flag_set/vec4 9;
    %flag_get/vec4 9;
    %jmp/0 T_65.43, 9;
    %load/vec4 v0xa524b4960_0;
    %parti/s 3, 12, 5;
    %pushi/vec4 5, 0, 3;
    %cmp/e;
    %flag_get/vec4 4;
    %and;
T_65.43;
    %flag_set/vec4 8;
    %flag_get/vec4 8;
    %jmp/0 T_65.42, 8;
    %load/vec4 v0xa524b4960_0;
    %parti/s 7, 25, 6;
    %pushi/vec4 0, 0, 7;
    %cmp/e;
    %flag_get/vec4 4;
    %and;
T_65.42;
    %assign/vec4 v0xa524b2300_0, 0;
    %load/vec4 v0xa524b2bc0_0;
    %flag_set/vec4 9;
    %flag_get/vec4 9;
    %jmp/0 T_65.45, 9;
    %load/vec4 v0xa524b4960_0;
    %parti/s 3, 12, 5;
    %pushi/vec4 5, 0, 3;
    %cmp/e;
    %flag_get/vec4 4;
    %and;
T_65.45;
    %flag_set/vec4 8;
    %flag_get/vec4 8;
    %jmp/0 T_65.44, 8;
    %load/vec4 v0xa524b4960_0;
    %parti/s 7, 25, 6;
    %pushi/vec4 32, 0, 7;
    %cmp/e;
    %flag_get/vec4 4;
    %and;
T_65.44;
    %assign/vec4 v0xa524b21c0_0, 0;
    %load/vec4 v0xa524b2c60_0;
    %flag_set/vec4 9;
    %flag_get/vec4 9;
    %jmp/0 T_65.47, 9;
    %load/vec4 v0xa524b4960_0;
    %parti/s 3, 12, 5;
    %pushi/vec4 0, 0, 3;
    %cmp/e;
    %flag_get/vec4 4;
    %and;
T_65.47;
    %flag_set/vec4 8;
    %flag_get/vec4 8;
    %jmp/0 T_65.46, 8;
    %load/vec4 v0xa524b4960_0;
    %parti/s 7, 25, 6;
    %pushi/vec4 0, 0, 7;
    %cmp/e;
    %flag_get/vec4 4;
    %and;
T_65.46;
    %assign/vec4 v0xa524b08c0_0, 0;
    %load/vec4 v0xa524b2c60_0;
    %flag_set/vec4 9;
    %flag_get/vec4 9;
    %jmp/0 T_65.49, 9;
    %load/vec4 v0xa524b4960_0;
    %parti/s 3, 12, 5;
    %pushi/vec4 0, 0, 3;
    %cmp/e;
    %flag_get/vec4 4;
    %and;
T_65.49;
    %flag_set/vec4 8;
    %flag_get/vec4 8;
    %jmp/0 T_65.48, 8;
    %load/vec4 v0xa524b4960_0;
    %parti/s 7, 25, 6;
    %pushi/vec4 32, 0, 7;
    %cmp/e;
    %flag_get/vec4 4;
    %and;
T_65.48;
    %assign/vec4 v0xa524b23a0_0, 0;
    %load/vec4 v0xa524b2c60_0;
    %flag_set/vec4 9;
    %flag_get/vec4 9;
    %jmp/0 T_65.51, 9;
    %load/vec4 v0xa524b4960_0;
    %parti/s 3, 12, 5;
    %pushi/vec4 1, 0, 3;
    %cmp/e;
    %flag_get/vec4 4;
    %and;
T_65.51;
    %flag_set/vec4 8;
    %flag_get/vec4 8;
    %jmp/0 T_65.50, 8;
    %load/vec4 v0xa524b4960_0;
    %parti/s 7, 25, 6;
    %pushi/vec4 0, 0, 7;
    %cmp/e;
    %flag_get/vec4 4;
    %and;
T_65.50;
    %assign/vec4 v0xa524b1d60_0, 0;
    %load/vec4 v0xa524b2c60_0;
    %flag_set/vec4 9;
    %flag_get/vec4 9;
    %jmp/0 T_65.53, 9;
    %load/vec4 v0xa524b4960_0;
    %parti/s 3, 12, 5;
    %pushi/vec4 2, 0, 3;
    %cmp/e;
    %flag_get/vec4 4;
    %and;
T_65.53;
    %flag_set/vec4 8;
    %flag_get/vec4 8;
    %jmp/0 T_65.52, 8;
    %load/vec4 v0xa524b4960_0;
    %parti/s 7, 25, 6;
    %pushi/vec4 0, 0, 7;
    %cmp/e;
    %flag_get/vec4 4;
    %and;
T_65.52;
    %assign/vec4 v0xa524b1ea0_0, 0;
    %load/vec4 v0xa524b2c60_0;
    %flag_set/vec4 9;
    %flag_get/vec4 9;
    %jmp/0 T_65.55, 9;
    %load/vec4 v0xa524b4960_0;
    %parti/s 3, 12, 5;
    %pushi/vec4 3, 0, 3;
    %cmp/e;
    %flag_get/vec4 4;
    %and;
T_65.55;
    %flag_set/vec4 8;
    %flag_get/vec4 8;
    %jmp/0 T_65.54, 8;
    %load/vec4 v0xa524b4960_0;
    %parti/s 7, 25, 6;
    %pushi/vec4 0, 0, 7;
    %cmp/e;
    %flag_get/vec4 4;
    %and;
T_65.54;
    %assign/vec4 v0xa524b2080_0, 0;
    %load/vec4 v0xa524b2c60_0;
    %flag_set/vec4 9;
    %flag_get/vec4 9;
    %jmp/0 T_65.57, 9;
    %load/vec4 v0xa524b4960_0;
    %parti/s 3, 12, 5;
    %pushi/vec4 4, 0, 3;
    %cmp/e;
    %flag_get/vec4 4;
    %and;
T_65.57;
    %flag_set/vec4 8;
    %flag_get/vec4 8;
    %jmp/0 T_65.56, 8;
    %load/vec4 v0xa524b4960_0;
    %parti/s 7, 25, 6;
    %pushi/vec4 0, 0, 7;
    %cmp/e;
    %flag_get/vec4 4;
    %and;
T_65.56;
    %assign/vec4 v0xa524b26c0_0, 0;
    %load/vec4 v0xa524b2c60_0;
    %flag_set/vec4 9;
    %flag_get/vec4 9;
    %jmp/0 T_65.59, 9;
    %load/vec4 v0xa524b4960_0;
    %parti/s 3, 12, 5;
    %pushi/vec4 5, 0, 3;
    %cmp/e;
    %flag_get/vec4 4;
    %and;
T_65.59;
    %flag_set/vec4 8;
    %flag_get/vec4 8;
    %jmp/0 T_65.58, 8;
    %load/vec4 v0xa524b4960_0;
    %parti/s 7, 25, 6;
    %pushi/vec4 0, 0, 7;
    %cmp/e;
    %flag_get/vec4 4;
    %and;
T_65.58;
    %assign/vec4 v0xa524b2260_0, 0;
    %load/vec4 v0xa524b2c60_0;
    %flag_set/vec4 9;
    %flag_get/vec4 9;
    %jmp/0 T_65.61, 9;
    %load/vec4 v0xa524b4960_0;
    %parti/s 3, 12, 5;
    %pushi/vec4 5, 0, 3;
    %cmp/e;
    %flag_get/vec4 4;
    %and;
T_65.61;
    %flag_set/vec4 8;
    %flag_get/vec4 8;
    %jmp/0 T_65.60, 8;
    %load/vec4 v0xa524b4960_0;
    %parti/s 7, 25, 6;
    %pushi/vec4 32, 0, 7;
    %cmp/e;
    %flag_get/vec4 4;
    %and;
T_65.60;
    %assign/vec4 v0xa524b2120_0, 0;
    %load/vec4 v0xa524b2c60_0;
    %flag_set/vec4 9;
    %flag_get/vec4 9;
    %jmp/0 T_65.63, 9;
    %load/vec4 v0xa524b4960_0;
    %parti/s 3, 12, 5;
    %pushi/vec4 6, 0, 3;
    %cmp/e;
    %flag_get/vec4 4;
    %and;
T_65.63;
    %flag_set/vec4 8;
    %flag_get/vec4 8;
    %jmp/0 T_65.62, 8;
    %load/vec4 v0xa524b4960_0;
    %parti/s 7, 25, 6;
    %pushi/vec4 0, 0, 7;
    %cmp/e;
    %flag_get/vec4 4;
    %and;
T_65.62;
    %assign/vec4 v0xa524b1720_0, 0;
    %load/vec4 v0xa524b2c60_0;
    %flag_set/vec4 9;
    %flag_get/vec4 9;
    %jmp/0 T_65.65, 9;
    %load/vec4 v0xa524b4960_0;
    %parti/s 3, 12, 5;
    %pushi/vec4 7, 0, 3;
    %cmp/e;
    %flag_get/vec4 4;
    %and;
T_65.65;
    %flag_set/vec4 8;
    %flag_get/vec4 8;
    %jmp/0 T_65.64, 8;
    %load/vec4 v0xa524b4960_0;
    %parti/s 7, 25, 6;
    %pushi/vec4 0, 0, 7;
    %cmp/e;
    %flag_get/vec4 4;
    %and;
T_65.64;
    %assign/vec4 v0xa524b0a00_0, 0;
    %load/vec4 v0xa524b4960_0;
    %parti/s 7, 0, 2;
    %cmpi/e 115, 0, 7;
    %flag_get/vec4 4;
    %jmp/0 T_65.68, 4;
    %load/vec4 v0xa524b4960_0;
    %parti/s 20, 12, 5;
    %pad/u 32;
    %pushi/vec4 786434, 0, 32;
    %cmp/e;
    %flag_get/vec4 4;
    %and;
T_65.68;
    %flag_set/vec4 8;
    %jmp/1 T_65.67, 8;
    %load/vec4 v0xa524b4960_0;
    %parti/s 7, 0, 2;
    %cmpi/e 115, 0, 7;
    %flag_get/vec4 4;
    %jmp/0 T_65.69, 4;
    %load/vec4 v0xa524b4960_0;
    %parti/s 20, 12, 5;
    %pad/u 32;
    %pushi/vec4 786690, 0, 32;
    %cmp/e;
    %flag_get/vec4 4;
    %and;
T_65.69;
    %flag_set/vec4 9;
    %flag_or 8, 9;
T_65.67;
    %flag_get/vec4 8;
    %jmp/0 T_65.66, 8;
    %pushi/vec4 1, 0, 1;
    %and;
T_65.66;
    %assign/vec4 v0xa524b1860_0, 0;
    %load/vec4 v0xa524b4960_0;
    %parti/s 7, 0, 2;
    %cmpi/e 115, 0, 7;
    %flag_get/vec4 4;
    %jmp/0 T_65.73, 4;
    %load/vec4 v0xa524b4960_0;
    %parti/s 20, 12, 5;
    %pad/u 32;
    %pushi/vec4 819202, 0, 32;
    %cmp/e;
    %flag_get/vec4 4;
    %and;
T_65.73;
    %flag_set/vec4 9;
    %jmp/1 T_65.72, 9;
    %load/vec4 v0xa524b4960_0;
    %parti/s 7, 0, 2;
    %cmpi/e 115, 0, 7;
    %flag_get/vec4 4;
    %jmp/0 T_65.74, 4;
    %load/vec4 v0xa524b4960_0;
    %parti/s 20, 12, 5;
    %pad/u 32;
    %pushi/vec4 819458, 0, 32;
    %cmp/e;
    %flag_get/vec4 4;
    %and;
T_65.74;
    %flag_set/vec4 10;
    %flag_or 9, 10;
T_65.72;
    %flag_get/vec4 9;
    %jmp/0 T_65.71, 9;
    %pushi/vec4 1, 0, 1;
    %and;
T_65.71;
    %flag_set/vec4 8;
    %flag_get/vec4 8;
    %jmp/0 T_65.70, 8;
    %pushi/vec4 1, 0, 1;
    %and;
T_65.70;
    %assign/vec4 v0xa524b1900_0, 0;
    %load/vec4 v0xa524b4960_0;
    %parti/s 7, 0, 2;
    %cmpi/e 115, 0, 7;
    %flag_get/vec4 4;
    %jmp/0 T_65.76, 4;
    %load/vec4 v0xa524b4960_0;
    %parti/s 20, 12, 5;
    %pad/u 32;
    %pushi/vec4 786946, 0, 32;
    %cmp/e;
    %flag_get/vec4 4;
    %and;
T_65.76;
    %flag_set/vec4 8;
    %flag_get/vec4 8;
    %jmp/0 T_65.75, 8;
    %pushi/vec4 1, 0, 1;
    %and;
T_65.75;
    %assign/vec4 v0xa524b19a0_0, 0;
    %load/vec4 v0xa524b4960_0;
    %parti/s 7, 0, 2;
    %cmpi/e 115, 0, 7;
    %flag_get/vec4 4;
    %jmp/0 T_65.79, 4;
    %load/vec4 v0xa524b4960_0;
    %parti/s 20, 12, 5;
    %pad/u 32;
    %pushi/vec4 819714, 0, 32;
    %cmp/e;
    %flag_get/vec4 4;
    %and;
T_65.79;
    %flag_set/vec4 9;
    %flag_get/vec4 9;
    %jmp/0 T_65.78, 9;
    %pushi/vec4 1, 0, 1;
    %and;
T_65.78;
    %flag_set/vec4 8;
    %flag_get/vec4 8;
    %jmp/0 T_65.77, 8;
    %pushi/vec4 1, 0, 1;
    %and;
T_65.77;
    %assign/vec4 v0xa524b1a40_0, 0;
    %load/vec4 v0xa524b4960_0;
    %parti/s 7, 0, 2;
    %cmpi/e 115, 0, 7;
    %flag_get/vec4 4;
    %jmp/0 T_65.82, 4;
    %load/vec4 v0xa524b4960_0;
    %parti/s 11, 21, 6;
    %nor/r;
    %and;
T_65.82;
    %flag_set/vec4 9;
    %flag_get/vec4 9;
    %jmp/0 T_65.81, 9;
    %load/vec4 v0xa524b4960_0;
    %parti/s 13, 7, 4;
    %nor/r;
    %and;
T_65.81;
    %flag_set/vec4 8;
    %flag_get/vec4 8;
    %jmp/1 T_65.80, 8;
    %pushi/vec4 0, 0, 1;
    %or;
T_65.80;
    %assign/vec4 v0xa524b0fa0_0, 0;
    %load/vec4 v0xa524b4960_0;
    %parti/s 7, 0, 2;
    %cmpi/e 15, 0, 7;
    %flag_get/vec4 4;
    %jmp/0 T_65.83, 4;
    %load/vec4 v0xa524b4960_0;
    %parti/s 3, 12, 5;
    %nor/r;
    %and;
T_65.83;
    %assign/vec4 v0xa524b1040_0, 0;
    %load/vec4 v0xa524b4960_0;
    %parti/s 7, 0, 2;
    %cmpi/e 11, 0, 7;
    %flag_get/vec4 4;
    %jmp/0 T_65.86, 4;
    %load/vec4 v0xa524b4960_0;
    %parti/s 7, 25, 6;
    %pushi/vec4 0, 0, 7;
    %cmp/e;
    %flag_get/vec4 4;
    %and;
T_65.86;
    %flag_set/vec4 9;
    %flag_get/vec4 9;
    %jmp/0 T_65.85, 9;
    %pushi/vec4 0, 0, 1;
    %and;
T_65.85;
    %flag_set/vec4 8;
    %flag_get/vec4 8;
    %jmp/0 T_65.84, 8;
    %pushi/vec4 1, 0, 1;
    %and;
T_65.84;
    %assign/vec4 v0xa524b10e0_0, 0;
    %load/vec4 v0xa524b4960_0;
    %parti/s 7, 0, 2;
    %cmpi/e 11, 0, 7;
    %flag_get/vec4 4;
    %jmp/0 T_65.89, 4;
    %load/vec4 v0xa524b4960_0;
    %parti/s 7, 25, 6;
    %pushi/vec4 1, 0, 7;
    %cmp/e;
    %flag_get/vec4 4;
    %and;
T_65.89;
    %flag_set/vec4 9;
    %flag_get/vec4 9;
    %jmp/0 T_65.88, 9;
    %pushi/vec4 0, 0, 1;
    %and;
T_65.88;
    %flag_set/vec4 8;
    %flag_get/vec4 8;
    %jmp/0 T_65.87, 8;
    %pushi/vec4 1, 0, 1;
    %and;
T_65.87;
    %assign/vec4 v0xa524b1c20_0, 0;
    %load/vec4 v0xa524b4960_0;
    %parti/s 7, 0, 2;
    %cmpi/e 11, 0, 7;
    %flag_get/vec4 4;
    %jmp/0 T_65.91, 4;
    %load/vec4 v0xa524b4960_0;
    %parti/s 7, 25, 6;
    %pushi/vec4 3, 0, 7;
    %cmp/e;
    %flag_get/vec4 4;
    %and;
T_65.91;
    %flag_set/vec4 8;
    %flag_get/vec4 8;
    %jmp/0 T_65.90, 8;
    %pushi/vec4 0, 0, 1;
    %and;
T_65.90;
    %assign/vec4 v0xa524b1680_0, 0;
    %load/vec4 v0xa524b4960_0;
    %parti/s 7, 0, 2;
    %cmpi/e 11, 0, 7;
    %flag_get/vec4 4;
    %jmp/0 T_65.94, 4;
    %load/vec4 v0xa524b4960_0;
    %parti/s 7, 25, 6;
    %pushi/vec4 5, 0, 7;
    %cmp/e;
    %flag_get/vec4 4;
    %and;
T_65.94;
    %flag_set/vec4 9;
    %flag_get/vec4 9;
    %jmp/0 T_65.93, 9;
    %pushi/vec4 0, 0, 1;
    %and;
T_65.93;
    %flag_set/vec4 8;
    %flag_get/vec4 8;
    %jmp/0 T_65.92, 8;
    %pushi/vec4 1, 0, 1;
    %and;
T_65.92;
    %assign/vec4 v0xa524b24e0_0, 0;
    %load/vec4 v0xa524b2bc0_0;
    %flag_set/vec4 8;
    %flag_get/vec4 8;
    %jmp/0 T_65.95, 8;
    %load/vec4 v0xa524b4960_0;
    %parti/s 3, 12, 5;
    %cmpi/e 1, 0, 3;
    %flag_get/vec4 4;
    %jmp/0 T_65.96, 4;
    %load/vec4 v0xa524b4960_0;
    %parti/s 7, 25, 6;
    %pushi/vec4 0, 0, 7;
    %cmp/e;
    %flag_get/vec4 4;
    %and;
T_65.96;
    %load/vec4 v0xa524b4960_0;
    %parti/s 3, 12, 5;
    %cmpi/e 5, 0, 3;
    %flag_get/vec4 4;
    %jmp/0 T_65.97, 4;
    %load/vec4 v0xa524b4960_0;
    %parti/s 7, 25, 6;
    %pushi/vec4 0, 0, 7;
    %cmp/e;
    %flag_get/vec4 4;
    %and;
T_65.97;
    %concat/vec4; draw_concat_vec4
    %load/vec4 v0xa524b4960_0;
    %parti/s 3, 12, 5;
    %cmpi/e 5, 0, 3;
    %flag_get/vec4 4;
    %jmp/0 T_65.98, 4;
    %load/vec4 v0xa524b4960_0;
    %parti/s 7, 25, 6;
    %pushi/vec4 32, 0, 7;
    %cmp/e;
    %flag_get/vec4 4;
    %and;
T_65.98;
    %concat/vec4; draw_concat_vec4
    %or/r;
    %and;
T_65.95;
    %assign/vec4 v0xa524b3340_0, 0;
    %load/vec4 v0xa524b1220_0;
    %flag_set/vec4 8;
    %flag_get/vec4 8;
    %jmp/1 T_65.99, 8;
    %load/vec4 v0xa524b2bc0_0;
    %flag_set/vec4 8;
    %flag_get/vec4 8;
    %jmp/0 T_65.100, 8;
    %load/vec4 v0xa524b4960_0;
    %parti/s 3, 12, 5;
    %pushi/vec4 0, 0, 3;
    %cmp/e;
    %flag_get/vec4 4;
    %load/vec4 v0xa524b4960_0;
    %parti/s 3, 12, 5;
    %pushi/vec4 2, 0, 3;
    %cmp/e;
    %flag_get/vec4 4;
    %concat/vec4; draw_concat_vec4
    %load/vec4 v0xa524b4960_0;
    %parti/s 3, 12, 5;
    %pushi/vec4 3, 0, 3;
    %cmp/e;
    %flag_get/vec4 4;
    %concat/vec4; draw_concat_vec4
    %load/vec4 v0xa524b4960_0;
    %parti/s 3, 12, 5;
    %pushi/vec4 4, 0, 3;
    %cmp/e;
    %flag_get/vec4 4;
    %concat/vec4; draw_concat_vec4
    %load/vec4 v0xa524b4960_0;
    %parti/s 3, 12, 5;
    %pushi/vec4 6, 0, 3;
    %cmp/e;
    %flag_get/vec4 4;
    %concat/vec4; draw_concat_vec4
    %load/vec4 v0xa524b4960_0;
    %parti/s 3, 12, 5;
    %pushi/vec4 7, 0, 3;
    %cmp/e;
    %flag_get/vec4 4;
    %concat/vec4; draw_concat_vec4
    %or/r;
    %and;
T_65.100;
    %or;
T_65.99;
    %assign/vec4 v0xa524b2e40_0, 0;
    %load/vec4 v0xa524b2c60_0;
    %flag_set/vec4 8;
    %flag_get/vec4 8;
    %jmp/0 T_65.101, 8;
    %load/vec4 v0xa524b4960_0;
    %parti/s 3, 12, 5;
    %cmpi/e 1, 0, 3;
    %flag_get/vec4 4;
    %jmp/0 T_65.102, 4;
    %load/vec4 v0xa524b4960_0;
    %parti/s 7, 25, 6;
    %pushi/vec4 0, 0, 7;
    %cmp/e;
    %flag_get/vec4 4;
    %and;
T_65.102;
    %load/vec4 v0xa524b4960_0;
    %parti/s 3, 12, 5;
    %cmpi/e 5, 0, 3;
    %flag_get/vec4 4;
    %jmp/0 T_65.103, 4;
    %load/vec4 v0xa524b4960_0;
    %parti/s 7, 25, 6;
    %pushi/vec4 0, 0, 7;
    %cmp/e;
    %flag_get/vec4 4;
    %and;
T_65.103;
    %concat/vec4; draw_concat_vec4
    %load/vec4 v0xa524b4960_0;
    %parti/s 3, 12, 5;
    %cmpi/e 5, 0, 3;
    %flag_get/vec4 4;
    %jmp/0 T_65.104, 4;
    %load/vec4 v0xa524b4960_0;
    %parti/s 7, 25, 6;
    %pushi/vec4 32, 0, 7;
    %cmp/e;
    %flag_get/vec4 4;
    %and;
T_65.104;
    %concat/vec4; draw_concat_vec4
    %or/r;
    %and;
T_65.101;
    %assign/vec4 v0xa524b32a0_0, 0;
    %pushi/vec4 0, 0, 1;
    %assign/vec4 v0xa524b30c0_0, 0;
    %pushi/vec4 0, 0, 1;
    %assign/vec4 v0xa524b2da0_0, 0;
    %pushi/vec4 1, 0, 1;
    %dup/vec4;
    %load/vec4 v0xa524b1180_0;
    %cmp/u;
    %jmp/1 T_65.105, 6;
    %dup/vec4;
    %load/vec4 v0xa524b1540_0;
    %load/vec4 v0xa524b0b40_0;
    %concat/vec4; draw_concat_vec4
    %or/r;
    %cmp/u;
    %jmp/1 T_65.106, 6;
    %dup/vec4;
    %load/vec4 v0xa524b1220_0;
    %load/vec4 v0xa524b2ee0_0;
    %concat/vec4; draw_concat_vec4
    %load/vec4 v0xa524b2bc0_0;
    %concat/vec4; draw_concat_vec4
    %or/r;
    %cmp/u;
    %jmp/1 T_65.107, 6;
    %dup/vec4;
    %load/vec4 v0xa524b2d00_0;
    %cmp/u;
    %jmp/1 T_65.108, 6;
    %dup/vec4;
    %load/vec4 v0xa524b3200_0;
    %cmp/u;
    %jmp/1 T_65.109, 6;
    %pushi/vec4 1, 1, 32;
    %assign/vec4 v0xa524b0140_0, 0;
    %jmp T_65.111;
T_65.105 ;
    %load/vec4 v0xa524b01e0_0;
    %assign/vec4 v0xa524b0140_0, 0;
    %jmp T_65.111;
T_65.106 ;
    %load/vec4 v0xa524b4960_0;
    %parti/s 20, 12, 5;
    %pad/u 32;
    %ix/load 4, 12, 0;
    %flag_set/imm 4, 0;
    %shiftl 4;
    %assign/vec4 v0xa524b0140_0, 0;
    %jmp T_65.111;
T_65.107 ;
    %load/vec4 v0xa524b4960_0;
    %parti/s 12, 20, 6;
    %pad/s 32;
    %assign/vec4 v0xa524b0140_0, 0;
    %jmp T_65.111;
T_65.108 ;
    %load/vec4 v0xa524b4960_0;
    %parti/s 1, 31, 6;
    %load/vec4 v0xa524b4960_0;
    %parti/s 1, 7, 4;
    %concat/vec4; draw_concat_vec4
    %load/vec4 v0xa524b4960_0;
    %parti/s 6, 25, 6;
    %concat/vec4; draw_concat_vec4
    %load/vec4 v0xa524b4960_0;
    %parti/s 4, 8, 5;
    %concat/vec4; draw_concat_vec4
    %concati/vec4 0, 0, 1;
    %pad/s 32;
    %assign/vec4 v0xa524b0140_0, 0;
    %jmp T_65.111;
T_65.109 ;
    %load/vec4 v0xa524b4960_0;
    %parti/s 7, 25, 6;
    %load/vec4 v0xa524b4960_0;
    %parti/s 5, 7, 4;
    %concat/vec4; draw_concat_vec4
    %pad/s 32;
    %assign/vec4 v0xa524b0140_0, 0;
    %jmp T_65.111;
T_65.111 ;
    %pop/vec4 1;
T_65.17 ;
    %load/vec4 v0xa524b66c0_0;
    %nor/r;
    %flag_set/vec4 8;
    %jmp/0xz  T_65.112, 8;
    %pushi/vec4 0, 0, 1;
    %assign/vec4 v0xa524b2d00_0, 0;
    %pushi/vec4 0, 0, 1;
    %assign/vec4 v0xa524b2da0_0, 0;
    %pushi/vec4 0, 0, 1;
    %assign/vec4 v0xa524b0be0_0, 0;
    %pushi/vec4 0, 0, 1;
    %assign/vec4 v0xa524b0f00_0, 0;
    %pushi/vec4 0, 0, 1;
    %assign/vec4 v0xa524b0dc0_0, 0;
    %pushi/vec4 0, 0, 1;
    %assign/vec4 v0xa524b0c80_0, 0;
    %pushi/vec4 0, 0, 1;
    %assign/vec4 v0xa524b0e60_0, 0;
    %pushi/vec4 0, 0, 1;
    %assign/vec4 v0xa524b0d20_0, 0;
    %pushi/vec4 0, 0, 1;
    %assign/vec4 v0xa524b0960_0, 0;
    %pushi/vec4 0, 0, 1;
    %assign/vec4 v0xa524b1f40_0, 0;
    %pushi/vec4 0, 0, 1;
    %assign/vec4 v0xa524b1fe0_0, 0;
    %pushi/vec4 0, 0, 1;
    %assign/vec4 v0xa524b2760_0, 0;
    %pushi/vec4 0, 0, 1;
    %assign/vec4 v0xa524b17c0_0, 0;
    %pushi/vec4 0, 0, 1;
    %assign/vec4 v0xa524b0aa0_0, 0;
    %pushi/vec4 0, 0, 1;
    %assign/vec4 v0xa524b08c0_0, 0;
    %pushi/vec4 0, 0, 1;
    %assign/vec4 v0xa524b23a0_0, 0;
    %pushi/vec4 0, 0, 1;
    %assign/vec4 v0xa524b1d60_0, 0;
    %pushi/vec4 0, 0, 1;
    %assign/vec4 v0xa524b1ea0_0, 0;
    %pushi/vec4 0, 0, 1;
    %assign/vec4 v0xa524b2080_0, 0;
    %pushi/vec4 0, 0, 1;
    %assign/vec4 v0xa524b26c0_0, 0;
    %pushi/vec4 0, 0, 1;
    %assign/vec4 v0xa524b2260_0, 0;
    %pushi/vec4 0, 0, 1;
    %assign/vec4 v0xa524b2120_0, 0;
    %pushi/vec4 0, 0, 1;
    %assign/vec4 v0xa524b1720_0, 0;
    %pushi/vec4 0, 0, 1;
    %assign/vec4 v0xa524b0a00_0, 0;
    %pushi/vec4 0, 0, 1;
    %assign/vec4 v0xa524b1040_0, 0;
T_65.112 ;
    %jmp T_65;
    .thread T_65;
    .scope S_0xa52959500;
T_66 ;
    %wait E_0xa52478c80;
    %pushi/vec4 0, 0, 32; draw_string_vec4
    %pushi/vec4 0, 0, 32; draw_string_vec4
    %concat/vec4; draw_string_vec4
    %pushi/vec4 0, 0, 32; draw_string_vec4
    %concat/vec4; draw_string_vec4
    %pushi/vec4 0, 0, 32; draw_string_vec4
    %concat/vec4; draw_string_vec4
    %store/vec4 v0xa524af480_0, 0, 128;
    %load/vec4 v0xa524aef80_0;
    %cmpi/e 128, 0, 8;
    %jmp/0xz  T_66.0, 4;
    %pushi/vec4 0, 0, 32; draw_string_vec4
    %pushi/vec4 0, 0, 32; draw_string_vec4
    %concat/vec4; draw_string_vec4
    %pushi/vec4 0, 0, 32; draw_string_vec4
    %concat/vec4; draw_string_vec4
    %pushi/vec4 1953653104, 0, 32; draw_string_vec4
    %concat/vec4; draw_string_vec4
    %store/vec4 v0xa524af480_0, 0, 128;
T_66.0 ;
    %load/vec4 v0xa524aef80_0;
    %cmpi/e 64, 0, 8;
    %jmp/0xz  T_66.2, 4;
    %pushi/vec4 0, 0, 32; draw_string_vec4
    %pushi/vec4 0, 0, 32; draw_string_vec4
    %concat/vec4; draw_string_vec4
    %pushi/vec4 102, 0, 32; draw_string_vec4
    %concat/vec4; draw_string_vec4
    %pushi/vec4 1702126440, 0, 32; draw_string_vec4
    %concat/vec4; draw_string_vec4
    %store/vec4 v0xa524af480_0, 0, 128;
T_66.2 ;
    %load/vec4 v0xa524aef80_0;
    %cmpi/e 32, 0, 8;
    %jmp/0xz  T_66.4, 4;
    %pushi/vec4 0, 0, 32; draw_string_vec4
    %pushi/vec4 0, 0, 32; draw_string_vec4
    %concat/vec4; draw_string_vec4
    %pushi/vec4 27748, 0, 32; draw_string_vec4
    %concat/vec4; draw_string_vec4
    %pushi/vec4 1601336113, 0, 32; draw_string_vec4
    %concat/vec4; draw_string_vec4
    %store/vec4 v0xa524af480_0, 0, 128;
T_66.4 ;
    %load/vec4 v0xa524aef80_0;
    %cmpi/e 16, 0, 8;
    %jmp/0xz  T_66.6, 4;
    %pushi/vec4 0, 0, 32; draw_string_vec4
    %pushi/vec4 0, 0, 32; draw_string_vec4
    %concat/vec4; draw_string_vec4
    %pushi/vec4 27748, 0, 32; draw_string_vec4
    %concat/vec4; draw_string_vec4
    %pushi/vec4 1601336114, 0, 32; draw_string_vec4
    %concat/vec4; draw_string_vec4
    %store/vec4 v0xa524af480_0, 0, 128;
T_66.6 ;
    %load/vec4 v0xa524aef80_0;
    %cmpi/e 8, 0, 8;
    %jmp/0xz  T_66.8, 4;
    %pushi/vec4 0, 0, 32; draw_string_vec4
    %pushi/vec4 0, 0, 32; draw_string_vec4
    %concat/vec4; draw_string_vec4
    %pushi/vec4 0, 0, 32; draw_string_vec4
    %concat/vec4; draw_string_vec4
    %pushi/vec4 1702389091, 0, 32; draw_string_vec4
    %concat/vec4; draw_string_vec4
    %store/vec4 v0xa524af480_0, 0, 128;
T_66.8 ;
    %load/vec4 v0xa524aef80_0;
    %cmpi/e 4, 0, 8;
    %jmp/0xz  T_66.10, 4;
    %pushi/vec4 0, 0, 32; draw_string_vec4
    %pushi/vec4 0, 0, 32; draw_string_vec4
    %concat/vec4; draw_string_vec4
    %pushi/vec4 115, 0, 32; draw_string_vec4
    %concat/vec4; draw_string_vec4
    %pushi/vec4 1751737972, 0, 32; draw_string_vec4
    %concat/vec4; draw_string_vec4
    %store/vec4 v0xa524af480_0, 0, 128;
T_66.10 ;
    %load/vec4 v0xa524aef80_0;
    %cmpi/e 2, 0, 8;
    %jmp/0xz  T_66.12, 4;
    %pushi/vec4 0, 0, 32; draw_string_vec4
    %pushi/vec4 0, 0, 32; draw_string_vec4
    %concat/vec4; draw_string_vec4
    %pushi/vec4 115, 0, 32; draw_string_vec4
    %concat/vec4; draw_string_vec4
    %pushi/vec4 1953326445, 0, 32; draw_string_vec4
    %concat/vec4; draw_string_vec4
    %store/vec4 v0xa524af480_0, 0, 128;
T_66.12 ;
    %load/vec4 v0xa524aef80_0;
    %cmpi/e 1, 0, 8;
    %jmp/0xz  T_66.14, 4;
    %pushi/vec4 0, 0, 32; draw_string_vec4
    %pushi/vec4 0, 0, 32; draw_string_vec4
    %concat/vec4; draw_string_vec4
    %pushi/vec4 108, 0, 32; draw_string_vec4
    %concat/vec4; draw_string_vec4
    %pushi/vec4 1684890989, 0, 32; draw_string_vec4
    %concat/vec4; draw_string_vec4
    %store/vec4 v0xa524af480_0, 0, 128;
T_66.14 ;
    %jmp T_66;
    .thread T_66, $push;
    .scope S_0xa52959500;
T_67 ;
    %wait E_0xa52478c40;
    %pushi/vec4 1, 1, 1;
    %store/vec4 v0xa524ae3a0_0, 0, 1;
    %pushi/vec4 1, 0, 1;
    %dup/vec4;
    %load/vec4 v0xa524b0be0_0;
    %cmp/u;
    %jmp/1 T_67.0, 6;
    %dup/vec4;
    %load/vec4 v0xa524b0f00_0;
    %cmp/u;
    %jmp/1 T_67.1, 6;
    %dup/vec4;
    %load/vec4 v0xa524b0c80_0;
    %cmp/u;
    %jmp/1 T_67.2, 6;
    %dup/vec4;
    %load/vec4 v0xa524b0d20_0;
    %cmp/u;
    %jmp/1 T_67.3, 6;
    %dup/vec4;
    %load/vec4 v0xa524b33e0_0;
    %flag_set/vec4 8;
    %flag_get/vec4 8;
    %jmp/0 T_67.7, 8;
    %pushi/vec4 1, 0, 1;
    %and;
T_67.7;
    %cmp/u;
    %jmp/1 T_67.4, 6;
    %dup/vec4;
    %load/vec4 v0xa524b3480_0;
    %flag_set/vec4 8;
    %flag_get/vec4 8;
    %jmp/0 T_67.8, 8;
    %pushi/vec4 1, 0, 1;
    %and;
T_67.8;
    %cmp/u;
    %jmp/1 T_67.5, 6;
    %jmp T_67.6;
T_67.0 ;
    %load/vec4 v0xa524ae120_0;
    %store/vec4 v0xa524ae3a0_0, 0, 1;
    %jmp T_67.6;
T_67.1 ;
    %load/vec4 v0xa524ae120_0;
    %nor/r;
    %store/vec4 v0xa524ae3a0_0, 0, 1;
    %jmp T_67.6;
T_67.2 ;
    %load/vec4 v0xa524ae1c0_0;
    %nor/r;
    %store/vec4 v0xa524ae3a0_0, 0, 1;
    %jmp T_67.6;
T_67.3 ;
    %load/vec4 v0xa524ae260_0;
    %nor/r;
    %store/vec4 v0xa524ae3a0_0, 0, 1;
    %jmp T_67.6;
T_67.4 ;
    %load/vec4 v0xa524ae1c0_0;
    %store/vec4 v0xa524ae3a0_0, 0, 1;
    %jmp T_67.6;
T_67.5 ;
    %load/vec4 v0xa524ae260_0;
    %store/vec4 v0xa524ae3a0_0, 0, 1;
    %jmp T_67.6;
T_67.6 ;
    %pop/vec4 1;
    %pushi/vec4 4294967295, 4294967295, 32;
    %store/vec4 v0xa524ae300_0, 0, 32;
    %pushi/vec4 1, 0, 1;
    %dup/vec4;
    %load/vec4 v0xa524b30c0_0;
    %cmp/u;
    %jmp/1 T_67.9, 6;
    %dup/vec4;
    %load/vec4 v0xa524b2da0_0;
    %cmp/u;
    %jmp/1 T_67.10, 6;
    %dup/vec4;
    %load/vec4 v0xa524b2760_0;
    %flag_set/vec4 8;
    %flag_get/vec4 8;
    %jmp/1 T_67.17, 8;
    %load/vec4 v0xa524b26c0_0;
    %or;
T_67.17;
    %cmp/u;
    %jmp/1 T_67.11, 6;
    %dup/vec4;
    %load/vec4 v0xa524b17c0_0;
    %flag_set/vec4 8;
    %flag_get/vec4 8;
    %jmp/1 T_67.18, 8;
    %load/vec4 v0xa524b1720_0;
    %or;
T_67.18;
    %cmp/u;
    %jmp/1 T_67.12, 6;
    %dup/vec4;
    %load/vec4 v0xa524b0aa0_0;
    %flag_set/vec4 8;
    %flag_get/vec4 8;
    %jmp/1 T_67.19, 8;
    %load/vec4 v0xa524b0a00_0;
    %or;
T_67.19;
    %cmp/u;
    %jmp/1 T_67.13, 6;
    %dup/vec4;
    %pushi/vec4 0, 0, 1;
    %cmp/u;
    %jmp/1 T_67.14, 6;
    %dup/vec4;
    %pushi/vec4 0, 0, 1;
    %cmp/u;
    %jmp/1 T_67.15, 6;
    %jmp T_67.16;
T_67.9 ;
    %load/vec4 v0xa524ae080_0;
    %store/vec4 v0xa524ae300_0, 0, 32;
    %jmp T_67.16;
T_67.10 ;
    %load/vec4 v0xa524ae3a0_0;
    %pad/u 32;
    %store/vec4 v0xa524ae300_0, 0, 32;
    %jmp T_67.16;
T_67.11 ;
    %load/vec4 v0xa524b63a0_0;
    %load/vec4 v0xa524b6440_0;
    %xor;
    %store/vec4 v0xa524ae300_0, 0, 32;
    %jmp T_67.16;
T_67.12 ;
    %load/vec4 v0xa524b63a0_0;
    %load/vec4 v0xa524b6440_0;
    %or;
    %store/vec4 v0xa524ae300_0, 0, 32;
    %jmp T_67.16;
T_67.13 ;
    %load/vec4 v0xa524b63a0_0;
    %load/vec4 v0xa524b6440_0;
    %and;
    %store/vec4 v0xa524ae300_0, 0, 32;
    %jmp T_67.16;
T_67.14 ;
    %load/vec4 v0xa524ae580_0;
    %store/vec4 v0xa524ae300_0, 0, 32;
    %jmp T_67.16;
T_67.15 ;
    %load/vec4 v0xa524ae620_0;
    %store/vec4 v0xa524ae300_0, 0, 32;
    %jmp T_67.16;
T_67.16 ;
    %pop/vec4 1;
    %jmp T_67;
    .thread T_67, $push;
    .scope S_0xa52959500;
T_68 ;
    %wait E_0xa52478b00;
    %load/vec4 v0xa524aebc0_0;
    %assign/vec4 v0xa524aec60_0, 0;
    %jmp T_68;
    .thread T_68;
    .scope S_0xa52959500;
T_69 ;
    %wait E_0xa52478c00;
    %load/vec4 v0xa524aec60_0;
    %store/vec4 v0xa524aebc0_0, 0, 1;
    %load/vec4 v0xa524b5ea0_0;
    %nor/r;
    %flag_set/vec4 8;
    %jmp/0xz  T_69.0, 8;
    %pushi/vec4 0, 0, 1;
    %store/vec4 v0xa524aebc0_0, 0, 1;
T_69.0 ;
    %load/vec4 v0xa524b35c0_0;
    %flag_set/vec4 8;
    %jmp/1 T_69.5, 8;
    %load/vec4 v0xa524b2b20_0;
    %cmpi/ne 0, 0, 2;
    %flag_or 8, 4;
T_69.5;
    %jmp/1 T_69.4, 8;
    %load/vec4 v0xa524b66c0_0;
    %nor/r;
    %flag_set/vec4 9;
    %flag_or 8, 9;
T_69.4;
    %jmp/0xz  T_69.2, 8;
    %pushi/vec4 0, 0, 1;
    %store/vec4 v0xa524aebc0_0, 0, 1;
T_69.2 ;
    %jmp T_69;
    .thread T_69, $push;
    .scope S_0xa52959500;
T_70 ;
    %wait E_0xa52478bc0;
    %pushi/vec4 0, 0, 1;
    %store/vec4 v0xa524af2a0_0, 0, 1;
    %pushi/vec4 4294967295, 4294967295, 32;
    %store/vec4 v0xa524af200_0, 0, 32;
    %load/vec4 v0xa524aef80_0;
    %cmpi/e 64, 0, 8;
    %jmp/0xz  T_70.0, 4;
    %pushi/vec4 1, 0, 1;
    %dup/vec4;
    %load/vec4 v0xa524b35c0_0;
    %cmp/u;
    %jmp/1 T_70.2, 6;
    %dup/vec4;
    %load/vec4 v0xa524b3a20_0;
    %flag_set/vec4 8;
    %flag_get/vec4 8;
    %jmp/0 T_70.7, 8;
    %load/vec4 v0xa524b35c0_0;
    %nor/r;
    %and;
T_70.7;
    %cmp/u;
    %jmp/1 T_70.3, 6;
    %dup/vec4;
    %pushi/vec4 0, 0, 1;
    %cmp/u;
    %jmp/1 T_70.4, 6;
    %dup/vec4;
    %pushi/vec4 0, 0, 1;
    %cmp/u;
    %jmp/1 T_70.5, 6;
    %jmp T_70.6;
T_70.2 ;
    %load/vec4 v0xa524b6580_0;
    %load/vec4 v0xa524b3660_0;
    %flag_set/vec4 8;
    %jmp/0 T_70.8, 8;
    %pushi/vec4 2, 0, 32;
    %jmp/1 T_70.9, 8;
T_70.8 ; End of true expr.
    %pushi/vec4 4, 0, 32;
    %jmp/0 T_70.9, 8;
 ; End of false expr.
    %blend;
T_70.9;
    %add;
    %store/vec4 v0xa524af200_0, 0, 32;
    %pushi/vec4 1, 0, 1;
    %store/vec4 v0xa524af2a0_0, 0, 1;
    %jmp T_70.6;
T_70.3 ;
    %load/vec4 v0xa524b3980_0;
    %flag_set/vec4 8;
    %jmp/0 T_70.10, 8;
    %load/vec4 v0xa524ae4e0_0;
    %jmp/1 T_70.11, 8;
T_70.10 ; End of true expr.
    %load/vec4 v0xa524b64e0_0;
    %jmp/0 T_70.11, 8;
 ; End of false expr.
    %blend;
T_70.11;
    %store/vec4 v0xa524af200_0, 0, 32;
    %pushi/vec4 1, 0, 1;
    %store/vec4 v0xa524af2a0_0, 0, 1;
    %jmp T_70.6;
T_70.4 ;
    %load/vec4 v0xa524b6300_0;
    %load/vec4 v0xa524b3660_0;
    %pad/u 32;
    %or;
    %store/vec4 v0xa524af200_0, 0, 32;
    %pushi/vec4 1, 0, 1;
    %store/vec4 v0xa524af2a0_0, 0, 1;
    %jmp T_70.6;
T_70.5 ;
    %load/vec4 v0xa524b2a80_0;
    %load/vec4 v0xa524b29e0_0;
    %inv;
    %and;
    %store/vec4 v0xa524af200_0, 0, 32;
    %pushi/vec4 1, 0, 1;
    %store/vec4 v0xa524af2a0_0, 0, 1;
    %jmp T_70.6;
T_70.6 ;
    %pop/vec4 1;
T_70.0 ;
    %jmp T_70;
    .thread T_70, $push;
    .scope S_0xa52959500;
T_71 ;
    %wait E_0xa52478b00;
    %load/vec4 v0xa524b66c0_0;
    %flag_set/vec4 10;
    %flag_get/vec4 10;
    %jmp/0 T_71.3, 10;
    %load/vec4 v0xa524af2a0_0;
    %and;
T_71.3;
    %flag_set/vec4 9;
    %flag_get/vec4 9;
    %jmp/0 T_71.2, 9;
    %load/vec4 v0xa524b38e0_0;
    %pushi/vec4 0, 0, 5;
    %cmp/ne;
    %flag_get/vec4 4;
    %and;
T_71.2;
    %flag_set/vec4 8;
    %jmp/0xz  T_71.0, 8;
    %load/vec4 v0xa524af200_0;
    %load/vec4 v0xa524b38e0_0;
    %pad/u 7;
    %ix/vec4 3;
    %ix/load 4, 0, 0; Constant delay
    %assign/vec4/a/d v0xa524af020, 0, 4;
T_71.0 ;
    %jmp T_71;
    .thread T_71;
    .scope S_0xa52959500;
T_72 ;
    %wait E_0xa52478b80;
    %pushi/vec4 31, 31, 5;
    %store/vec4 v0xa524b0320_0, 0, 5;
    %load/vec4 v0xa524b03c0_0;
    %cmpi/ne 0, 0, 5;
    %flag_mov 8, 4;
    %jmp/0 T_72.0, 8;
    %load/vec4 v0xa524b03c0_0;
    %pad/u 7;
    %ix/vec4 4;
    %load/vec4a v0xa524af020, 4;
    %jmp/1 T_72.1, 8;
T_72.0 ; End of true expr.
    %pushi/vec4 0, 0, 32;
    %jmp/0 T_72.1, 8;
 ; End of false expr.
    %blend;
T_72.1;
    %store/vec4 v0xa524af0c0_0, 0, 32;
    %load/vec4 v0xa524b0460_0;
    %cmpi/ne 0, 0, 5;
    %flag_mov 8, 4;
    %jmp/0 T_72.2, 8;
    %load/vec4 v0xa524b0460_0;
    %pad/u 7;
    %ix/vec4 4;
    %load/vec4a v0xa524af020, 4;
    %jmp/1 T_72.3, 8;
T_72.2 ; End of true expr.
    %pushi/vec4 0, 0, 32;
    %jmp/0 T_72.3, 8;
 ; End of false expr.
    %blend;
T_72.3;
    %store/vec4 v0xa524af160_0, 0, 32;
    %jmp T_72;
    .thread T_72, $push;
    .scope S_0xa52959500;
T_73 ;
    %wait E_0xa52478b00;
    %pushi/vec4 0, 0, 1;
    %assign/vec4 v0xa524b6b20_0, 0;
    %pushi/vec4 31, 31, 5;
    %assign/vec4 v0xa524b6620_0, 0;
    %pushi/vec4 4294967295, 4294967295, 32;
    %assign/vec4 v0xa524b64e0_0, 0;
    %pushi/vec4 0, 0, 1;
    %store/vec4 v0xa524b6800_0, 0, 1;
    %pushi/vec4 0, 0, 1;
    %store/vec4 v0xa524b6760_0, 0, 1;
    %pushi/vec4 0, 0, 1;
    %store/vec4 v0xa524b68a0_0, 0, 1;
    %load/vec4 v0xa524ae3a0_0;
    %assign/vec4 v0xa524ae440_0, 0;
    %load/vec4 v0xa524ae300_0;
    %assign/vec4 v0xa524ae4e0_0, 0;
    %pushi/vec4 0, 0, 1;
    %assign/vec4 v0xa524ae6c0_0, 0;
    %pushi/vec4 0, 0, 1;
    %assign/vec4 v0xa524ae760_0, 0;
    %load/vec4 v0xa524b3b60_0;
    %flag_set/vec4 8;
    %jmp/0xz  T_73.0, 8;
    %pushi/vec4 4294967295, 4294967295, 32;
    %assign/vec4 v0xa524afde0_0, 0;
    %pushi/vec4 4294967295, 4294967295, 32;
    %assign/vec4 v0xa524aff20_0, 0;
    %pushi/vec4 0, 0, 1;
    %assign/vec4 v0xa524afe80_0, 0;
    %pushi/vec4 0, 0, 1;
    %assign/vec4 v0xa524b0000_0, 0;
T_73.0 ;
    %load/vec4 v0xa524b66c0_0;
    %flag_set/vec4 8;
    %jmp/0 T_73.2, 8;
    %load/vec4 v0xa524aee40_0;
    %addi 1, 0, 64;
    %jmp/1 T_73.3, 8;
T_73.2 ; End of true expr.
    %pushi/vec4 0, 0, 64;
    %jmp/0 T_73.3, 8;
 ; End of false expr.
    %blend;
T_73.3;
    %assign/vec4 v0xa524aee40_0, 0;
    %pushi/vec4 4294967295, 4294967295, 32;
    %store/vec4 v0xa524b5040_0, 0, 32;
    %load/vec4 v0xa524b3e80_0;
    %flag_set/vec4 8;
    %flag_get/vec4 8;
    %jmp/0 T_73.4, 8;
    %load/vec4 v0xa524b4000_0;
    %and;
T_73.4;
    %assign/vec4 v0xa524b0640_0, 0;
    %load/vec4 v0xa524b0640_0;
    %assign/vec4 v0xa524b06e0_0, 0;
    %pushi/vec4 0, 0, 1;
    %assign/vec4 v0xa524b0500_0, 0;
    %load/vec4 v0xa524b0500_0;
    %assign/vec4 v0xa524b05a0_0, 0;
    %pushi/vec4 0, 0, 1;
    %assign/vec4 v0xa524b0780_0, 0;
    %pushi/vec4 0, 0, 1;
    %assign/vec4 v0xa524b6a80_0, 0;
    %pushi/vec4 4294967295, 4294967295, 32;
    %concati/vec4 15, 15, 4;
    %assign/vec4 v0xa524b69e0_0, 0;
    %load/vec4 v0xa524b66c0_0;
    %nor/r;
    %flag_set/vec4 8;
    %jmp/0xz  T_73.5, 8;
    %pushi/vec4 0, 0, 32;
    %assign/vec4 v0xa524b6580_0, 0;
    %pushi/vec4 0, 0, 32;
    %assign/vec4 v0xa524b6300_0, 0;
    %pushi/vec4 0, 0, 64;
    %assign/vec4 v0xa524aeee0_0, 0;
    %pushi/vec4 0, 0, 1;
    %assign/vec4 v0xa524b3a20_0, 0;
    %pushi/vec4 0, 0, 1;
    %assign/vec4 v0xa524b3980_0, 0;
    %pushi/vec4 0, 0, 1;
    %assign/vec4 v0xa524b35c0_0, 0;
    %pushi/vec4 0, 0, 1;
    %assign/vec4 v0xa524b3ac0_0, 0;
    %pushi/vec4 0, 0, 1;
    %assign/vec4 v0xa524b3840_0, 0;
    %pushi/vec4 0, 0, 1;
    %assign/vec4 v0xa524b37a0_0, 0;
    %pushi/vec4 0, 0, 1;
    %assign/vec4 v0xa524b3700_0, 0;
    %pushi/vec4 0, 0, 1;
    %assign/vec4 v0xa524b5cc0_0, 0;
    %pushi/vec4 0, 0, 1;
    %assign/vec4 v0xa524b5c20_0, 0;
    %pushi/vec4 0, 0, 1;
    %assign/vec4 v0xa524b28a0_0, 0;
    %pushi/vec4 0, 0, 1;
    %assign/vec4 v0xa524b2940_0, 0;
    %pushi/vec4 4294967295, 0, 32;
    %assign/vec4 v0xa524b29e0_0, 0;
    %pushi/vec4 0, 0, 32;
    %store/vec4 v0xa524b5040_0, 0, 32;
    %pushi/vec4 0, 0, 2;
    %assign/vec4 v0xa524b2b20_0, 0;
    %pushi/vec4 0, 0, 32;
    %assign/vec4 v0xa524b0820_0, 0;
    %pushi/vec4 0, 0, 32;
    %assign/vec4 v0xa524b6940_0, 0;
    %pushi/vec4 1, 0, 1;
    %assign/vec4 v0xa524b3a20_0, 0;
    %pushi/vec4 2, 0, 5;
    %assign/vec4 v0xa524b38e0_0, 0;
    %pushi/vec4 1008, 0, 32;
    %assign/vec4 v0xa524b64e0_0, 0;
    %pushi/vec4 64, 0, 8;
    %assign/vec4 v0xa524aef80_0, 0;
    %jmp T_73.6;
T_73.5 ;
    %load/vec4 v0xa524aef80_0;
    %dup/vec4;
    %pushi/vec4 128, 0, 8;
    %cmp/u;
    %jmp/1 T_73.7, 6;
    %dup/vec4;
    %pushi/vec4 64, 0, 8;
    %cmp/u;
    %jmp/1 T_73.8, 6;
    %dup/vec4;
    %pushi/vec4 32, 0, 8;
    %cmp/u;
    %jmp/1 T_73.9, 6;
    %dup/vec4;
    %pushi/vec4 16, 0, 8;
    %cmp/u;
    %jmp/1 T_73.10, 6;
    %dup/vec4;
    %pushi/vec4 8, 0, 8;
    %cmp/u;
    %jmp/1 T_73.11, 6;
    %dup/vec4;
    %pushi/vec4 4, 0, 8;
    %cmp/u;
    %jmp/1 T_73.12, 6;
    %dup/vec4;
    %pushi/vec4 2, 0, 8;
    %cmp/u;
    %jmp/1 T_73.13, 6;
    %dup/vec4;
    %pushi/vec4 1, 0, 8;
    %cmp/u;
    %jmp/1 T_73.14, 6;
    %jmp T_73.15;
T_73.7 ;
    %pushi/vec4 1, 0, 1;
    %assign/vec4 v0xa524b6b20_0, 0;
    %jmp T_73.15;
T_73.8 ;
    %load/vec4 v0xa524b0640_0;
    %nor/r;
    %flag_set/vec4 8;
    %flag_get/vec4 8;
    %jmp/0 T_73.16, 8;
    %load/vec4 v0xa524b0780_0;
    %nor/r;
    %and;
T_73.16;
    %assign/vec4 v0xa524b3e80_0, 0;
    %pushi/vec4 0, 0, 2;
    %assign/vec4 v0xa524b4d20_0, 0;
    %load/vec4 v0xa524b6300_0;
    %store/vec4 v0xa524af340_0, 0, 32;
    %pushi/vec4 1, 0, 1;
    %dup/vec4;
    %load/vec4 v0xa524b35c0_0;
    %cmp/u;
    %jmp/1 T_73.17, 6;
    %dup/vec4;
    %load/vec4 v0xa524b3a20_0;
    %flag_set/vec4 8;
    %flag_get/vec4 8;
    %jmp/0 T_73.22, 8;
    %load/vec4 v0xa524b35c0_0;
    %nor/r;
    %and;
T_73.22;
    %cmp/u;
    %jmp/1 T_73.18, 6;
    %dup/vec4;
    %pushi/vec4 0, 0, 1;
    %cmp/u;
    %jmp/1 T_73.19, 6;
    %dup/vec4;
    %pushi/vec4 0, 0, 1;
    %cmp/u;
    %jmp/1 T_73.20, 6;
    %jmp T_73.21;
T_73.17 ;
    %load/vec4 v0xa524b3a20_0;
    %flag_set/vec4 8;
    %jmp/0 T_73.23, 8;
    %load/vec4 v0xa524b3980_0;
    %flag_set/vec4 9;
    %jmp/0 T_73.25, 9;
    %load/vec4 v0xa524ae4e0_0;
    %jmp/1 T_73.26, 9;
T_73.25 ; End of true expr.
    %load/vec4 v0xa524b64e0_0;
    %jmp/0 T_73.26, 9;
 ; End of false expr.
    %blend;
T_73.26;
    %pushi/vec4 4294967294, 0, 32;
    %and;
    %jmp/1 T_73.24, 8;
T_73.23 ; End of true expr.
    %load/vec4 v0xa524b6300_0;
    %jmp/0 T_73.24, 8;
 ; End of false expr.
    %blend;
T_73.24;
    %store/vec4 v0xa524af340_0, 0, 32;
    %jmp T_73.21;
T_73.18 ;
    %jmp T_73.21;
T_73.19 ;
    %pushi/vec4 16, 0, 32;
    %store/vec4 v0xa524af340_0, 0, 32;
    %pushi/vec4 1, 0, 1;
    %assign/vec4 v0xa524b28a0_0, 0;
    %pushi/vec4 1, 0, 1;
    %assign/vec4 v0xa524b3e80_0, 0;
    %jmp T_73.21;
T_73.20 ;
    %load/vec4 v0xa524b2a80_0;
    %load/vec4 v0xa524b29e0_0;
    %inv;
    %and;
    %assign/vec4 v0xa524b0820_0, 0;
    %load/vec4 v0xa524b5040_0;
    %load/vec4 v0xa524b29e0_0;
    %and;
    %store/vec4 v0xa524b5040_0, 0, 32;
    %jmp T_73.21;
T_73.21 ;
    %pop/vec4 1;
    %load/vec4 v0xa524af340_0;
    %assign/vec4 v0xa524b6580_0, 0;
    %load/vec4 v0xa524af340_0;
    %assign/vec4 v0xa524b6300_0, 0;
    %pushi/vec4 0, 0, 1;
    %assign/vec4 v0xa524b3a20_0, 0;
    %pushi/vec4 0, 0, 1;
    %assign/vec4 v0xa524b3980_0, 0;
    %pushi/vec4 0, 0, 1;
    %assign/vec4 v0xa524b35c0_0, 0;
    %pushi/vec4 0, 0, 1;
    %assign/vec4 v0xa524b3840_0, 0;
    %pushi/vec4 0, 0, 1;
    %assign/vec4 v0xa524b37a0_0, 0;
    %pushi/vec4 0, 0, 1;
    %assign/vec4 v0xa524b3700_0, 0;
    %load/vec4 v0xa524b0280_0;
    %assign/vec4 v0xa524b38e0_0, 0;
    %load/vec4 v0xa524aeda0_0;
    %assign/vec4 v0xa524b3660_0, 0;
    %load/vec4 v0xa524b0640_0;
    %flag_set/vec4 8;
    %jmp/0xz  T_73.27, 8;
    %load/vec4 v0xa524b28a0_0;
    %assign/vec4 v0xa524b2940_0, 0;
    %load/vec4 v0xa524af340_0;
    %load/vec4 v0xa524aeda0_0;
    %flag_set/vec4 8;
    %jmp/0 T_73.29, 8;
    %pushi/vec4 2, 0, 32;
    %jmp/1 T_73.30, 8;
T_73.29 ; End of true expr.
    %pushi/vec4 4, 0, 32;
    %jmp/0 T_73.30, 8;
 ; End of false expr.
    %blend;
T_73.30;
    %add;
    %assign/vec4 v0xa524b6300_0, 0;
    %load/vec4 v0xa524aeee0_0;
    %addi 1, 0, 64;
    %assign/vec4 v0xa524aeee0_0, 0;
    %load/vec4 v0xa524b1180_0;
    %flag_set/vec4 8;
    %jmp/0xz  T_73.31, 8;
    %pushi/vec4 1, 0, 1;
    %assign/vec4 v0xa524b3e80_0, 0;
    %load/vec4 v0xa524af340_0;
    %load/vec4 v0xa524b01e0_0;
    %add;
    %assign/vec4 v0xa524b6300_0, 0;
    %pushi/vec4 1, 0, 1;
    %assign/vec4 v0xa524b35c0_0, 0;
    %jmp T_73.32;
T_73.31 ;
    %pushi/vec4 0, 0, 1;
    %assign/vec4 v0xa524b3e80_0, 0;
    %load/vec4 v0xa524b1220_0;
    %nor/r;
    %flag_set/vec4 8;
    %flag_get/vec4 8;
    %jmp/0 T_73.33, 8;
    %load/vec4 v0xa524b1ae0_0;
    %nor/r;
    %and;
T_73.33;
    %assign/vec4 v0xa524b3d40_0, 0;
    %pushi/vec4 32, 0, 8;
    %assign/vec4 v0xa524aef80_0, 0;
T_73.32 ;
T_73.27 ;
    %jmp T_73.15;
T_73.9 ;
    %pushi/vec4 4294967295, 4294967295, 32;
    %assign/vec4 v0xa524b63a0_0, 0;
    %pushi/vec4 4294967295, 4294967295, 32;
    %assign/vec4 v0xa524b6440_0, 0;
    %pushi/vec4 1, 0, 1;
    %dup/vec4;
    %pushi/vec4 1, 0, 1;
    %flag_set/vec4 8;
    %flag_get/vec4 8;
    %jmp/0 T_73.48, 8;
    %load/vec4 v0xa524b2580_0;
    %and;
T_73.48;
    %cmp/u;
    %jmp/1 T_73.34, 6;
    %dup/vec4;
    %pushi/vec4 1, 0, 1;
    %flag_set/vec4 8;
    %flag_get/vec4 8;
    %jmp/0 T_73.49, 8;
    %load/vec4 v0xa524b3160_0;
    %and;
T_73.49;
    %cmp/u;
    %jmp/1 T_73.35, 6;
    %dup/vec4;
    %load/vec4 v0xa524b3020_0;
    %cmp/u;
    %jmp/1 T_73.36, 6;
    %dup/vec4;
    %pushi/vec4 0, 0, 1;
    %cmp/u;
    %jmp/1 T_73.37, 6;
    %dup/vec4;
    %pushi/vec4 0, 0, 1;
    %cmp/u;
    %jmp/1 T_73.38, 6;
    %dup/vec4;
    %pushi/vec4 0, 0, 1;
    %cmp/u;
    %jmp/1 T_73.39, 6;
    %dup/vec4;
    %pushi/vec4 0, 0, 1;
    %cmp/u;
    %jmp/1 T_73.40, 6;
    %dup/vec4;
    %pushi/vec4 0, 0, 1;
    %cmp/u;
    %jmp/1 T_73.41, 6;
    %dup/vec4;
    %load/vec4 v0xa524b2ee0_0;
    %flag_set/vec4 8;
    %flag_get/vec4 8;
    %jmp/0 T_73.50, 8;
    %load/vec4 v0xa524b2580_0;
    %nor/r;
    %and;
T_73.50;
    %cmp/u;
    %jmp/1 T_73.42, 6;
    %dup/vec4;
    %load/vec4 v0xa524b3340_0;
    %flag_set/vec4 8;
    %flag_get/vec4 8;
    %jmp/0 T_73.51, 8;
    %pushi/vec4 1, 0, 1;
    %and;
T_73.51;
    %cmp/u;
    %jmp/1 T_73.43, 6;
    %dup/vec4;
    %load/vec4 v0xa524b2e40_0;
    %cmp/u;
    %jmp/1 T_73.44, 6;
    %dup/vec4;
    %load/vec4 v0xa524b3340_0;
    %flag_set/vec4 8;
    %flag_get/vec4 8;
    %jmp/0 T_73.52, 8;
    %pushi/vec4 0, 0, 1;
    %and;
T_73.52;
    %cmp/u;
    %jmp/1 T_73.45, 6;
    %load/vec4 v0xa524af0c0_0;
    %assign/vec4 v0xa524b63a0_0, 0;
    %load/vec4 v0xa524af0c0_0;
    %assign/vec4 v0xa524afde0_0, 0;
    %pushi/vec4 1, 0, 1;
    %assign/vec4 v0xa524afe80_0, 0;
    %load/vec4 v0xa524af160_0;
    %pad/u 5;
    %assign/vec4 v0xa524b6620_0, 0;
    %load/vec4 v0xa524af160_0;
    %assign/vec4 v0xa524b6440_0, 0;
    %load/vec4 v0xa524af160_0;
    %assign/vec4 v0xa524aff20_0, 0;
    %pushi/vec4 1, 0, 1;
    %assign/vec4 v0xa524b0000_0, 0;
    %pushi/vec4 1, 0, 1;
    %dup/vec4;
    %load/vec4 v0xa524b3200_0;
    %cmp/u;
    %jmp/1 T_73.53, 6;
    %dup/vec4;
    %load/vec4 v0xa524b32a0_0;
    %flag_set/vec4 8;
    %flag_get/vec4 8;
    %jmp/0 T_73.57, 8;
    %pushi/vec4 1, 0, 1;
    %and;
T_73.57;
    %cmp/u;
    %jmp/1 T_73.54, 6;
    %load/vec4 v0xa524b3d40_0;
    %assign/vec4 v0xa524b3e80_0, 0;
    %pushi/vec4 8, 0, 8;
    %assign/vec4 v0xa524aef80_0, 0;
    %jmp T_73.56;
T_73.53 ;
    %pushi/vec4 2, 0, 8;
    %assign/vec4 v0xa524aef80_0, 0;
    %pushi/vec4 1, 0, 1;
    %assign/vec4 v0xa524b3e80_0, 0;
    %jmp T_73.56;
T_73.54 ;
    %pushi/vec4 4, 0, 8;
    %assign/vec4 v0xa524aef80_0, 0;
    %jmp T_73.56;
T_73.56 ;
    %pop/vec4 1;
    %jmp T_73.47;
T_73.34 ;
    %pushi/vec4 128, 0, 8;
    %assign/vec4 v0xa524aef80_0, 0;
    %jmp T_73.47;
T_73.35 ;
    %pushi/vec4 1, 0, 1;
    %dup/vec4;
    %load/vec4 v0xa524b1860_0;
    %cmp/u;
    %jmp/1 T_73.58, 6;
    %dup/vec4;
    %load/vec4 v0xa524b1900_0;
    %flag_set/vec4 8;
    %flag_get/vec4 8;
    %jmp/0 T_73.63, 8;
    %pushi/vec4 1, 0, 1;
    %and;
T_73.63;
    %cmp/u;
    %jmp/1 T_73.59, 6;
    %dup/vec4;
    %load/vec4 v0xa524b19a0_0;
    %cmp/u;
    %jmp/1 T_73.60, 6;
    %dup/vec4;
    %load/vec4 v0xa524b1a40_0;
    %flag_set/vec4 8;
    %flag_get/vec4 8;
    %jmp/0 T_73.64, 8;
    %pushi/vec4 1, 0, 1;
    %and;
T_73.64;
    %cmp/u;
    %jmp/1 T_73.61, 6;
    %jmp T_73.62;
T_73.58 ;
    %load/vec4 v0xa524aee40_0;
    %parti/s 32, 0, 2;
    %assign/vec4 v0xa524b64e0_0, 0;
    %jmp T_73.62;
T_73.59 ;
    %load/vec4 v0xa524aee40_0;
    %parti/s 32, 32, 7;
    %assign/vec4 v0xa524b64e0_0, 0;
    %jmp T_73.62;
T_73.60 ;
    %load/vec4 v0xa524aeee0_0;
    %parti/s 32, 0, 2;
    %assign/vec4 v0xa524b64e0_0, 0;
    %jmp T_73.62;
T_73.61 ;
    %load/vec4 v0xa524aeee0_0;
    %parti/s 32, 32, 7;
    %assign/vec4 v0xa524b64e0_0, 0;
    %jmp T_73.62;
T_73.62 ;
    %pop/vec4 1;
    %pushi/vec4 1, 0, 1;
    %assign/vec4 v0xa524b3a20_0, 0;
    %pushi/vec4 64, 0, 8;
    %assign/vec4 v0xa524aef80_0, 0;
    %jmp T_73.47;
T_73.36 ;
    %load/vec4 v0xa524b1540_0;
    %flag_set/vec4 8;
    %jmp/0 T_73.65, 8;
    %pushi/vec4 0, 0, 32;
    %jmp/1 T_73.66, 8;
T_73.65 ; End of true expr.
    %load/vec4 v0xa524b6580_0;
    %jmp/0 T_73.66, 8;
 ; End of false expr.
    %blend;
T_73.66;
    %assign/vec4 v0xa524b63a0_0, 0;
    %load/vec4 v0xa524b0140_0;
    %assign/vec4 v0xa524b6440_0, 0;
    %load/vec4 v0xa524b3d40_0;
    %assign/vec4 v0xa524b3e80_0, 0;
    %pushi/vec4 8, 0, 8;
    %assign/vec4 v0xa524aef80_0, 0;
    %jmp T_73.47;
T_73.37 ;
    %load/vec4 v0xa524af0c0_0;
    %assign/vec4 v0xa524b64e0_0, 0;
    %load/vec4 v0xa524af0c0_0;
    %assign/vec4 v0xa524afde0_0, 0;
    %pushi/vec4 1, 0, 1;
    %assign/vec4 v0xa524afe80_0, 0;
    %pushi/vec4 1, 0, 1;
    %assign/vec4 v0xa524b3a20_0, 0;
    %pushi/vec4 64, 0, 8;
    %assign/vec4 v0xa524aef80_0, 0;
    %jmp T_73.47;
T_73.38 ;
    %load/vec4 v0xa524af0c0_0;
    %assign/vec4 v0xa524b64e0_0, 0;
    %load/vec4 v0xa524af0c0_0;
    %assign/vec4 v0xa524afde0_0, 0;
    %pushi/vec4 1, 0, 1;
    %assign/vec4 v0xa524afe80_0, 0;
    %load/vec4 v0xa524b38e0_0;
    %pad/u 32;
    %pushi/vec4 32, 0, 32;
    %or;
    %pad/u 5;
    %assign/vec4 v0xa524b38e0_0, 0;
    %pushi/vec4 1, 0, 1;
    %assign/vec4 v0xa524b3a20_0, 0;
    %pushi/vec4 64, 0, 8;
    %assign/vec4 v0xa524aef80_0, 0;
    %jmp T_73.47;
T_73.39 ;
    %pushi/vec4 0, 0, 32;
    %assign/vec4 v0xa524b0820_0, 0;
    %pushi/vec4 0, 0, 1;
    %assign/vec4 v0xa524b28a0_0, 0;
    %pushi/vec4 1, 0, 1;
    %assign/vec4 v0xa524b35c0_0, 0;
    %pushi/vec4 1, 0, 1;
    %assign/vec4 v0xa524b3a20_0, 0;
    %load/vec4 v0xa524af0c0_0;
    %pushi/vec4 4294967294, 0, 32;
    %and;
    %assign/vec4 v0xa524b64e0_0, 0;
    %load/vec4 v0xa524af0c0_0;
    %assign/vec4 v0xa524afde0_0, 0;
    %pushi/vec4 1, 0, 1;
    %assign/vec4 v0xa524afe80_0, 0;
    %pushi/vec4 64, 0, 8;
    %assign/vec4 v0xa524aef80_0, 0;
    %jmp T_73.47;
T_73.40 ;
    %pushi/vec4 1, 0, 1;
    %assign/vec4 v0xa524b3a20_0, 0;
    %load/vec4 v0xa524b29e0_0;
    %assign/vec4 v0xa524b64e0_0, 0;
    %load/vec4 v0xa524af0c0_0;
    %pushi/vec4 0, 0, 32;
    %or;
    %assign/vec4 v0xa524b29e0_0, 0;
    %load/vec4 v0xa524af0c0_0;
    %assign/vec4 v0xa524afde0_0, 0;
    %pushi/vec4 1, 0, 1;
    %assign/vec4 v0xa524afe80_0, 0;
    %pushi/vec4 64, 0, 8;
    %assign/vec4 v0xa524aef80_0, 0;
    %jmp T_73.47;
T_73.41 ;
    %pushi/vec4 1, 0, 1;
    %assign/vec4 v0xa524b3a20_0, 0;
    %load/vec4 v0xa524b6940_0;
    %assign/vec4 v0xa524b64e0_0, 0;
    %load/vec4 v0xa524af0c0_0;
    %assign/vec4 v0xa524b6940_0, 0;
    %load/vec4 v0xa524af0c0_0;
    %assign/vec4 v0xa524afde0_0, 0;
    %pushi/vec4 1, 0, 1;
    %assign/vec4 v0xa524afe80_0, 0;
    %pushi/vec4 64, 0, 8;
    %assign/vec4 v0xa524aef80_0, 0;
    %jmp T_73.47;
T_73.42 ;
    %load/vec4 v0xa524af0c0_0;
    %assign/vec4 v0xa524b63a0_0, 0;
    %load/vec4 v0xa524af0c0_0;
    %assign/vec4 v0xa524afde0_0, 0;
    %pushi/vec4 1, 0, 1;
    %assign/vec4 v0xa524afe80_0, 0;
    %pushi/vec4 1, 0, 8;
    %assign/vec4 v0xa524aef80_0, 0;
    %pushi/vec4 1, 0, 1;
    %assign/vec4 v0xa524b3e80_0, 0;
    %jmp T_73.47;
T_73.43 ;
    %load/vec4 v0xa524af0c0_0;
    %assign/vec4 v0xa524b63a0_0, 0;
    %load/vec4 v0xa524af0c0_0;
    %assign/vec4 v0xa524afde0_0, 0;
    %pushi/vec4 1, 0, 1;
    %assign/vec4 v0xa524afe80_0, 0;
    %load/vec4 v0xa524b0460_0;
    %assign/vec4 v0xa524b6620_0, 0;
    %pushi/vec4 4, 0, 8;
    %assign/vec4 v0xa524aef80_0, 0;
    %jmp T_73.47;
T_73.44 ;
    %load/vec4 v0xa524af0c0_0;
    %assign/vec4 v0xa524b63a0_0, 0;
    %load/vec4 v0xa524af0c0_0;
    %assign/vec4 v0xa524afde0_0, 0;
    %pushi/vec4 1, 0, 1;
    %assign/vec4 v0xa524afe80_0, 0;
    %load/vec4 v0xa524b3340_0;
    %flag_set/vec4 9;
    %flag_get/vec4 9;
    %jmp/0 T_73.69, 9;
    %pushi/vec4 0, 0, 1;
    %and;
T_73.69;
    %flag_set/vec4 8;
    %jmp/0 T_73.67, 8;
    %load/vec4 v0xa524b0460_0;
    %pad/u 32;
    %jmp/1 T_73.68, 8;
T_73.67 ; End of true expr.
    %load/vec4 v0xa524b0140_0;
    %jmp/0 T_73.68, 8;
 ; End of false expr.
    %blend;
T_73.68;
    %assign/vec4 v0xa524b6440_0, 0;
    %load/vec4 v0xa524b3d40_0;
    %assign/vec4 v0xa524b3e80_0, 0;
    %pushi/vec4 8, 0, 8;
    %assign/vec4 v0xa524aef80_0, 0;
    %jmp T_73.47;
T_73.45 ;
    %load/vec4 v0xa524af0c0_0;
    %assign/vec4 v0xa524b63a0_0, 0;
    %load/vec4 v0xa524af0c0_0;
    %assign/vec4 v0xa524afde0_0, 0;
    %pushi/vec4 1, 0, 1;
    %assign/vec4 v0xa524afe80_0, 0;
    %load/vec4 v0xa524b3340_0;
    %flag_set/vec4 9;
    %flag_get/vec4 9;
    %jmp/0 T_73.72, 9;
    %pushi/vec4 0, 0, 1;
    %and;
T_73.72;
    %flag_set/vec4 8;
    %jmp/0 T_73.70, 8;
    %load/vec4 v0xa524b0460_0;
    %pad/u 32;
    %jmp/1 T_73.71, 8;
T_73.70 ; End of true expr.
    %load/vec4 v0xa524b0140_0;
    %jmp/0 T_73.71, 8;
 ; End of false expr.
    %blend;
T_73.71;
    %assign/vec4 v0xa524b6440_0, 0;
    %load/vec4 v0xa524b3d40_0;
    %assign/vec4 v0xa524b3e80_0, 0;
    %pushi/vec4 8, 0, 8;
    %assign/vec4 v0xa524aef80_0, 0;
    %jmp T_73.47;
T_73.47 ;
    %pop/vec4 1;
    %jmp T_73.15;
T_73.10 ;
    %load/vec4 v0xa524af160_0;
    %pad/u 5;
    %assign/vec4 v0xa524b6620_0, 0;
    %load/vec4 v0xa524af160_0;
    %assign/vec4 v0xa524b6440_0, 0;
    %load/vec4 v0xa524af160_0;
    %assign/vec4 v0xa524aff20_0, 0;
    %pushi/vec4 1, 0, 1;
    %assign/vec4 v0xa524b0000_0, 0;
    %pushi/vec4 1, 0, 1;
    %dup/vec4;
    %pushi/vec4 0, 0, 1;
    %cmp/u;
    %jmp/1 T_73.73, 6;
    %dup/vec4;
    %load/vec4 v0xa524b3200_0;
    %cmp/u;
    %jmp/1 T_73.74, 6;
    %dup/vec4;
    %load/vec4 v0xa524b32a0_0;
    %flag_set/vec4 8;
    %flag_get/vec4 8;
    %jmp/0 T_73.78, 8;
    %pushi/vec4 1, 0, 1;
    %and;
T_73.78;
    %cmp/u;
    %jmp/1 T_73.75, 6;
    %load/vec4 v0xa524b3d40_0;
    %assign/vec4 v0xa524b3e80_0, 0;
    %pushi/vec4 8, 0, 8;
    %assign/vec4 v0xa524aef80_0, 0;
    %jmp T_73.77;
T_73.73 ;
    %pushi/vec4 1, 0, 1;
    %assign/vec4 v0xa524b5cc0_0, 0;
    %load/vec4 v0xa524b5540_0;
    %flag_set/vec4 8;
    %jmp/0xz  T_73.79, 8;
    %pushi/vec4 1, 0, 1;
    %assign/vec4 v0xa524b3e80_0, 0;
    %pushi/vec4 0, 0, 1;
    %assign/vec4 v0xa524b5cc0_0, 0;
    %load/vec4 v0xa524b54a0_0;
    %assign/vec4 v0xa524b64e0_0, 0;
    %load/vec4 v0xa524b5680_0;
    %assign/vec4 v0xa524b3a20_0, 0;
    %pushi/vec4 64, 0, 8;
    %assign/vec4 v0xa524aef80_0, 0;
    %jmp T_73.80;
T_73.79 ;
    %pushi/vec4 1, 0, 1;
    %flag_set/vec4 9;
    %flag_get/vec4 9;
    %jmp/0 T_73.83, 9;
    %load/vec4 v0xa524b5c20_0;
    %flag_set/vec4 9;
    %flag_get/vec4 9;
    %jmp/1 T_73.84, 9;
    %load/vec4 v0xa524b0fa0_0;
    %or;
T_73.84;
    %and;
T_73.83;
    %flag_set/vec4 8;
    %jmp/0xz  T_73.81, 8;
    %pushi/vec4 0, 0, 1;
    %assign/vec4 v0xa524b5cc0_0, 0;
    %pushi/vec4 128, 0, 8;
    %assign/vec4 v0xa524aef80_0, 0;
T_73.81 ;
T_73.80 ;
    %jmp T_73.77;
T_73.74 ;
    %pushi/vec4 2, 0, 8;
    %assign/vec4 v0xa524aef80_0, 0;
    %pushi/vec4 1, 0, 1;
    %assign/vec4 v0xa524b3e80_0, 0;
    %jmp T_73.77;
T_73.75 ;
    %pushi/vec4 4, 0, 8;
    %assign/vec4 v0xa524aef80_0, 0;
    %jmp T_73.77;
T_73.77 ;
    %pop/vec4 1;
    %jmp T_73.15;
T_73.11 ;
    %load/vec4 v0xa524b6580_0;
    %load/vec4 v0xa524b0140_0;
    %add;
    %assign/vec4 v0xa524b64e0_0, 0;
    %load/vec4 v0xa524b2d00_0;
    %flag_set/vec4 8;
    %jmp/0xz  T_73.85, 8;
    %pushi/vec4 0, 0, 5;
    %assign/vec4 v0xa524b38e0_0, 0;
    %load/vec4 v0xa524ae3a0_0;
    %assign/vec4 v0xa524b3a20_0, 0;
    %load/vec4 v0xa524ae3a0_0;
    %assign/vec4 v0xa524b35c0_0, 0;
    %load/vec4 v0xa524b4000_0;
    %flag_set/vec4 8;
    %jmp/0xz  T_73.87, 8;
    %pushi/vec4 64, 0, 8;
    %assign/vec4 v0xa524aef80_0, 0;
T_73.87 ;
    %load/vec4 v0xa524ae3a0_0;
    %flag_set/vec4 8;
    %jmp/0xz  T_73.89, 8;
    %pushi/vec4 0, 0, 1;
    %assign/vec4 v0xa524b0640_0, 0;
    %pushi/vec4 1, 0, 1;
    %store/vec4 v0xa524b6800_0, 0, 1;
T_73.89 ;
    %jmp T_73.86;
T_73.85 ;
    %load/vec4 v0xa524b1220_0;
    %assign/vec4 v0xa524b35c0_0, 0;
    %pushi/vec4 1, 0, 1;
    %assign/vec4 v0xa524b3a20_0, 0;
    %pushi/vec4 1, 0, 1;
    %assign/vec4 v0xa524b3980_0, 0;
    %pushi/vec4 64, 0, 8;
    %assign/vec4 v0xa524aef80_0, 0;
T_73.86 ;
    %jmp T_73.15;
T_73.12 ;
    %pushi/vec4 1, 0, 1;
    %assign/vec4 v0xa524b3a20_0, 0;
    %load/vec4 v0xa524b6620_0;
    %pad/u 32;
    %cmpi/e 0, 0, 32;
    %jmp/0xz  T_73.91, 4;
    %load/vec4 v0xa524b63a0_0;
    %assign/vec4 v0xa524b64e0_0, 0;
    %load/vec4 v0xa524b3d40_0;
    %assign/vec4 v0xa524b3e80_0, 0;
    %pushi/vec4 64, 0, 8;
    %assign/vec4 v0xa524aef80_0, 0;
    %jmp T_73.92;
T_73.91 ;
    %pushi/vec4 1, 0, 1;
    %flag_set/vec4 9;
    %flag_get/vec4 9;
    %jmp/0 T_73.95, 9;
    %pushi/vec4 4, 0, 32;
    %load/vec4 v0xa524b6620_0;
    %pad/u 32;
    %cmp/u;
    %flag_get/vec4 4;
    %flag_get/vec4 5;
    %or;
    %and;
T_73.95;
    %flag_set/vec4 8;
    %jmp/0xz  T_73.93, 8;
    %pushi/vec4 1, 0, 1;
    %dup/vec4;
    %load/vec4 v0xa524b1e00_0;
    %flag_set/vec4 8;
    %flag_get/vec4 8;
    %jmp/1 T_73.100, 8;
    %load/vec4 v0xa524b1d60_0;
    %or;
T_73.100;
    %cmp/u;
    %jmp/1 T_73.96, 6;
    %dup/vec4;
    %load/vec4 v0xa524b2300_0;
    %flag_set/vec4 8;
    %flag_get/vec4 8;
    %jmp/1 T_73.101, 8;
    %load/vec4 v0xa524b2260_0;
    %or;
T_73.101;
    %cmp/u;
    %jmp/1 T_73.97, 6;
    %dup/vec4;
    %load/vec4 v0xa524b21c0_0;
    %flag_set/vec4 8;
    %flag_get/vec4 8;
    %jmp/1 T_73.102, 8;
    %load/vec4 v0xa524b2120_0;
    %or;
T_73.102;
    %cmp/u;
    %jmp/1 T_73.98, 6;
    %jmp T_73.99;
T_73.96 ;
    %load/vec4 v0xa524b63a0_0;
    %ix/load 4, 4, 0;
    %flag_set/imm 4, 0;
    %shiftl 4;
    %assign/vec4 v0xa524b63a0_0, 0;
    %jmp T_73.99;
T_73.97 ;
    %load/vec4 v0xa524b63a0_0;
    %ix/load 4, 4, 0;
    %flag_set/imm 4, 0;
    %shiftr 4;
    %assign/vec4 v0xa524b63a0_0, 0;
    %jmp T_73.99;
T_73.98 ;
    %load/vec4 v0xa524b63a0_0;
    %ix/load 4, 4, 0;
    %flag_set/imm 4, 0;
    %shiftr/s 4;
    %assign/vec4 v0xa524b63a0_0, 0;
    %jmp T_73.99;
T_73.99 ;
    %pop/vec4 1;
    %load/vec4 v0xa524b6620_0;
    %subi 4, 0, 5;
    %assign/vec4 v0xa524b6620_0, 0;
    %jmp T_73.94;
T_73.93 ;
    %pushi/vec4 1, 0, 1;
    %dup/vec4;
    %load/vec4 v0xa524b1e00_0;
    %flag_set/vec4 8;
    %flag_get/vec4 8;
    %jmp/1 T_73.107, 8;
    %load/vec4 v0xa524b1d60_0;
    %or;
T_73.107;
    %cmp/u;
    %jmp/1 T_73.103, 6;
    %dup/vec4;
    %load/vec4 v0xa524b2300_0;
    %flag_set/vec4 8;
    %flag_get/vec4 8;
    %jmp/1 T_73.108, 8;
    %load/vec4 v0xa524b2260_0;
    %or;
T_73.108;
    %cmp/u;
    %jmp/1 T_73.104, 6;
    %dup/vec4;
    %load/vec4 v0xa524b21c0_0;
    %flag_set/vec4 8;
    %flag_get/vec4 8;
    %jmp/1 T_73.109, 8;
    %load/vec4 v0xa524b2120_0;
    %or;
T_73.109;
    %cmp/u;
    %jmp/1 T_73.105, 6;
    %jmp T_73.106;
T_73.103 ;
    %load/vec4 v0xa524b63a0_0;
    %ix/load 4, 1, 0;
    %flag_set/imm 4, 0;
    %shiftl 4;
    %assign/vec4 v0xa524b63a0_0, 0;
    %jmp T_73.106;
T_73.104 ;
    %load/vec4 v0xa524b63a0_0;
    %ix/load 4, 1, 0;
    %flag_set/imm 4, 0;
    %shiftr 4;
    %assign/vec4 v0xa524b63a0_0, 0;
    %jmp T_73.106;
T_73.105 ;
    %load/vec4 v0xa524b63a0_0;
    %ix/load 4, 1, 0;
    %flag_set/imm 4, 0;
    %shiftr/s 4;
    %assign/vec4 v0xa524b63a0_0, 0;
    %jmp T_73.106;
T_73.106 ;
    %pop/vec4 1;
    %load/vec4 v0xa524b6620_0;
    %subi 1, 0, 5;
    %assign/vec4 v0xa524b6620_0, 0;
T_73.94 ;
T_73.92 ;
    %jmp T_73.15;
T_73.13 ;
    %load/vec4 v0xa524b3d40_0;
    %nor/r;
    %flag_set/vec4 8;
    %jmp/1 T_73.112, 8;
    %load/vec4 v0xa524b4000_0;
    %flag_set/vec4 9;
    %flag_or 8, 9;
T_73.112;
    %jmp/0xz  T_73.110, 8;
    %load/vec4 v0xa524b3f20_0;
    %nor/r;
    %flag_set/vec4 8;
    %jmp/0xz  T_73.113, 8;
    %pushi/vec4 1, 0, 1;
    %dup/vec4;
    %load/vec4 v0xa524b1b80_0;
    %cmp/u;
    %jmp/1 T_73.115, 6;
    %dup/vec4;
    %load/vec4 v0xa524b1cc0_0;
    %cmp/u;
    %jmp/1 T_73.116, 6;
    %dup/vec4;
    %load/vec4 v0xa524b2440_0;
    %cmp/u;
    %jmp/1 T_73.117, 6;
    %jmp T_73.118;
T_73.115 ;
    %pushi/vec4 2, 0, 2;
    %assign/vec4 v0xa524b4d20_0, 0;
    %jmp T_73.118;
T_73.116 ;
    %pushi/vec4 1, 0, 2;
    %assign/vec4 v0xa524b4d20_0, 0;
    %jmp T_73.118;
T_73.117 ;
    %pushi/vec4 0, 0, 2;
    %assign/vec4 v0xa524b4d20_0, 0;
    %jmp T_73.118;
T_73.118 ;
    %pop/vec4 1;
    %load/vec4 v0xa524b63a0_0;
    %load/vec4 v0xa524b0140_0;
    %add;
    %assign/vec4 v0xa524b63a0_0, 0;
    %pushi/vec4 1, 0, 1;
    %store/vec4 v0xa524b68a0_0, 0, 1;
T_73.113 ;
    %load/vec4 v0xa524b3d40_0;
    %nor/r;
    %flag_set/vec4 9;
    %flag_get/vec4 9;
    %jmp/0 T_73.121, 9;
    %load/vec4 v0xa524b4000_0;
    %and;
T_73.121;
    %flag_set/vec4 8;
    %jmp/0xz  T_73.119, 8;
    %pushi/vec4 64, 0, 8;
    %assign/vec4 v0xa524aef80_0, 0;
    %pushi/vec4 1, 0, 1;
    %assign/vec4 v0xa524b0640_0, 0;
    %pushi/vec4 1, 0, 1;
    %assign/vec4 v0xa524b0500_0, 0;
T_73.119 ;
T_73.110 ;
    %jmp T_73.15;
T_73.14 ;
    %pushi/vec4 1, 0, 1;
    %assign/vec4 v0xa524b3a20_0, 0;
    %load/vec4 v0xa524b3d40_0;
    %nor/r;
    %flag_set/vec4 8;
    %jmp/1 T_73.124, 8;
    %load/vec4 v0xa524b4000_0;
    %flag_set/vec4 9;
    %flag_or 8, 9;
T_73.124;
    %jmp/0xz  T_73.122, 8;
    %load/vec4 v0xa524b3de0_0;
    %nor/r;
    %flag_set/vec4 8;
    %jmp/0xz  T_73.125, 8;
    %pushi/vec4 1, 0, 1;
    %dup/vec4;
    %load/vec4 v0xa524b12c0_0;
    %flag_set/vec4 8;
    %flag_get/vec4 8;
    %jmp/1 T_73.131, 8;
    %load/vec4 v0xa524b1360_0;
    %or;
T_73.131;
    %cmp/u;
    %jmp/1 T_73.127, 6;
    %dup/vec4;
    %load/vec4 v0xa524b1400_0;
    %flag_set/vec4 8;
    %flag_get/vec4 8;
    %jmp/1 T_73.132, 8;
    %load/vec4 v0xa524b14a0_0;
    %or;
T_73.132;
    %cmp/u;
    %jmp/1 T_73.128, 6;
    %dup/vec4;
    %load/vec4 v0xa524b15e0_0;
    %cmp/u;
    %jmp/1 T_73.129, 6;
    %jmp T_73.130;
T_73.127 ;
    %pushi/vec4 2, 0, 2;
    %assign/vec4 v0xa524b4d20_0, 0;
    %jmp T_73.130;
T_73.128 ;
    %pushi/vec4 1, 0, 2;
    %assign/vec4 v0xa524b4d20_0, 0;
    %jmp T_73.130;
T_73.129 ;
    %pushi/vec4 0, 0, 2;
    %assign/vec4 v0xa524b4d20_0, 0;
    %jmp T_73.130;
T_73.130 ;
    %pop/vec4 1;
    %load/vec4 v0xa524b2f80_0;
    %assign/vec4 v0xa524b3840_0, 0;
    %load/vec4 v0xa524b1400_0;
    %assign/vec4 v0xa524b37a0_0, 0;
    %load/vec4 v0xa524b12c0_0;
    %assign/vec4 v0xa524b3700_0, 0;
    %load/vec4 v0xa524b63a0_0;
    %load/vec4 v0xa524b0140_0;
    %add;
    %assign/vec4 v0xa524b63a0_0, 0;
    %pushi/vec4 1, 0, 1;
    %store/vec4 v0xa524b6760_0, 0, 1;
T_73.125 ;
    %load/vec4 v0xa524b3d40_0;
    %nor/r;
    %flag_set/vec4 9;
    %flag_get/vec4 9;
    %jmp/0 T_73.135, 9;
    %load/vec4 v0xa524b4000_0;
    %and;
T_73.135;
    %flag_set/vec4 8;
    %jmp/0xz  T_73.133, 8;
    %pushi/vec4 1, 0, 1;
    %dup/vec4;
    %load/vec4 v0xa524b3840_0;
    %cmp/u;
    %jmp/1 T_73.136, 6;
    %dup/vec4;
    %load/vec4 v0xa524b37a0_0;
    %cmp/u;
    %jmp/1 T_73.137, 6;
    %dup/vec4;
    %load/vec4 v0xa524b3700_0;
    %cmp/u;
    %jmp/1 T_73.138, 6;
    %jmp T_73.139;
T_73.136 ;
    %load/vec4 v0xa524b4a00_0;
    %assign/vec4 v0xa524b64e0_0, 0;
    %jmp T_73.139;
T_73.137 ;
    %load/vec4 v0xa524b4a00_0;
    %parti/s 16, 0, 2;
    %pad/s 32;
    %assign/vec4 v0xa524b64e0_0, 0;
    %jmp T_73.139;
T_73.138 ;
    %load/vec4 v0xa524b4a00_0;
    %parti/s 8, 0, 2;
    %pad/s 32;
    %assign/vec4 v0xa524b64e0_0, 0;
    %jmp T_73.139;
T_73.139 ;
    %pop/vec4 1;
    %pushi/vec4 1, 0, 1;
    %assign/vec4 v0xa524b0640_0, 0;
    %pushi/vec4 1, 0, 1;
    %assign/vec4 v0xa524b0500_0, 0;
    %pushi/vec4 64, 0, 8;
    %assign/vec4 v0xa524aef80_0, 0;
T_73.133 ;
T_73.122 ;
    %jmp T_73.15;
T_73.15 ;
    %pop/vec4 1;
T_73.6 ;
    %pushi/vec4 1, 0, 1;
    %flag_set/vec4 10;
    %flag_get/vec4 10;
    %jmp/0 T_73.143, 10;
    %load/vec4 v0xa524b66c0_0;
    %and;
T_73.143;
    %flag_set/vec4 9;
    %flag_get/vec4 9;
    %jmp/0 T_73.142, 9;
    %load/vec4 v0xa524b3de0_0;
    %flag_set/vec4 9;
    %flag_get/vec4 9;
    %jmp/1 T_73.144, 9;
    %load/vec4 v0xa524b3f20_0;
    %or;
T_73.144;
    %and;
T_73.142;
    %flag_set/vec4 8;
    %jmp/0xz  T_73.140, 8;
    %load/vec4 v0xa524b4d20_0;
    %pad/u 32;
    %cmpi/e 0, 0, 32;
    %flag_get/vec4 4;
    %jmp/0 T_73.147, 4;
    %load/vec4 v0xa524b63a0_0;
    %parti/s 2, 0, 2;
    %pad/u 32;
    %pushi/vec4 0, 0, 32;
    %cmp/ne;
    %flag_get/vec4 4;
    %and;
T_73.147;
    %flag_set/vec4 8;
    %jmp/0xz  T_73.145, 8;
    %pushi/vec4 128, 0, 8;
    %assign/vec4 v0xa524aef80_0, 0;
T_73.145 ;
    %load/vec4 v0xa524b4d20_0;
    %pad/u 32;
    %cmpi/e 1, 0, 32;
    %flag_get/vec4 4;
    %jmp/0 T_73.150, 4;
    %load/vec4 v0xa524b63a0_0;
    %parti/s 1, 0, 2;
    %pad/u 32;
    %pushi/vec4 0, 0, 32;
    %cmp/ne;
    %flag_get/vec4 4;
    %and;
T_73.150;
    %flag_set/vec4 8;
    %jmp/0xz  T_73.148, 8;
    %pushi/vec4 128, 0, 8;
    %assign/vec4 v0xa524aef80_0, 0;
T_73.148 ;
T_73.140 ;
    %pushi/vec4 1, 0, 1;
    %flag_set/vec4 11;
    %flag_get/vec4 11;
    %jmp/0 T_73.155, 11;
    %load/vec4 v0xa524b66c0_0;
    %and;
T_73.155;
    %flag_set/vec4 10;
    %flag_get/vec4 10;
    %jmp/0 T_73.154, 10;
    %load/vec4 v0xa524b3e80_0;
    %and;
T_73.154;
    %flag_set/vec4 9;
    %flag_get/vec4 9;
    %jmp/0 T_73.153, 9;
    %load/vec4 v0xa524b6580_0;
    %parti/s 2, 0, 2;
    %or/r;
    %and;
T_73.153;
    %flag_set/vec4 8;
    %jmp/0xz  T_73.151, 8;
    %pushi/vec4 128, 0, 8;
    %assign/vec4 v0xa524aef80_0, 0;
T_73.151 ;
    %load/vec4 v0xa524b66c0_0;
    %nor/r;
    %flag_set/vec4 8;
    %jmp/1 T_73.158, 8;
    %load/vec4 v0xa524b4000_0;
    %flag_set/vec4 9;
    %flag_or 8, 9;
T_73.158;
    %jmp/0xz  T_73.156, 8;
    %pushi/vec4 0, 0, 1;
    %assign/vec4 v0xa524b3d40_0, 0;
    %pushi/vec4 0, 0, 1;
    %assign/vec4 v0xa524b3e80_0, 0;
    %pushi/vec4 0, 0, 1;
    %assign/vec4 v0xa524b3de0_0, 0;
    %pushi/vec4 0, 0, 1;
    %assign/vec4 v0xa524b3f20_0, 0;
T_73.156 ;
    %load/vec4 v0xa524b6800_0;
    %flag_set/vec4 8;
    %jmp/0xz  T_73.159, 8;
    %pushi/vec4 1, 0, 1;
    %assign/vec4 v0xa524b3e80_0, 0;
T_73.159 ;
    %load/vec4 v0xa524b6760_0;
    %flag_set/vec4 8;
    %jmp/0xz  T_73.161, 8;
    %pushi/vec4 1, 0, 1;
    %assign/vec4 v0xa524b3de0_0, 0;
T_73.161 ;
    %load/vec4 v0xa524b68a0_0;
    %flag_set/vec4 8;
    %jmp/0xz  T_73.163, 8;
    %pushi/vec4 1, 0, 1;
    %assign/vec4 v0xa524b3f20_0, 0;
T_73.163 ;
    %load/vec4 v0xa524b5040_0;
    %pushi/vec4 4294967295, 0, 32;
    %and;
    %assign/vec4 v0xa524b2a80_0, 0;
    %pushi/vec4 4294967295, 4294967295, 32;
    %store/vec4 v0xa524af340_0, 0, 32;
    %jmp T_73;
    .thread T_73;
    .scope S_0xa52959380;
T_74 ;
    %wait E_0xa52478b00;
    %load/vec4 v0xa524ac140_0;
    %parti/s 1, 0, 2;
    %flag_set/vec4 8;
    %jmp/0xz  T_74.0, 8;
    %load/vec4 v0xa524abf20_0;
    %parti/s 8, 0, 2;
    %load/vec4 v0xa524abde0_0;
    %pad/u 10;
    %ix/vec4 3;
    %ix/load 4, 0, 0; Constant delay
    %assign/vec4/a/d v0xa524ac0a0, 0, 4;
T_74.0 ;
    %load/vec4 v0xa524ac140_0;
    %parti/s 1, 1, 2;
    %flag_set/vec4 8;
    %jmp/0xz  T_74.2, 8;
    %load/vec4 v0xa524abf20_0;
    %parti/s 8, 8, 5;
    %load/vec4 v0xa524abde0_0;
    %pad/u 10;
    %ix/vec4 3;
    %ix/load 4, 8, 0; part off
    %ix/load 5, 0, 0; Constant delay
    %assign/vec4/a/d v0xa524ac0a0, 4, 5;
T_74.2 ;
    %load/vec4 v0xa524ac140_0;
    %parti/s 1, 2, 3;
    %flag_set/vec4 8;
    %jmp/0xz  T_74.4, 8;
    %load/vec4 v0xa524abf20_0;
    %parti/s 8, 16, 6;
    %load/vec4 v0xa524abde0_0;
    %pad/u 10;
    %ix/vec4 3;
    %ix/load 4, 16, 0; part off
    %ix/load 5, 0, 0; Constant delay
    %assign/vec4/a/d v0xa524ac0a0, 4, 5;
T_74.4 ;
    %load/vec4 v0xa524ac140_0;
    %parti/s 1, 3, 3;
    %flag_set/vec4 8;
    %jmp/0xz  T_74.6, 8;
    %load/vec4 v0xa524abf20_0;
    %parti/s 8, 24, 6;
    %load/vec4 v0xa524abde0_0;
    %pad/u 10;
    %ix/vec4 3;
    %ix/load 4, 24, 0; part off
    %ix/load 5, 0, 0; Constant delay
    %assign/vec4/a/d v0xa524ac0a0, 4, 5;
T_74.6 ;
    %load/vec4 v0xa524abde0_0;
    %pad/u 10;
    %ix/vec4 4;
    %load/vec4a v0xa524ac0a0, 4;
    %assign/vec4 v0xa524ac000_0, 0;
    %jmp T_74;
    .thread T_74;
    .scope S_0xa5295a100;
T_75 ;
    %pushi/vec4 0, 0, 2;
    %store/vec4 v0xa524b8960_0, 0, 2;
    %pushi/vec4 0, 0, 9;
    %store/vec4 v0xa524b8640_0, 0, 9;
    %pushi/vec4 0, 0, 3;
    %store/vec4 v0xa524b8460_0, 0, 3;
    %pushi/vec4 0, 0, 8;
    %store/vec4 v0xa524b8820_0, 0, 8;
    %end;
    .thread T_75, $init;
    .scope S_0xa5295a100;
T_76 ;
    %wait E_0xa52478e00;
    %load/vec4 v0xa524b8780_0;
    %nor/r;
    %flag_set/vec4 8;
    %jmp/0xz  T_76.0, 8;
    %pushi/vec4 0, 0, 2;
    %assign/vec4 v0xa524b8960_0, 0;
    %pushi/vec4 1, 0, 1;
    %assign/vec4 v0xa524b8a00_0, 0;
    %pushi/vec4 0, 0, 1;
    %assign/vec4 v0xa524b8500_0, 0;
    %jmp T_76.1;
T_76.0 ;
    %load/vec4 v0xa524b8960_0;
    %dup/vec4;
    %pushi/vec4 0, 0, 2;
    %cmp/u;
    %jmp/1 T_76.2, 6;
    %dup/vec4;
    %pushi/vec4 1, 0, 2;
    %cmp/u;
    %jmp/1 T_76.3, 6;
    %dup/vec4;
    %pushi/vec4 2, 0, 2;
    %cmp/u;
    %jmp/1 T_76.4, 6;
    %dup/vec4;
    %pushi/vec4 3, 0, 2;
    %cmp/u;
    %jmp/1 T_76.5, 6;
    %jmp T_76.6;
T_76.2 ;
    %pushi/vec4 1, 0, 1;
    %assign/vec4 v0xa524b8a00_0, 0;
    %pushi/vec4 0, 0, 1;
    %assign/vec4 v0xa524b8500_0, 0;
    %load/vec4 v0xa524b88c0_0;
    %flag_set/vec4 8;
    %jmp/0xz  T_76.7, 8;
    %load/vec4 v0xa524b86e0_0;
    %assign/vec4 v0xa524b8820_0, 0;
    %pushi/vec4 7, 0, 9;
    %assign/vec4 v0xa524b8640_0, 0;
    %pushi/vec4 1, 0, 1;
    %assign/vec4 v0xa524b8500_0, 0;
    %pushi/vec4 0, 0, 1;
    %assign/vec4 v0xa524b8a00_0, 0;
    %pushi/vec4 1, 0, 2;
    %assign/vec4 v0xa524b8960_0, 0;
T_76.7 ;
    %jmp T_76.6;
T_76.3 ;
    %load/vec4 v0xa524b8640_0;
    %pad/u 32;
    %cmpi/e 0, 0, 32;
    %jmp/0xz  T_76.9, 4;
    %load/vec4 v0xa524b8820_0;
    %parti/s 1, 0, 2;
    %assign/vec4 v0xa524b8a00_0, 0;
    %pushi/vec4 1, 0, 1;
    %load/vec4 v0xa524b8820_0;
    %parti/s 7, 1, 2;
    %concat/vec4; draw_concat_vec4
    %assign/vec4 v0xa524b8820_0, 0;
    %pushi/vec4 7, 0, 9;
    %assign/vec4 v0xa524b8640_0, 0;
    %pushi/vec4 0, 0, 3;
    %assign/vec4 v0xa524b8460_0, 0;
    %pushi/vec4 2, 0, 2;
    %assign/vec4 v0xa524b8960_0, 0;
    %jmp T_76.10;
T_76.9 ;
    %load/vec4 v0xa524b8640_0;
    %subi 1, 0, 9;
    %assign/vec4 v0xa524b8640_0, 0;
T_76.10 ;
    %jmp T_76.6;
T_76.4 ;
    %load/vec4 v0xa524b8640_0;
    %pad/u 32;
    %cmpi/e 0, 0, 32;
    %jmp/0xz  T_76.11, 4;
    %load/vec4 v0xa524b8460_0;
    %pad/u 32;
    %cmpi/e 7, 0, 32;
    %jmp/0xz  T_76.13, 4;
    %pushi/vec4 1, 0, 1;
    %assign/vec4 v0xa524b8a00_0, 0;
    %pushi/vec4 7, 0, 9;
    %assign/vec4 v0xa524b8640_0, 0;
    %pushi/vec4 3, 0, 2;
    %assign/vec4 v0xa524b8960_0, 0;
    %jmp T_76.14;
T_76.13 ;
    %load/vec4 v0xa524b8460_0;
    %addi 1, 0, 3;
    %assign/vec4 v0xa524b8460_0, 0;
    %load/vec4 v0xa524b8820_0;
    %parti/s 1, 0, 2;
    %assign/vec4 v0xa524b8a00_0, 0;
    %pushi/vec4 1, 0, 1;
    %load/vec4 v0xa524b8820_0;
    %parti/s 7, 1, 2;
    %concat/vec4; draw_concat_vec4
    %assign/vec4 v0xa524b8820_0, 0;
    %pushi/vec4 7, 0, 9;
    %assign/vec4 v0xa524b8640_0, 0;
T_76.14 ;
    %jmp T_76.12;
T_76.11 ;
    %load/vec4 v0xa524b8640_0;
    %subi 1, 0, 9;
    %assign/vec4 v0xa524b8640_0, 0;
T_76.12 ;
    %jmp T_76.6;
T_76.5 ;
    %load/vec4 v0xa524b8640_0;
    %pad/u 32;
    %cmpi/e 0, 0, 32;
    %jmp/0xz  T_76.15, 4;
    %pushi/vec4 1, 0, 1;
    %assign/vec4 v0xa524b8a00_0, 0;
    %pushi/vec4 0, 0, 1;
    %assign/vec4 v0xa524b8500_0, 0;
    %pushi/vec4 0, 0, 2;
    %assign/vec4 v0xa524b8960_0, 0;
    %jmp T_76.16;
T_76.15 ;
    %load/vec4 v0xa524b8640_0;
    %subi 1, 0, 9;
    %assign/vec4 v0xa524b8640_0, 0;
T_76.16 ;
    %jmp T_76.6;
T_76.6 ;
    %pop/vec4 1;
T_76.1 ;
    %jmp T_76;
    .thread T_76;
    .scope S_0xa52959200;
T_77 ;
    %pushi/vec4 0, 0, 4;
    %store/vec4 v0xa524ba760_0, 0, 4;
    %pushi/vec4 0, 0, 1;
    %store/vec4 v0xa524b9b80_0, 0, 1;
    %pushi/vec4 63, 0, 6;
    %store/vec4 v0xa524b9ea0_0, 0, 6;
    %pushi/vec4 0, 0, 1;
    %store/vec4 v0xa524ba9e0_0, 0, 1;
    %pushi/vec4 0, 0, 1;
    %store/vec4 v0xa524b9a40_0, 0, 1;
    %pushi/vec4 0, 0, 8;
    %store/vec4 v0xa524b99a0_0, 0, 8;
    %end;
    .thread T_77, $init;
    .scope S_0xa52959200;
T_78 ;
    %wait E_0xa52478b00;
    %load/vec4 v0xa524ba760_0;
    %parti/s 3, 0, 2;
    %load/vec4 v0xa524ba620_0;
    %concat/vec4; draw_concat_vec4
    %assign/vec4 v0xa524ba760_0, 0;
    %jmp T_78;
    .thread T_78;
    .scope S_0xa52959200;
T_79 ;
    %wait E_0xa52478b00;
    %load/vec4 v0xa524b9860_0;
    %assign/vec4 v0xa524b9680_0, 0;
    %jmp T_79;
    .thread T_79;
    .scope S_0xa52959200;
T_80 ;
    %wait E_0xa52478b00;
    %pushi/vec4 0, 0, 1;
    %assign/vec4 v0xa524b9b80_0, 0;
    %load/vec4 v0xa524b9ae0_0;
    %load/vec4 v0xa524b9c20_0;
    %and;
    %flag_set/vec4 8;
    %jmp/0xz  T_80.0, 8;
    %pushi/vec4 1, 0, 1;
    %assign/vec4 v0xa524b9b80_0, 0;
    %load/vec4 v0xa524ba3a0_0;
    %parti/s 1, 0, 2;
    %flag_set/vec4 8;
    %jmp/0xz  T_80.2, 8;
    %load/vec4 v0xa524ba1c0_0;
    %parti/s 6, 0, 2;
    %assign/vec4 v0xa524b9ea0_0, 0;
T_80.2 ;
T_80.0 ;
    %jmp T_80;
    .thread T_80;
    .scope S_0xa52959200;
T_81 ;
    %wait E_0xa52478b00;
    %pushi/vec4 0, 0, 1;
    %assign/vec4 v0xa524ba9e0_0, 0;
    %pushi/vec4 0, 0, 1;
    %assign/vec4 v0xa524b9a40_0, 0;
    %load/vec4 v0xa524b9ae0_0;
    %load/vec4 v0xa524bab20_0;
    %and;
    %flag_set/vec4 8;
    %jmp/0xz  T_81.0, 8;
    %pushi/vec4 1, 0, 1;
    %assign/vec4 v0xa524ba9e0_0, 0;
    %load/vec4 v0xa524ba3a0_0;
    %parti/s 1, 0, 2;
    %flag_set/vec4 9;
    %flag_get/vec4 9;
    %jmp/0 T_81.4, 9;
    %load/vec4 v0xa524ba940_0;
    %nor/r;
    %and;
T_81.4;
    %flag_set/vec4 8;
    %jmp/0xz  T_81.2, 8;
    %load/vec4 v0xa524ba1c0_0;
    %parti/s 8, 0, 2;
    %assign/vec4 v0xa524b99a0_0, 0;
    %pushi/vec4 1, 0, 1;
    %assign/vec4 v0xa524b9a40_0, 0;
T_81.2 ;
T_81.0 ;
    %jmp T_81;
    .thread T_81;
    .scope S_0x101339860;
T_82 ;
    %pushi/vec4 0, 0, 1;
    %store/vec4 v0xa524bb2a0_0, 0, 1;
    %pushi/vec4 0, 0, 1;
    %store/vec4 v0xa524bb700_0, 0, 1;
    %pushi/vec4 1, 0, 1;
    %store/vec4 v0xa524bb7a0_0, 0, 1;
    %end;
    .thread T_82, $init;
    .scope S_0x101339860;
T_83 ;
    %delay 5000, 0;
    %load/vec4 v0xa524bb2a0_0;
    %inv;
    %store/vec4 v0xa524bb2a0_0, 0, 1;
    %jmp T_83;
    .thread T_83;
    .scope S_0x101339860;
T_84 ;
    %pushi/vec4 0, 0, 32;
    %store/vec4 v0xa524bb480_0, 0, 32;
    %vpi_call/w 4 105 "$dumpfile", "tb_reload.vcd" {0 0 0};
    %vpi_call/w 4 105 "$dumpvars", 32'sb00000000000000000000000000000000, S_0x101339860 {0 0 0};
    %vpi_call/w 4 106 "$display", "\012============================================================" {0 0 0};
    %vpi_call/w 4 107 "$display", " RESET'SIZ ARDISIK YUKLEME TESTI" {0 0 0};
    %vpi_call/w 4 108 "$display", "============================================================" {0 0 0};
    %pushi/vec4 0, 0, 1;
    %store/vec4 v0xa524bb700_0, 0, 1;
    %pushi/vec4 10, 0, 32;
T_84.0 %dup/vec4;
    %cmpi/s 0, 0, 32;
    %jmp/1xz T_84.1, 5;
    %jmp/1 T_84.1, 4;
    %subi 1, 0, 32;
    %wait E_0xa52478b00;
    %jmp T_84.0;
T_84.1 ;
    %pop/vec4 1;
    %pushi/vec4 1, 0, 1;
    %store/vec4 v0xa524bb700_0, 0, 1;
    %pushi/vec4 10, 0, 32;
T_84.2 %dup/vec4;
    %cmpi/s 0, 0, 32;
    %jmp/1xz T_84.3, 5;
    %jmp/1 T_84.3, 4;
    %subi 1, 0, 32;
    %wait E_0xa52478b00;
    %jmp T_84.2;
T_84.3 ;
    %pop/vec4 1;
    %vpi_call/w 4 113 "$display", " 1) test1_math yukle + RUN (beklenen 13):" {0 0 0};
    %pushi/vec4 0, 0, 32; draw_string_vec4
    %pushi/vec4 0, 0, 32; draw_string_vec4
    %concat/vec4; draw_string_vec4
    %pushi/vec4 0, 0, 32; draw_string_vec4
    %concat/vec4; draw_string_vec4
    %pushi/vec4 0, 0, 32; draw_string_vec4
    %concat/vec4; draw_string_vec4
    %pushi/vec4 0, 0, 32; draw_string_vec4
    %concat/vec4; draw_string_vec4
    %pushi/vec4 0, 0, 32; draw_string_vec4
    %concat/vec4; draw_string_vec4
    %pushi/vec4 0, 0, 32; draw_string_vec4
    %concat/vec4; draw_string_vec4
    %pushi/vec4 0, 0, 32; draw_string_vec4
    %concat/vec4; draw_string_vec4
    %pushi/vec4 0, 0, 32; draw_string_vec4
    %concat/vec4; draw_string_vec4
    %pushi/vec4 0, 0, 32; draw_string_vec4
    %concat/vec4; draw_string_vec4
    %pushi/vec4 0, 0, 32; draw_string_vec4
    %concat/vec4; draw_string_vec4
    %pushi/vec4 0, 0, 32; draw_string_vec4
    %concat/vec4; draw_string_vec4
    %pushi/vec4 0, 0, 32; draw_string_vec4
    %concat/vec4; draw_string_vec4
    %pushi/vec4 0, 0, 32; draw_string_vec4
    %concat/vec4; draw_string_vec4
    %pushi/vec4 0, 0, 32; draw_string_vec4
    %concat/vec4; draw_string_vec4
    %pushi/vec4 0, 0, 32; draw_string_vec4
    %concat/vec4; draw_string_vec4
    %pushi/vec4 0, 0, 32; draw_string_vec4
    %concat/vec4; draw_string_vec4
    %pushi/vec4 0, 0, 32; draw_string_vec4
    %concat/vec4; draw_string_vec4
    %pushi/vec4 0, 0, 32; draw_string_vec4
    %concat/vec4; draw_string_vec4
    %pushi/vec4 0, 0, 32; draw_string_vec4
    %concat/vec4; draw_string_vec4
    %pushi/vec4 0, 0, 32; draw_string_vec4
    %concat/vec4; draw_string_vec4
    %pushi/vec4 0, 0, 32; draw_string_vec4
    %concat/vec4; draw_string_vec4
    %pushi/vec4 0, 0, 32; draw_string_vec4
    %concat/vec4; draw_string_vec4
    %pushi/vec4 0, 0, 32; draw_string_vec4
    %concat/vec4; draw_string_vec4
    %pushi/vec4 46, 0, 32; draw_string_vec4
    %concat/vec4; draw_string_vec4
    %pushi/vec4 774857333, 0, 32; draw_string_vec4
    %concat/vec4; draw_string_vec4
    %pushi/vec4 1768711215, 0, 32; draw_string_vec4
    %concat/vec4; draw_string_vec4
    %pushi/vec4 1952805748, 0, 32; draw_string_vec4
    %concat/vec4; draw_string_vec4
    %pushi/vec4 828337505, 0, 32; draw_string_vec4
    %concat/vec4; draw_string_vec4
    %pushi/vec4 1952984695, 0, 32; draw_string_vec4
    %concat/vec4; draw_string_vec4
    %pushi/vec4 1869767795, 0, 32; draw_string_vec4
    %concat/vec4; draw_string_vec4
    %pushi/vec4 778593656, 0, 32; draw_string_vec4
    %concat/vec4; draw_string_vec4
    %store/vec4 v0xa524bae40_0, 0, 1024;
    %pushi/vec4 11, 0, 32;
    %store/vec4 v0xa524bada0_0, 0, 32;
    %fork TD_tb_reload.load_and_run, S_0xa5295a280;
    %join;
    %fork TD_tb_reload.recv_byte, S_0xa5295a400;
    %join;
    %load/vec4 v0xa524baf80_0;
    %store/vec4 v0xa524bb660_0, 0, 8;
    %vpi_call/w 4 116 "$display", "    -> CPU sonucu = %0d (0x%02x)", v0xa524bb660_0, v0xa524bb660_0 {0 0 0};
    %load/vec4 v0xa524bb660_0;
    %cmpi/ne 13, 0, 8;
    %jmp/0xz  T_84.4, 6;
    %vpi_call/w 4 117 "$display", "    [HATA] 13 degil!" {0 0 0};
    %load/vec4 v0xa524bb480_0;
    %addi 1, 0, 32;
    %store/vec4 v0xa524bb480_0, 0, 32;
T_84.4 ;
    %vpi_call/w 4 119 "$display", " 2) RESET YOK; test2_loop yukle + RUN (beklenen 36):" {0 0 0};
    %pushi/vec4 0, 0, 32; draw_string_vec4
    %pushi/vec4 0, 0, 32; draw_string_vec4
    %concat/vec4; draw_string_vec4
    %pushi/vec4 0, 0, 32; draw_string_vec4
    %concat/vec4; draw_string_vec4
    %pushi/vec4 0, 0, 32; draw_string_vec4
    %concat/vec4; draw_string_vec4
    %pushi/vec4 0, 0, 32; draw_string_vec4
    %concat/vec4; draw_string_vec4
    %pushi/vec4 0, 0, 32; draw_string_vec4
    %concat/vec4; draw_string_vec4
    %pushi/vec4 0, 0, 32; draw_string_vec4
    %concat/vec4; draw_string_vec4
    %pushi/vec4 0, 0, 32; draw_string_vec4
    %concat/vec4; draw_string_vec4
    %pushi/vec4 0, 0, 32; draw_string_vec4
    %concat/vec4; draw_string_vec4
    %pushi/vec4 0, 0, 32; draw_string_vec4
    %concat/vec4; draw_string_vec4
    %pushi/vec4 0, 0, 32; draw_string_vec4
    %concat/vec4; draw_string_vec4
    %pushi/vec4 0, 0, 32; draw_string_vec4
    %concat/vec4; draw_string_vec4
    %pushi/vec4 0, 0, 32; draw_string_vec4
    %concat/vec4; draw_string_vec4
    %pushi/vec4 0, 0, 32; draw_string_vec4
    %concat/vec4; draw_string_vec4
    %pushi/vec4 0, 0, 32; draw_string_vec4
    %concat/vec4; draw_string_vec4
    %pushi/vec4 0, 0, 32; draw_string_vec4
    %concat/vec4; draw_string_vec4
    %pushi/vec4 0, 0, 32; draw_string_vec4
    %concat/vec4; draw_string_vec4
    %pushi/vec4 0, 0, 32; draw_string_vec4
    %concat/vec4; draw_string_vec4
    %pushi/vec4 0, 0, 32; draw_string_vec4
    %concat/vec4; draw_string_vec4
    %pushi/vec4 0, 0, 32; draw_string_vec4
    %concat/vec4; draw_string_vec4
    %pushi/vec4 0, 0, 32; draw_string_vec4
    %concat/vec4; draw_string_vec4
    %pushi/vec4 0, 0, 32; draw_string_vec4
    %concat/vec4; draw_string_vec4
    %pushi/vec4 0, 0, 32; draw_string_vec4
    %concat/vec4; draw_string_vec4
    %pushi/vec4 0, 0, 32; draw_string_vec4
    %concat/vec4; draw_string_vec4
    %pushi/vec4 46, 0, 32; draw_string_vec4
    %concat/vec4; draw_string_vec4
    %pushi/vec4 774857333, 0, 32; draw_string_vec4
    %concat/vec4; draw_string_vec4
    %pushi/vec4 1768711215, 0, 32; draw_string_vec4
    %concat/vec4; draw_string_vec4
    %pushi/vec4 1952805748, 0, 32; draw_string_vec4
    %concat/vec4; draw_string_vec4
    %pushi/vec4 845114479, 0, 32; draw_string_vec4
    %concat/vec4; draw_string_vec4
    %pushi/vec4 1869622903, 0, 32; draw_string_vec4
    %concat/vec4; draw_string_vec4
    %pushi/vec4 1869767795, 0, 32; draw_string_vec4
    %concat/vec4; draw_string_vec4
    %pushi/vec4 778593656, 0, 32; draw_string_vec4
    %concat/vec4; draw_string_vec4
    %store/vec4 v0xa524bae40_0, 0, 1024;
    %pushi/vec4 14, 0, 32;
    %store/vec4 v0xa524bada0_0, 0, 32;
    %fork TD_tb_reload.load_and_run, S_0xa5295a280;
    %join;
    %fork TD_tb_reload.recv_byte, S_0xa5295a400;
    %join;
    %load/vec4 v0xa524baf80_0;
    %store/vec4 v0xa524bb660_0, 0, 8;
    %vpi_call/w 4 122 "$display", "    -> CPU sonucu = %0d (0x%02x)", v0xa524bb660_0, v0xa524bb660_0 {0 0 0};
    %load/vec4 v0xa524bb660_0;
    %cmpi/ne 36, 0, 8;
    %jmp/0xz  T_84.6, 6;
    %vpi_call/w 4 123 "$display", "    [HATA] 36 degil!" {0 0 0};
    %load/vec4 v0xa524bb480_0;
    %addi 1, 0, 32;
    %store/vec4 v0xa524bb480_0, 0, 32;
T_84.6 ;
    %vpi_call/w 4 125 "$display", "------------------------------------------------------------" {0 0 0};
    %load/vec4 v0xa524bb480_0;
    %cmpi/e 0, 0, 32;
    %jmp/0xz  T_84.8, 4;
    %vpi_call/w 4 127 "$display", " SONUC: GECTI \342\200\224 reset atmadan ikinci program yuklendi/calisti" {0 0 0};
    %jmp T_84.9;
T_84.8 ;
    %vpi_call/w 4 129 "$display", " SONUC: KALDI (%0d hata)", v0xa524bb480_0 {0 0 0};
T_84.9 ;
    %vpi_call/w 4 130 "$display", "============================================================\012" {0 0 0};
    %vpi_call/w 4 131 "$finish" {0 0 0};
    %end;
    .thread T_84;
    .scope S_0x101339860;
T_85 ;
    %delay 2690588672, 18;
    %vpi_call/w 4 134 "$display", "HATA: WATCHDOG" {0 0 0};
    %vpi_call/w 4 134 "$finish" {0 0 0};
    %end;
    .thread T_85;
# The file index is used to find the file name in the following table.
:file_names 10;
    "N/A";
    "<interactive>";
    "-";
    "../rtl/picorv32.v";
    "tb_reload.v";
    "../rtl/top_loader.v";
    "../rtl/bram_mem.v";
    "../rtl/loader.v";
    "../rtl/uart_rx.v";
    "../rtl/uart_tx.v";
