#! /opt/homebrew/Cellar/icarus-verilog/13.0/bin/vvp
:ivl_version "13.0 (stable)" "(v13_0)";
:ivl_delay_selection "TYPICAL";
:vpi_time_precision - 12;
:vpi_module "/opt/homebrew/Cellar/icarus-verilog/13.0/lib/ivl/system.vpi";
:vpi_module "/opt/homebrew/Cellar/icarus-verilog/13.0/lib/ivl/vhdl_sys.vpi";
:vpi_module "/opt/homebrew/Cellar/icarus-verilog/13.0/lib/ivl/vhdl_textio.vpi";
:vpi_module "/opt/homebrew/Cellar/icarus-verilog/13.0/lib/ivl/v2005_math.vpi";
:vpi_module "/opt/homebrew/Cellar/icarus-verilog/13.0/lib/ivl/va_math.vpi";
:vpi_module "/opt/homebrew/Cellar/icarus-verilog/13.0/lib/ivl/v2009.vpi";
S_0x104e0a8a0 .scope package, "$unit" "$unit" 2 1;
 .timescale 0 0;
S_0x104e06cf0 .scope module, "picorv32_axi" "picorv32_axi" 3 2517;
 .timescale -9 -12;
    .port_info 0 /INPUT 1 "clk";
    .port_info 1 /INPUT 1 "resetn";
    .port_info 2 /OUTPUT 1 "trap";
    .port_info 3 /OUTPUT 1 "mem_axi_awvalid";
    .port_info 4 /INPUT 1 "mem_axi_awready";
    .port_info 5 /OUTPUT 32 "mem_axi_awaddr";
    .port_info 6 /OUTPUT 3 "mem_axi_awprot";
    .port_info 7 /OUTPUT 1 "mem_axi_wvalid";
    .port_info 8 /INPUT 1 "mem_axi_wready";
    .port_info 9 /OUTPUT 32 "mem_axi_wdata";
    .port_info 10 /OUTPUT 4 "mem_axi_wstrb";
    .port_info 11 /INPUT 1 "mem_axi_bvalid";
    .port_info 12 /OUTPUT 1 "mem_axi_bready";
    .port_info 13 /OUTPUT 1 "mem_axi_arvalid";
    .port_info 14 /INPUT 1 "mem_axi_arready";
    .port_info 15 /OUTPUT 32 "mem_axi_araddr";
    .port_info 16 /OUTPUT 3 "mem_axi_arprot";
    .port_info 17 /INPUT 1 "mem_axi_rvalid";
    .port_info 18 /OUTPUT 1 "mem_axi_rready";
    .port_info 19 /INPUT 32 "mem_axi_rdata";
    .port_info 20 /OUTPUT 1 "pcpi_valid";
    .port_info 21 /OUTPUT 32 "pcpi_insn";
    .port_info 22 /OUTPUT 32 "pcpi_rs1";
    .port_info 23 /OUTPUT 32 "pcpi_rs2";
    .port_info 24 /INPUT 1 "pcpi_wr";
    .port_info 25 /INPUT 32 "pcpi_rd";
    .port_info 26 /INPUT 1 "pcpi_wait";
    .port_info 27 /INPUT 1 "pcpi_ready";
    .port_info 28 /INPUT 32 "irq";
    .port_info 29 /OUTPUT 32 "eoi";
    .port_info 30 /OUTPUT 1 "trace_valid";
    .port_info 31 /OUTPUT 36 "trace_data";
P_0x104e134a0 .param/l "BARREL_SHIFTER" 0 3 2523, C4<0>;
P_0x104e134e0 .param/l "CATCH_ILLINSN" 0 3 2528, C4<1>;
P_0x104e13520 .param/l "CATCH_MISALIGN" 0 3 2527, C4<1>;
P_0x104e13560 .param/l "COMPRESSED_ISA" 0 3 2526, C4<0>;
P_0x104e135a0 .param/l "ENABLE_COUNTERS" 0 3 2518, C4<1>;
P_0x104e135e0 .param/l "ENABLE_COUNTERS64" 0 3 2519, C4<1>;
P_0x104e13620 .param/l "ENABLE_DIV" 0 3 2532, C4<0>;
P_0x104e13660 .param/l "ENABLE_FAST_MUL" 0 3 2531, C4<0>;
P_0x104e136a0 .param/l "ENABLE_IRQ" 0 3 2533, C4<0>;
P_0x104e136e0 .param/l "ENABLE_IRQ_QREGS" 0 3 2534, C4<1>;
P_0x104e13720 .param/l "ENABLE_IRQ_TIMER" 0 3 2535, C4<1>;
P_0x104e13760 .param/l "ENABLE_MUL" 0 3 2530, C4<0>;
P_0x104e137a0 .param/l "ENABLE_PCPI" 0 3 2529, C4<0>;
P_0x104e137e0 .param/l "ENABLE_REGS_16_31" 0 3 2520, C4<1>;
P_0x104e13820 .param/l "ENABLE_REGS_DUALPORT" 0 3 2521, C4<1>;
P_0x104e13860 .param/l "ENABLE_TRACE" 0 3 2536, C4<0>;
P_0x104e138a0 .param/l "LATCHED_IRQ" 0 3 2539, C4<11111111111111111111111111111111>;
P_0x104e138e0 .param/l "MASKED_IRQ" 0 3 2538, C4<00000000000000000000000000000000>;
P_0x104e13920 .param/l "PROGADDR_IRQ" 0 3 2541, C4<00000000000000000000000000010000>;
P_0x104e13960 .param/l "PROGADDR_RESET" 0 3 2540, C4<00000000000000000000000000000000>;
P_0x104e139a0 .param/l "REGS_INIT_ZERO" 0 3 2537, C4<0>;
P_0x104e139e0 .param/l "STACKADDR" 0 3 2542, C4<11111111111111111111111111111111>;
P_0x104e13a20 .param/l "TWO_CYCLE_ALU" 0 3 2525, C4<0>;
P_0x104e13a60 .param/l "TWO_CYCLE_COMPARE" 0 3 2524, C4<0>;
P_0x104e13aa0 .param/l "TWO_STAGE_SHIFT" 0 3 2522, C4<1>;
o0x8fac44310 .functor BUFZ 1, c4<z>; HiZ drive
v0x8fb10d360_0 .net "clk", 0 0, o0x8fac44310;  0 drivers
v0x8fb10d400_0 .net "eoi", 31 0, v0x8fb106f80_0;  1 drivers
o0x8fac47130 .functor BUFZ 32, c4<zzzzzzzzzzzzzzzzzzzzzzzzzzzzzzzz>; HiZ drive
v0x8fb10d4a0_0 .net "irq", 31 0, o0x8fac47130;  0 drivers
v0x8fb10d540_0 .net "mem_addr", 31 0, v0x8fb10a3a0_0;  1 drivers
v0x8fb10d5e0_0 .net "mem_axi_araddr", 31 0, L_0x8fb09d9d0;  1 drivers
v0x8fb10d680_0 .net "mem_axi_arprot", 2 0, L_0x8fa4770c0;  1 drivers
o0x8fac443d0 .functor BUFZ 1, c4<z>; HiZ drive
v0x8fb10d720_0 .net "mem_axi_arready", 0 0, o0x8fac443d0;  0 drivers
v0x8fb10d7c0_0 .net "mem_axi_arvalid", 0 0, L_0x8fb09d960;  1 drivers
v0x8fb10d860_0 .net "mem_axi_awaddr", 31 0, L_0x8fb09d880;  1 drivers
L_0x8fac78010 .functor BUFT 1, C4<000>, C4<0>, C4<0>, C4<0>;
v0x8fb10d900_0 .net "mem_axi_awprot", 2 0, L_0x8fac78010;  1 drivers
o0x8fac44490 .functor BUFZ 1, c4<z>; HiZ drive
v0x8fb10d9a0_0 .net "mem_axi_awready", 0 0, o0x8fac44490;  0 drivers
v0x8fb10da40_0 .net "mem_axi_awvalid", 0 0, L_0x8fb09d810;  1 drivers
v0x8fb10dae0_0 .net "mem_axi_bready", 0 0, L_0x8fb09dc70;  1 drivers
o0x8fac44520 .functor BUFZ 1, c4<z>; HiZ drive
v0x8fb10db80_0 .net "mem_axi_bvalid", 0 0, o0x8fac44520;  0 drivers
o0x8fac44550 .functor BUFZ 32, c4<zzzzzzzzzzzzzzzzzzzzzzzzzzzzzzzz>; HiZ drive
v0x8fb10dc20_0 .net "mem_axi_rdata", 31 0, o0x8fac44550;  0 drivers
v0x8fb10dcc0_0 .net "mem_axi_rready", 0 0, L_0x8fb09dce0;  1 drivers
o0x8fac445b0 .functor BUFZ 1, c4<z>; HiZ drive
v0x8fb10dd60_0 .net "mem_axi_rvalid", 0 0, o0x8fac445b0;  0 drivers
v0x8fb10de00_0 .net "mem_axi_wdata", 31 0, L_0x8fb09db20;  1 drivers
o0x8fac44610 .functor BUFZ 1, c4<z>; HiZ drive
v0x8fb10dea0_0 .net "mem_axi_wready", 0 0, o0x8fac44610;  0 drivers
v0x8fb10df40_0 .net "mem_axi_wstrb", 3 0, L_0x8fb09db90;  1 drivers
v0x8fb10dfe0_0 .net "mem_axi_wvalid", 0 0, L_0x8fb09dab0;  1 drivers
v0x8fb10e080_0 .net "mem_instr", 0 0, v0x8fb10a800_0;  1 drivers
v0x8fb10e120_0 .net "mem_rdata", 31 0, L_0x8fb09dd50;  1 drivers
v0x8fb10e1c0_0 .net "mem_ready", 0 0, L_0x8fb09dc00;  1 drivers
v0x8fb10e260_0 .net "mem_valid", 0 0, v0x8fb10b340_0;  1 drivers
v0x8fb10e300_0 .net "mem_wdata", 31 0, v0x8fb10b3e0_0;  1 drivers
v0x8fb10e3a0_0 .net "mem_wstrb", 3 0, v0x8fb10b520_0;  1 drivers
v0x8fb10e440_0 .net "pcpi_insn", 31 0, v0x8fb10bb60_0;  1 drivers
o0x8fac47eb0 .functor BUFZ 32, c4<zzzzzzzzzzzzzzzzzzzzzzzzzzzzzzzz>; HiZ drive
v0x8fb10e4e0_0 .net "pcpi_rd", 31 0, o0x8fac47eb0;  0 drivers
o0x8fac47ee0 .functor BUFZ 1, c4<z>; HiZ drive
v0x8fb10e580_0 .net "pcpi_ready", 0 0, o0x8fac47ee0;  0 drivers
v0x8fb10e620_0 .net "pcpi_rs1", 31 0, L_0x8fb09e0d0;  1 drivers
v0x8fb10e6c0_0 .net "pcpi_rs2", 31 0, L_0x8fb09e140;  1 drivers
v0x8fb10e760_0 .net "pcpi_valid", 0 0, v0x8fb10c460_0;  1 drivers
o0x8fac47fd0 .functor BUFZ 1, c4<z>; HiZ drive
v0x8fb10e800_0 .net "pcpi_wait", 0 0, o0x8fac47fd0;  0 drivers
o0x8fac48000 .functor BUFZ 1, c4<z>; HiZ drive
v0x8fb10e8a0_0 .net "pcpi_wr", 0 0, o0x8fac48000;  0 drivers
o0x8fac447c0 .functor BUFZ 1, c4<z>; HiZ drive
v0x8fb10e940_0 .net "resetn", 0 0, o0x8fac447c0;  0 drivers
v0x8fb10e9e0_0 .net "trace_data", 35 0, v0x8fb10d180_0;  1 drivers
v0x8fb10ea80_0 .net "trace_valid", 0 0, v0x8fb10d220_0;  1 drivers
v0x8fb10eb20_0 .net "trap", 0 0, v0x8fb10d2c0_0;  1 drivers
S_0x8fa4d8000 .scope module, "axi_adapter" "picorv32_axi_adapter" 3 2619, 3 2731 0, S_0x104e06cf0;
 .timescale -9 -12;
    .port_info 0 /INPUT 1 "clk";
    .port_info 1 /INPUT 1 "resetn";
    .port_info 2 /OUTPUT 1 "mem_axi_awvalid";
    .port_info 3 /INPUT 1 "mem_axi_awready";
    .port_info 4 /OUTPUT 32 "mem_axi_awaddr";
    .port_info 5 /OUTPUT 3 "mem_axi_awprot";
    .port_info 6 /OUTPUT 1 "mem_axi_wvalid";
    .port_info 7 /INPUT 1 "mem_axi_wready";
    .port_info 8 /OUTPUT 32 "mem_axi_wdata";
    .port_info 9 /OUTPUT 4 "mem_axi_wstrb";
    .port_info 10 /INPUT 1 "mem_axi_bvalid";
    .port_info 11 /OUTPUT 1 "mem_axi_bready";
    .port_info 12 /OUTPUT 1 "mem_axi_arvalid";
    .port_info 13 /INPUT 1 "mem_axi_arready";
    .port_info 14 /OUTPUT 32 "mem_axi_araddr";
    .port_info 15 /OUTPUT 3 "mem_axi_arprot";
    .port_info 16 /INPUT 1 "mem_axi_rvalid";
    .port_info 17 /OUTPUT 1 "mem_axi_rready";
    .port_info 18 /INPUT 32 "mem_axi_rdata";
    .port_info 19 /INPUT 1 "mem_valid";
    .port_info 20 /INPUT 1 "mem_instr";
    .port_info 21 /OUTPUT 1 "mem_ready";
    .port_info 22 /INPUT 32 "mem_addr";
    .port_info 23 /INPUT 32 "mem_wdata";
    .port_info 24 /INPUT 4 "mem_wstrb";
    .port_info 25 /OUTPUT 32 "mem_rdata";
L_0x8fb09d7a0 .functor AND 1, v0x8fb10b340_0, L_0x8fa47f7a0, C4<1>, C4<1>;
L_0x8fb09d810 .functor AND 1, L_0x8fb09d7a0, L_0x8fa47f840, C4<1>, C4<1>;
L_0x8fb09d880 .functor BUFZ 32, v0x8fb10a3a0_0, C4<00000000000000000000000000000000>, C4<00000000000000000000000000000000>, C4<00000000000000000000000000000000>;
L_0x8fb09d8f0 .functor AND 1, v0x8fb10b340_0, L_0x8fa47f8e0, C4<1>, C4<1>;
L_0x8fb09d960 .functor AND 1, L_0x8fb09d8f0, L_0x8fa47f980, C4<1>, C4<1>;
L_0x8fb09d9d0 .functor BUFZ 32, v0x8fb10a3a0_0, C4<00000000000000000000000000000000>, C4<00000000000000000000000000000000>, C4<00000000000000000000000000000000>;
L_0x8fb09da40 .functor AND 1, v0x8fb10b340_0, L_0x8fa47fa20, C4<1>, C4<1>;
L_0x8fb09dab0 .functor AND 1, L_0x8fb09da40, L_0x8fa47fac0, C4<1>, C4<1>;
L_0x8fb09db20 .functor BUFZ 32, v0x8fb10b3e0_0, C4<00000000000000000000000000000000>, C4<00000000000000000000000000000000>, C4<00000000000000000000000000000000>;
L_0x8fb09db90 .functor BUFZ 4, v0x8fb10b520_0, C4<0000>, C4<0000>, C4<0000>;
L_0x8fb09dc00 .functor OR 1, o0x8fac44520, o0x8fac445b0, C4<0>, C4<0>;
L_0x8fb09dc70 .functor AND 1, v0x8fb10b340_0, L_0x8fa47fb60, C4<1>, C4<1>;
L_0x8fb09dce0 .functor AND 1, v0x8fb10b340_0, L_0x8fa47fc00, C4<1>, C4<1>;
L_0x8fb09dd50 .functor BUFZ 32, o0x8fac44550, C4<00000000000000000000000000000000>, C4<00000000000000000000000000000000>, C4<00000000000000000000000000000000>;
v0x8fb43e440_0 .net *"_ivl_1", 0 0, L_0x8fa47f7a0;  1 drivers
v0x8fb43e4e0_0 .net *"_ivl_13", 0 0, L_0x8fa47f8e0;  1 drivers
v0x8fb43d4a0_0 .net *"_ivl_15", 0 0, L_0x8fb09d8f0;  1 drivers
v0x8fb43d360_0 .net *"_ivl_17", 0 0, L_0x8fa47f980;  1 drivers
L_0x8fac78058 .functor BUFT 1, C4<100>, C4<0>, C4<0>, C4<0>;
v0x8fb43d400_0 .net/2u *"_ivl_22", 2 0, L_0x8fac78058;  1 drivers
L_0x8fac780a0 .functor BUFT 1, C4<000>, C4<0>, C4<0>, C4<0>;
v0x8fb43e1c0_0 .net/2u *"_ivl_24", 2 0, L_0x8fac780a0;  1 drivers
v0x8fb43e260_0 .net *"_ivl_29", 0 0, L_0x8fa47fa20;  1 drivers
v0x8fb43e300_0 .net *"_ivl_3", 0 0, L_0x8fb09d7a0;  1 drivers
v0x8fb43e3a0_0 .net *"_ivl_31", 0 0, L_0x8fb09da40;  1 drivers
v0x8fb43e080_0 .net *"_ivl_33", 0 0, L_0x8fa47fac0;  1 drivers
v0x8fb43d540_0 .net *"_ivl_43", 0 0, L_0x8fa47fb60;  1 drivers
v0x8fb43da40_0 .net *"_ivl_47", 0 0, L_0x8fa47fc00;  1 drivers
v0x8fb43dae0_0 .net *"_ivl_5", 0 0, L_0x8fa47f840;  1 drivers
v0x8fb43db80_0 .var "ack_arvalid", 0 0;
v0x8fb43dc20_0 .var "ack_awvalid", 0 0;
v0x8fb43dcc0_0 .var "ack_wvalid", 0 0;
v0x8fb43dd60_0 .net "clk", 0 0, o0x8fac44310;  alias, 0 drivers
v0x8fb43de00_0 .net "mem_addr", 31 0, v0x8fb10a3a0_0;  alias, 1 drivers
v0x8fb43dea0_0 .net "mem_axi_araddr", 31 0, L_0x8fb09d9d0;  alias, 1 drivers
v0x8fb43df40_0 .net "mem_axi_arprot", 2 0, L_0x8fa4770c0;  alias, 1 drivers
v0x8fb43cd20_0 .net "mem_axi_arready", 0 0, o0x8fac443d0;  alias, 0 drivers
v0x8fb43cdc0_0 .net "mem_axi_arvalid", 0 0, L_0x8fb09d960;  alias, 1 drivers
v0x8fb43ce60_0 .net "mem_axi_awaddr", 31 0, L_0x8fb09d880;  alias, 1 drivers
v0x8fb43cf00_0 .net "mem_axi_awprot", 2 0, L_0x8fac78010;  alias, 1 drivers
v0x8fb43cfa0_0 .net "mem_axi_awready", 0 0, o0x8fac44490;  alias, 0 drivers
v0x8fb43d040_0 .net "mem_axi_awvalid", 0 0, L_0x8fb09d810;  alias, 1 drivers
v0x8fb43d0e0_0 .net "mem_axi_bready", 0 0, L_0x8fb09dc70;  alias, 1 drivers
v0x8fb43d180_0 .net "mem_axi_bvalid", 0 0, o0x8fac44520;  alias, 0 drivers
v0x8fb43c3c0_0 .net "mem_axi_rdata", 31 0, o0x8fac44550;  alias, 0 drivers
v0x8fb43c460_0 .net "mem_axi_rready", 0 0, L_0x8fb09dce0;  alias, 1 drivers
v0x8fb43c500_0 .net "mem_axi_rvalid", 0 0, o0x8fac445b0;  alias, 0 drivers
v0x8fb43c5a0_0 .net "mem_axi_wdata", 31 0, L_0x8fb09db20;  alias, 1 drivers
v0x8fb43c640_0 .net "mem_axi_wready", 0 0, o0x8fac44610;  alias, 0 drivers
v0x8fb43c6e0_0 .net "mem_axi_wstrb", 3 0, L_0x8fb09db90;  alias, 1 drivers
v0x8fb43c780_0 .net "mem_axi_wvalid", 0 0, L_0x8fb09dab0;  alias, 1 drivers
v0x8fb43c820_0 .net "mem_instr", 0 0, v0x8fb10a800_0;  alias, 1 drivers
v0x8fb43c8c0_0 .net "mem_rdata", 31 0, L_0x8fb09dd50;  alias, 1 drivers
v0x8fb43e580_0 .net "mem_ready", 0 0, L_0x8fb09dc00;  alias, 1 drivers
v0x8fb43e620_0 .net "mem_valid", 0 0, v0x8fb10b340_0;  alias, 1 drivers
v0x8fb43e6c0_0 .net "mem_wdata", 31 0, v0x8fb10b3e0_0;  alias, 1 drivers
v0x8fb43e760_0 .net "mem_wstrb", 3 0, v0x8fb10b520_0;  alias, 1 drivers
v0x8fb43e800_0 .net "resetn", 0 0, o0x8fac447c0;  alias, 0 drivers
v0x8fb43e8a0_0 .var "xfer_done", 0 0;
E_0x8fb0d2640 .event posedge, v0x8fb43dd60_0;
L_0x8fa47f7a0 .reduce/or v0x8fb10b520_0;
L_0x8fa47f840 .reduce/nor v0x8fb43dc20_0;
L_0x8fa47f8e0 .reduce/nor v0x8fb10b520_0;
L_0x8fa47f980 .reduce/nor v0x8fb43db80_0;
L_0x8fa4770c0 .functor MUXZ 3, L_0x8fac780a0, L_0x8fac78058, v0x8fb10a800_0, C4<>;
L_0x8fa47fa20 .reduce/or v0x8fb10b520_0;
L_0x8fa47fac0 .reduce/nor v0x8fb43dcc0_0;
L_0x8fa47fb60 .reduce/or v0x8fb10b520_0;
L_0x8fa47fc00 .reduce/nor v0x8fb10b520_0;
S_0x8fa4d8180 .scope module, "picorv32_core" "picorv32" 3 2674, 3 62 0, S_0x104e06cf0;
 .timescale -9 -12;
    .port_info 0 /INPUT 1 "clk";
    .port_info 1 /INPUT 1 "resetn";
    .port_info 2 /OUTPUT 1 "trap";
    .port_info 3 /OUTPUT 1 "mem_valid";
    .port_info 4 /OUTPUT 1 "mem_instr";
    .port_info 5 /INPUT 1 "mem_ready";
    .port_info 6 /OUTPUT 32 "mem_addr";
    .port_info 7 /OUTPUT 32 "mem_wdata";
    .port_info 8 /OUTPUT 4 "mem_wstrb";
    .port_info 9 /INPUT 32 "mem_rdata";
    .port_info 10 /OUTPUT 1 "mem_la_read";
    .port_info 11 /OUTPUT 1 "mem_la_write";
    .port_info 12 /OUTPUT 32 "mem_la_addr";
    .port_info 13 /OUTPUT 32 "mem_la_wdata";
    .port_info 14 /OUTPUT 4 "mem_la_wstrb";
    .port_info 15 /OUTPUT 1 "pcpi_valid";
    .port_info 16 /OUTPUT 32 "pcpi_insn";
    .port_info 17 /OUTPUT 32 "pcpi_rs1";
    .port_info 18 /OUTPUT 32 "pcpi_rs2";
    .port_info 19 /INPUT 1 "pcpi_wr";
    .port_info 20 /INPUT 32 "pcpi_rd";
    .port_info 21 /INPUT 1 "pcpi_wait";
    .port_info 22 /INPUT 1 "pcpi_ready";
    .port_info 23 /INPUT 32 "irq";
    .port_info 24 /OUTPUT 32 "eoi";
    .port_info 25 /OUTPUT 1 "trace_valid";
    .port_info 26 /OUTPUT 36 "trace_data";
P_0x104e142a0 .param/l "BARREL_SHIFTER" 0 3 69, C4<0>;
P_0x104e142e0 .param/l "CATCH_ILLINSN" 0 3 74, C4<1>;
P_0x104e14320 .param/l "CATCH_MISALIGN" 0 3 73, C4<1>;
P_0x104e14360 .param/l "COMPRESSED_ISA" 0 3 72, C4<0>;
P_0x104e143a0 .param/l "ENABLE_COUNTERS" 0 3 63, C4<1>;
P_0x104e143e0 .param/l "ENABLE_COUNTERS64" 0 3 64, C4<1>;
P_0x104e14420 .param/l "ENABLE_DIV" 0 3 78, C4<0>;
P_0x104e14460 .param/l "ENABLE_FAST_MUL" 0 3 77, C4<0>;
P_0x104e144a0 .param/l "ENABLE_IRQ" 0 3 79, C4<0>;
P_0x104e144e0 .param/l "ENABLE_IRQ_QREGS" 0 3 80, C4<1>;
P_0x104e14520 .param/l "ENABLE_IRQ_TIMER" 0 3 81, C4<1>;
P_0x104e14560 .param/l "ENABLE_MUL" 0 3 76, C4<0>;
P_0x104e145a0 .param/l "ENABLE_PCPI" 0 3 75, C4<0>;
P_0x104e145e0 .param/l "ENABLE_REGS_16_31" 0 3 65, C4<1>;
P_0x104e14620 .param/l "ENABLE_REGS_DUALPORT" 0 3 66, C4<1>;
P_0x104e14660 .param/l "ENABLE_TRACE" 0 3 82, C4<0>;
P_0x104e146a0 .param/l "LATCHED_IRQ" 0 3 85, C4<11111111111111111111111111111111>;
P_0x104e146e0 .param/l "LATCHED_MEM_RDATA" 0 3 67, C4<0>;
P_0x104e14720 .param/l "MASKED_IRQ" 0 3 84, C4<00000000000000000000000000000000>;
P_0x104e14760 .param/l "PROGADDR_IRQ" 0 3 87, C4<00000000000000000000000000010000>;
P_0x104e147a0 .param/l "PROGADDR_RESET" 0 3 86, C4<00000000000000000000000000000000>;
P_0x104e147e0 .param/l "REGS_INIT_ZERO" 0 3 83, C4<0>;
P_0x104e14820 .param/l "STACKADDR" 0 3 88, C4<11111111111111111111111111111111>;
P_0x104e14860 .param/l "TRACE_ADDR" 1 3 172, C4<001000000000000000000000000000000000>;
P_0x104e148a0 .param/l "TRACE_BRANCH" 1 3 171, C4<000100000000000000000000000000000000>;
P_0x104e148e0 .param/l "TRACE_IRQ" 1 3 173, C4<100000000000000000000000000000000000>;
P_0x104e14920 .param/l "TWO_CYCLE_ALU" 0 3 71, C4<0>;
P_0x104e14960 .param/l "TWO_CYCLE_COMPARE" 0 3 70, C4<0>;
P_0x104e149a0 .param/l "TWO_STAGE_SHIFT" 0 3 68, C4<1>;
P_0x104e149e0 .param/l "WITH_PCPI" 1 3 169, C4<0>;
P_0x104e14a20 .param/l "cpu_state_exec" 1 3 1176, C4<00001000>;
P_0x104e14a60 .param/l "cpu_state_fetch" 1 3 1173, C4<01000000>;
P_0x104e14aa0 .param/l "cpu_state_ld_rs1" 1 3 1174, C4<00100000>;
P_0x104e14ae0 .param/l "cpu_state_ld_rs2" 1 3 1175, C4<00010000>;
P_0x104e14b20 .param/l "cpu_state_ldmem" 1 3 1179, C4<00000001>;
P_0x104e14b60 .param/l "cpu_state_shift" 1 3 1177, C4<00000100>;
P_0x104e14ba0 .param/l "cpu_state_stmem" 1 3 1178, C4<00000010>;
P_0x104e14be0 .param/l "cpu_state_trap" 1 3 1172, C4<10000000>;
P_0x104e14c20 .param/l "irq_buserror" 1 3 163, +C4<00000000000000000000000000000010>;
P_0x104e14c60 .param/l "irq_ebreak" 1 3 162, +C4<00000000000000000000000000000001>;
P_0x104e14ca0 .param/l "irq_timer" 1 3 161, +C4<00000000000000000000000000000000>;
P_0x104e14ce0 .param/l "irqregs_offset" 1 3 165, +C4<00000000000000000000000000100000>;
P_0x104e14d20 .param/l "regfile_size" 1 3 166, +C4<00000000000000000000000000100000>;
P_0x104e14d60 .param/l "regindex_bits" 1 3 167, +C4<00000000000000000000000000000101>;
L_0x8fb09ddc0 .functor BUFZ 1, v0x8fb10b340_0, C4<0>, C4<0>, C4<0>;
L_0x8fb09de30 .functor BUFZ 1, v0x8fb10a800_0, C4<0>, C4<0>, C4<0>;
L_0x8fb09dea0 .functor BUFZ 1, L_0x8fb09dc00, C4<0>, C4<0>, C4<0>;
L_0x8fb09df10 .functor BUFZ 32, v0x8fb10a3a0_0, C4<00000000000000000000000000000000>, C4<00000000000000000000000000000000>, C4<00000000000000000000000000000000>;
L_0x8fb09df80 .functor BUFZ 32, v0x8fb10b3e0_0, C4<00000000000000000000000000000000>, C4<00000000000000000000000000000000>, C4<00000000000000000000000000000000>;
L_0x8fb09dff0 .functor BUFZ 4, v0x8fb10b520_0, C4<0000>, C4<0000>, C4<0000>;
L_0x8fb09e060 .functor BUFZ 32, L_0x8fb09dd50, C4<00000000000000000000000000000000>, C4<00000000000000000000000000000000>, C4<00000000000000000000000000000000>;
L_0x8fb09e0d0 .functor BUFZ 32, v0x8fb10cb40_0, C4<00000000000000000000000000000000>, C4<00000000000000000000000000000000>, C4<00000000000000000000000000000000>;
L_0x8fb09e140 .functor BUFZ 32, v0x8fb10cbe0_0, C4<00000000000000000000000000000000>, C4<00000000000000000000000000000000>, C4<00000000000000000000000000000000>;
L_0x8fb09e1b0 .functor AND 1, v0x8fb10b340_0, L_0x8fb09dc00, C4<1>, C4<1>;
L_0x8fac783b8 .functor BUFT 1, C4<0>, C4<0>, C4<0>, C4<0>;
L_0x8fb09e220 .functor AND 1, L_0x8fac783b8, v0x8fb10a620_0, C4<1>, C4<1>;
L_0x8fb09e290 .functor OR 1, L_0x8fb09e1b0, L_0x8fb09e220, C4<0>, C4<0>;
L_0x8fb09e300 .functor AND 1, L_0x8fb09e290, L_0x8fa47fd40, C4<1>, C4<1>;
L_0x8fb09e370 .functor OR 1, v0x8fb10a620_0, v0x8fb10a580_0, C4<0>, C4<0>;
L_0x8fb09e3e0 .functor OR 1, L_0x8fb09e370, v0x8fb10a6c0_0, C4<0>, C4<0>;
L_0x8fb09e450 .functor AND 1, L_0x8fb09e300, L_0x8fb09e3e0, C4<1>, C4<1>;
L_0x8fb09e4c0 .functor AND 1, L_0x8fa47fde0, v0x8fb10a620_0, C4<1>, C4<1>;
L_0x8fb09e530 .functor OR 1, L_0x8fb09e450, L_0x8fb09e4c0, C4<0>, C4<0>;
L_0x8fb09e5a0 .functor AND 1, o0x8fac447c0, L_0x8fb09e530, C4<1>, C4<1>;
L_0x8fb09e610 .functor AND 1, L_0x8fa8f7d40, L_0x8fb09e290, C4<1>, C4<1>;
L_0x8fb09e680 .functor OR 1, L_0x8fa47fe80, L_0x8fb09e610, C4<0>, C4<0>;
L_0x8fb09e6f0 .functor AND 1, L_0x8fb09e5a0, L_0x8fb09e680, C4<1>, C4<1>;
L_0x8fb09e760 .functor AND 1, o0x8fac447c0, L_0x8fa8f59a0, C4<1>, C4<1>;
L_0x8fb09e7d0 .functor AND 1, L_0x8fb09e760, v0x8fb10a6c0_0, C4<1>, C4<1>;
L_0x8fb09e840 .functor AND 1, L_0x8fa910000, L_0x8fa9100a0, C4<1>, C4<1>;
L_0x8fb09e8b0 .functor OR 1, v0x8fb10a620_0, v0x8fb10a4e0_0, C4<0>, C4<0>;
L_0x8fb09e920 .functor OR 1, L_0x8fb09e8b0, v0x8fb10a580_0, C4<0>, C4<0>;
L_0x8fb09e990 .functor AND 1, L_0x8fb09e840, L_0x8fb09e920, C4<1>, C4<1>;
L_0x8fac78400 .functor BUFT 1, C4<0>, C4<0>, C4<0>, C4<0>;
L_0x8fb09ea00 .functor OR 1, L_0x8fb09e990, L_0x8fac78400, C4<0>, C4<0>;
L_0x8fb09ea70 .functor AND 1, o0x8fac447c0, L_0x8fb09ea00, C4<1>, C4<1>;
L_0x8fb09eae0 .functor OR 1, v0x8fb10a4e0_0, v0x8fb10a620_0, C4<0>, C4<0>;
L_0x8fac784d8 .functor BUFT 1, C4<0>, C4<0>, C4<0>, C4<0>;
L_0x8fb09eb50 .functor OR 1, L_0x8fb09e290, L_0x8fac784d8, C4<0>, C4<0>;
L_0x8fb09ebc0 .functor BUFZ 32, L_0x8fa477340, C4<00000000000000000000000000000000>, C4<00000000000000000000000000000000>, C4<00000000000000000000000000000000>;
L_0x8fac78520 .functor BUFT 1, C4<1>, C4<0>, C4<0>, C4<0>;
L_0x8fb09ec30 .functor AND 1, L_0x8fac78520, L_0x8fa910280, C4<1>, C4<1>;
L_0x8fb09eca0 .functor AND 1, v0x8fb10a1c0_0, v0x8fb109d60_0, C4<1>, C4<1>;
L_0x8fac78568 .functor BUFT 1, C4<11111111111111111111111111111110>, C4<0>, C4<0>, C4<0>;
L_0x8fb09ed10 .functor AND 32, v0x8fb10cc80_0, L_0x8fac78568, C4<11111111111111111111111111111111>, C4<11111111111111111111111111111111>;
L_0x8fb09ed80 .functor AND 1, L_0x8fa8fae40, v0x8fb106da0_0, C4<1>, C4<1>;
L_0x8fac785f8 .functor BUFT 1, C4<1>, C4<0>, C4<0>, C4<0>;
L_0x8fb09edf0 .functor AND 1, L_0x8fb09ed80, L_0x8fac785f8, C4<1>, C4<1>;
v0x8fb43e940_0 .net *"_ivl_100", 31 0, L_0x8fa477160;  1 drivers
v0x8fb43e9e0_0 .net *"_ivl_103", 29 0, L_0x8fa9101e0;  1 drivers
L_0x8fac78490 .functor BUFT 1, C4<00>, C4<0>, C4<0>, C4<0>;
v0x8fb43ea80_0 .net/2u *"_ivl_104", 1 0, L_0x8fac78490;  1 drivers
v0x8fb43eb20_0 .net *"_ivl_106", 31 0, L_0x8fa477200;  1 drivers
v0x8fb43ebc0_0 .net/2u *"_ivl_110", 0 0, L_0x8fac784d8;  1 drivers
v0x8fb43ec60_0 .net *"_ivl_113", 0 0, L_0x8fb09eb50;  1 drivers
v0x8fb43ed00_0 .net/2u *"_ivl_118", 0 0, L_0x8fac78520;  1 drivers
v0x8fb43eda0_0 .net *"_ivl_120", 47 0, L_0x8fa477480;  1 drivers
v0x8fb43ee40_0 .net *"_ivl_123", 0 0, L_0x8fa910280;  1 drivers
v0x8fb43eee0_0 .net *"_ivl_126", 3 0, L_0x8fa477520;  1 drivers
v0x8fb43ef80_0 .net *"_ivl_131", 0 0, L_0x8fb09eca0;  1 drivers
v0x8fb43f020_0 .net/2u *"_ivl_132", 31 0, L_0x8fac78568;  1 drivers
v0x8fb43f0c0_0 .net *"_ivl_134", 31 0, L_0x8fb09ed10;  1 drivers
L_0x8fac785b0 .functor BUFT 1, C4<01000000>, C4<0>, C4<0>, C4<0>;
v0x8fb43f160_0 .net/2u *"_ivl_138", 7 0, L_0x8fac785b0;  1 drivers
v0x8fb43f200_0 .net *"_ivl_140", 0 0, L_0x8fa8fae40;  1 drivers
v0x8fb43f2a0_0 .net *"_ivl_143", 0 0, L_0x8fb09ed80;  1 drivers
v0x8fb43f340_0 .net/2u *"_ivl_144", 0 0, L_0x8fac785f8;  1 drivers
v0x8fb43f3e0_0 .net *"_ivl_25", 0 0, L_0x8fb09e1b0;  1 drivers
v0x8fb43f480_0 .net *"_ivl_27", 0 0, L_0x8fb09e220;  1 drivers
v0x8fb43f520_0 .net *"_ivl_30", 3 0, L_0x8fa477020;  1 drivers
v0x8fb43f5c0_0 .net *"_ivl_35", 0 0, L_0x8fa47fd40;  1 drivers
v0x8fb43f660_0 .net *"_ivl_37", 0 0, L_0x8fb09e300;  1 drivers
v0x8fb43f700_0 .net *"_ivl_39", 0 0, L_0x8fb09e370;  1 drivers
v0x8fb43f7a0_0 .net *"_ivl_41", 0 0, L_0x8fb09e3e0;  1 drivers
v0x8fb43f840_0 .net *"_ivl_43", 0 0, L_0x8fb09e450;  1 drivers
v0x8fb43f8e0_0 .net *"_ivl_45", 0 0, L_0x8fa47fde0;  1 drivers
v0x8fb43f980_0 .net *"_ivl_47", 0 0, L_0x8fb09e4c0;  1 drivers
v0x8fb43fa20_0 .net *"_ivl_49", 0 0, L_0x8fb09e530;  1 drivers
v0x8fb43fac0_0 .net *"_ivl_51", 0 0, L_0x8fb09e5a0;  1 drivers
v0x8fb43fb60_0 .net *"_ivl_53", 0 0, L_0x8fa47fe80;  1 drivers
v0x8fb43fc00_0 .net *"_ivl_55", 1 0, L_0x8fa47ff20;  1 drivers
v0x8fb43fca0_0 .net *"_ivl_57", 0 0, L_0x8fa8f7d40;  1 drivers
v0x8fb43fd40_0 .net *"_ivl_59", 0 0, L_0x8fb09e610;  1 drivers
v0x8fb43fde0_0 .net *"_ivl_61", 0 0, L_0x8fb09e680;  1 drivers
v0x8fb43fe80_0 .net *"_ivl_65", 0 0, L_0x8fa8f59a0;  1 drivers
v0x8fb43ff20_0 .net *"_ivl_67", 0 0, L_0x8fb09e760;  1 drivers
v0x8fb104000_0 .net *"_ivl_71", 0 0, L_0x8fa910000;  1 drivers
v0x8fb1040a0_0 .net *"_ivl_73", 0 0, L_0x8fa9100a0;  1 drivers
v0x8fb104140_0 .net *"_ivl_75", 0 0, L_0x8fb09e840;  1 drivers
v0x8fb1041e0_0 .net *"_ivl_77", 0 0, L_0x8fb09e8b0;  1 drivers
v0x8fb104280_0 .net *"_ivl_79", 0 0, L_0x8fb09e920;  1 drivers
v0x8fb104320_0 .net *"_ivl_81", 0 0, L_0x8fb09e990;  1 drivers
v0x8fb1043c0_0 .net/2u *"_ivl_82", 0 0, L_0x8fac78400;  1 drivers
v0x8fb104460_0 .net *"_ivl_85", 0 0, L_0x8fb09ea00;  1 drivers
v0x8fb104500_0 .net *"_ivl_89", 0 0, L_0x8fb09eae0;  1 drivers
v0x8fb1045a0_0 .net *"_ivl_91", 29 0, L_0x8fa910140;  1 drivers
L_0x8fac79408 .functor BUFT 1, C4<000000000000000000000000000000>, C4<0>, C4<0>, C4<0>;
v0x8fb104640_0 .net *"_ivl_92", 29 0, L_0x8fac79408;  1 drivers
v0x8fb1046e0_0 .net *"_ivl_96", 29 0, L_0x8fb12fca0;  1 drivers
L_0x8fac78448 .functor BUFT 1, C4<00>, C4<0>, C4<0>, C4<0>;
v0x8fb104780_0 .net/2u *"_ivl_98", 1 0, L_0x8fac78448;  1 drivers
v0x8fb104820_0 .var "alu_add_sub", 31 0;
v0x8fb1048c0_0 .var "alu_eq", 0 0;
v0x8fb104960_0 .var "alu_lts", 0 0;
v0x8fb104a00_0 .var "alu_ltu", 0 0;
v0x8fb104aa0_0 .var "alu_out", 31 0;
v0x8fb104b40_0 .var "alu_out_0", 0 0;
v0x8fb104be0_0 .var "alu_out_0_q", 0 0;
v0x8fb104c80_0 .var "alu_out_q", 31 0;
v0x8fb104d20_0 .var "alu_shl", 31 0;
v0x8fb104dc0_0 .var "alu_shr", 31 0;
v0x8fb104e60_0 .var "alu_wait", 0 0;
v0x8fb104f00_0 .var "alu_wait_2", 0 0;
v0x8fb104fa0_0 .var "cached_ascii_instr", 63 0;
v0x8fb105040_0 .var "cached_insn_imm", 31 0;
v0x8fb1050e0_0 .var "cached_insn_opcode", 31 0;
v0x8fb105180_0 .var "cached_insn_rd", 4 0;
v0x8fb105220_0 .var "cached_insn_rs1", 4 0;
v0x8fb1052c0_0 .var "cached_insn_rs2", 4 0;
v0x8fb105360_0 .var "clear_prefetched_high_word", 0 0;
v0x8fb105400_0 .var "clear_prefetched_high_word_q", 0 0;
v0x8fb1054a0_0 .net "clk", 0 0, o0x8fac44310;  alias, 0 drivers
v0x8fb105540_0 .var "compressed_instr", 0 0;
v0x8fb1055e0_0 .var "count_cycle", 63 0;
v0x8fb105680_0 .var "count_instr", 63 0;
v0x8fb105720_0 .var "cpu_state", 7 0;
v0x8fb1057c0 .array "cpuregs", 31 0, 31 0;
v0x8fb105860_0 .var "cpuregs_rs1", 31 0;
v0x8fb105900_0 .var "cpuregs_rs2", 31 0;
v0x8fb1059a0_0 .var "cpuregs_wrdata", 31 0;
v0x8fb105a40_0 .var "cpuregs_write", 0 0;
v0x8fb105ae0_0 .var "current_pc", 31 0;
v0x8fb105b80_0 .var "dbg_ascii_instr", 63 0;
v0x8fb105c20_0 .var "dbg_ascii_state", 127 0;
v0x8fb105cc0_0 .var "dbg_insn_addr", 31 0;
v0x8fb105d60_0 .var "dbg_insn_imm", 31 0;
v0x8fb105e00_0 .var "dbg_insn_opcode", 31 0;
v0x8fb105ea0_0 .var "dbg_insn_rd", 4 0;
v0x8fb105f40_0 .var "dbg_insn_rs1", 4 0;
v0x8fb105fe0_0 .var "dbg_insn_rs2", 4 0;
v0x8fb106080_0 .net "dbg_mem_addr", 31 0, L_0x8fb09df10;  1 drivers
v0x8fb106120_0 .net "dbg_mem_instr", 0 0, L_0x8fb09de30;  1 drivers
v0x8fb1061c0_0 .net "dbg_mem_rdata", 31 0, L_0x8fb09e060;  1 drivers
v0x8fb106260_0 .net "dbg_mem_ready", 0 0, L_0x8fb09dea0;  1 drivers
v0x8fb106300_0 .net "dbg_mem_valid", 0 0, L_0x8fb09ddc0;  1 drivers
v0x8fb1063a0_0 .net "dbg_mem_wdata", 31 0, L_0x8fb09df80;  1 drivers
v0x8fb106440_0 .net "dbg_mem_wstrb", 3 0, L_0x8fb09dff0;  1 drivers
v0x8fb1064e0_0 .var "dbg_next", 0 0;
v0x8fb106580_0 .var "dbg_rs1val", 31 0;
v0x8fb106620_0 .var "dbg_rs1val_valid", 0 0;
v0x8fb1066c0_0 .var "dbg_rs2val", 31 0;
v0x8fb106760_0 .var "dbg_rs2val_valid", 0 0;
v0x8fb106800_0 .var "dbg_valid_insn", 0 0;
v0x8fb1068a0_0 .var "decoded_imm", 31 0;
v0x8fb106940_0 .var "decoded_imm_j", 31 0;
v0x8fb1069e0_0 .var "decoded_rd", 4 0;
v0x8fb106a80_0 .var "decoded_rs", 4 0;
v0x8fb106b20_0 .var "decoded_rs1", 4 0;
v0x8fb106bc0_0 .var "decoded_rs2", 4 0;
v0x8fb106c60_0 .var "decoder_pseudo_trigger", 0 0;
v0x8fb106d00_0 .var "decoder_pseudo_trigger_q", 0 0;
v0x8fb106da0_0 .var "decoder_trigger", 0 0;
v0x8fb106e40_0 .var "decoder_trigger_q", 0 0;
v0x8fb106ee0_0 .var "do_waitirq", 0 0;
v0x8fb106f80_0 .var "eoi", 31 0;
v0x8fb107020_0 .var "instr_add", 0 0;
v0x8fb1070c0_0 .var "instr_addi", 0 0;
v0x8fb107160_0 .var "instr_and", 0 0;
v0x8fb107200_0 .var "instr_andi", 0 0;
v0x8fb1072a0_0 .var "instr_auipc", 0 0;
v0x8fb107340_0 .var "instr_beq", 0 0;
v0x8fb1073e0_0 .var "instr_bge", 0 0;
v0x8fb107480_0 .var "instr_bgeu", 0 0;
v0x8fb107520_0 .var "instr_blt", 0 0;
v0x8fb1075c0_0 .var "instr_bltu", 0 0;
v0x8fb107660_0 .var "instr_bne", 0 0;
v0x8fb107700_0 .var "instr_ecall_ebreak", 0 0;
v0x8fb1077a0_0 .var "instr_fence", 0 0;
v0x8fb107840_0 .var "instr_getq", 0 0;
v0x8fb1078e0_0 .var "instr_jal", 0 0;
v0x8fb107980_0 .var "instr_jalr", 0 0;
v0x8fb107a20_0 .var "instr_lb", 0 0;
v0x8fb107ac0_0 .var "instr_lbu", 0 0;
v0x8fb107b60_0 .var "instr_lh", 0 0;
v0x8fb107c00_0 .var "instr_lhu", 0 0;
v0x8fb107ca0_0 .var "instr_lui", 0 0;
v0x8fb107d40_0 .var "instr_lw", 0 0;
v0x8fb107de0_0 .var "instr_maskirq", 0 0;
v0x8fb107e80_0 .var "instr_or", 0 0;
v0x8fb107f20_0 .var "instr_ori", 0 0;
v0x8fb108000_0 .var "instr_rdcycle", 0 0;
v0x8fb1080a0_0 .var "instr_rdcycleh", 0 0;
v0x8fb108140_0 .var "instr_rdinstr", 0 0;
v0x8fb1081e0_0 .var "instr_rdinstrh", 0 0;
v0x8fb108280_0 .var "instr_retirq", 0 0;
v0x8fb108320_0 .var "instr_sb", 0 0;
v0x8fb1083c0_0 .var "instr_setq", 0 0;
v0x8fb108460_0 .var "instr_sh", 0 0;
v0x8fb108500_0 .var "instr_sll", 0 0;
v0x8fb1085a0_0 .var "instr_slli", 0 0;
v0x8fb108640_0 .var "instr_slt", 0 0;
v0x8fb1086e0_0 .var "instr_slti", 0 0;
v0x8fb108780_0 .var "instr_sltiu", 0 0;
v0x8fb108820_0 .var "instr_sltu", 0 0;
v0x8fb1088c0_0 .var "instr_sra", 0 0;
v0x8fb108960_0 .var "instr_srai", 0 0;
v0x8fb108a00_0 .var "instr_srl", 0 0;
v0x8fb108aa0_0 .var "instr_srli", 0 0;
v0x8fb108b40_0 .var "instr_sub", 0 0;
v0x8fb108be0_0 .var "instr_sw", 0 0;
v0x8fb108c80_0 .var "instr_timer", 0 0;
v0x8fb108d20_0 .net "instr_trap", 0 0, L_0x8fb09ec30;  1 drivers
v0x8fb108dc0_0 .var "instr_waitirq", 0 0;
v0x8fb108e60_0 .var "instr_xor", 0 0;
v0x8fb108f00_0 .var "instr_xori", 0 0;
v0x8fb108fa0_0 .net "irq", 31 0, o0x8fac47130;  alias, 0 drivers
v0x8fb109040_0 .var "irq_active", 0 0;
v0x8fb1090e0_0 .var "irq_delay", 0 0;
v0x8fb109180_0 .var "irq_mask", 31 0;
v0x8fb109220_0 .var "irq_pending", 31 0;
v0x8fb1092c0_0 .var "irq_state", 1 0;
v0x8fb109360_0 .var "is_alu_reg_imm", 0 0;
v0x8fb109400_0 .var "is_alu_reg_reg", 0 0;
v0x8fb1094a0_0 .var "is_beq_bne_blt_bge_bltu_bgeu", 0 0;
v0x8fb109540_0 .var "is_compare", 0 0;
v0x8fb1095e0_0 .var "is_jalr_addi_slti_sltiu_xori_ori_andi", 0 0;
v0x8fb109680_0 .var "is_lb_lh_lw_lbu_lhu", 0 0;
v0x8fb109720_0 .var "is_lbu_lhu_lw", 0 0;
v0x8fb1097c0_0 .var "is_lui_auipc_jal", 0 0;
v0x8fb109860_0 .var "is_lui_auipc_jal_jalr_addi_add_sub", 0 0;
v0x8fb109900_0 .net "is_rdcycle_rdcycleh_rdinstr_rdinstrh", 0 0, L_0x8fa910320;  1 drivers
v0x8fb1099a0_0 .var "is_sb_sh_sw", 0 0;
v0x8fb109a40_0 .var "is_sll_srl_sra", 0 0;
v0x8fb109ae0_0 .var "is_slli_srli_srai", 0 0;
v0x8fb109b80_0 .var "is_slti_blt_slt", 0 0;
v0x8fb109c20_0 .var "is_sltiu_bltu_sltu", 0 0;
v0x8fb109cc0_0 .var "last_mem_valid", 0 0;
v0x8fb109d60_0 .var "latched_branch", 0 0;
v0x8fb109e00_0 .var "latched_compr", 0 0;
v0x8fb109ea0_0 .var "latched_is_lb", 0 0;
v0x8fb109f40_0 .var "latched_is_lh", 0 0;
v0x8fb109fe0_0 .var "latched_is_lu", 0 0;
v0x8fb10a080_0 .var "latched_rd", 4 0;
v0x8fb10a120_0 .var "latched_stalu", 0 0;
v0x8fb10a1c0_0 .var "latched_store", 0 0;
v0x8fb10a260_0 .var "latched_trace", 0 0;
v0x8fb10a300_0 .net "launch_next_insn", 0 0, L_0x8fb09edf0;  1 drivers
v0x8fb10a3a0_0 .var "mem_addr", 31 0;
v0x8fb10a440_0 .net "mem_busy", 0 0, L_0x8fa47fca0;  1 drivers
v0x8fb10a4e0_0 .var "mem_do_prefetch", 0 0;
v0x8fb10a580_0 .var "mem_do_rdata", 0 0;
v0x8fb10a620_0 .var "mem_do_rinst", 0 0;
v0x8fb10a6c0_0 .var "mem_do_wdata", 0 0;
v0x8fb10a760_0 .net "mem_done", 0 0, L_0x8fb09e6f0;  1 drivers
v0x8fb10a800_0 .var "mem_instr", 0 0;
v0x8fb10a8a0_0 .net "mem_la_addr", 31 0, L_0x8fa4772a0;  1 drivers
L_0x8fac78328 .functor BUFT 1, C4<0>, C4<0>, C4<0>, C4<0>;
v0x8fb10a940_0 .net "mem_la_firstword", 0 0, L_0x8fac78328;  1 drivers
v0x8fb10a9e0_0 .var "mem_la_firstword_reg", 0 0;
L_0x8fac78370 .functor BUFT 1, C4<0>, C4<0>, C4<0>, C4<0>;
v0x8fb10aa80_0 .net "mem_la_firstword_xfer", 0 0, L_0x8fac78370;  1 drivers
v0x8fb10ab20_0 .net "mem_la_read", 0 0, L_0x8fb09ea70;  1 drivers
v0x8fb10abc0_0 .var "mem_la_secondword", 0 0;
v0x8fb10ac60_0 .net "mem_la_use_prefetched_high_word", 0 0, L_0x8fac783b8;  1 drivers
v0x8fb10ad00_0 .var "mem_la_wdata", 31 0;
v0x8fb10ada0_0 .net "mem_la_write", 0 0, L_0x8fb09e7d0;  1 drivers
v0x8fb10ae40_0 .var "mem_la_wstrb", 3 0;
v0x8fb10aee0_0 .net "mem_rdata", 31 0, L_0x8fb09dd50;  alias, 1 drivers
v0x8fb10af80_0 .net "mem_rdata_latched", 31 0, L_0x8fb09ebc0;  1 drivers
v0x8fb10b020_0 .net "mem_rdata_latched_noshuffle", 31 0, L_0x8fa477340;  1 drivers
v0x8fb10b0c0_0 .var "mem_rdata_q", 31 0;
v0x8fb10b160_0 .var "mem_rdata_word", 31 0;
v0x8fb10b200_0 .net "mem_ready", 0 0, L_0x8fb09dc00;  alias, 1 drivers
v0x8fb10b2a0_0 .var "mem_state", 1 0;
v0x8fb10b340_0 .var "mem_valid", 0 0;
v0x8fb10b3e0_0 .var "mem_wdata", 31 0;
v0x8fb10b480_0 .var "mem_wordsize", 1 0;
v0x8fb10b520_0 .var "mem_wstrb", 3 0;
v0x8fb10b5c0_0 .net "mem_xfer", 0 0, L_0x8fb09e290;  1 drivers
v0x8fb10b660_0 .var "new_ascii_instr", 63 0;
v0x8fb10b700_0 .var "next_insn_opcode", 31 0;
v0x8fb10b7a0_0 .var "next_irq_pending", 31 0;
v0x8fb10b840_0 .net "next_pc", 31 0, L_0x8fa4773e0;  1 drivers
L_0x8fac78250 .functor BUFT 1, C4<xxxxxxxxxxxxxxxxxxxxxxxxxxxxxxxx>, C4<0>, C4<0>, C4<0>;
v0x8fb10b8e0_0 .net "pcpi_div_rd", 31 0, L_0x8fac78250;  1 drivers
L_0x8fac782e0 .functor BUFT 1, C4<0>, C4<0>, C4<0>, C4<0>;
v0x8fb10b980_0 .net "pcpi_div_ready", 0 0, L_0x8fac782e0;  1 drivers
L_0x8fac78298 .functor BUFT 1, C4<0>, C4<0>, C4<0>, C4<0>;
v0x8fb10ba20_0 .net "pcpi_div_wait", 0 0, L_0x8fac78298;  1 drivers
L_0x8fac78208 .functor BUFT 1, C4<0>, C4<0>, C4<0>, C4<0>;
v0x8fb10bac0_0 .net "pcpi_div_wr", 0 0, L_0x8fac78208;  1 drivers
v0x8fb10bb60_0 .var "pcpi_insn", 31 0;
v0x8fb10bc00_0 .var "pcpi_int_rd", 31 0;
v0x8fb10bca0_0 .var "pcpi_int_ready", 0 0;
v0x8fb10bd40_0 .var "pcpi_int_wait", 0 0;
v0x8fb10bde0_0 .var "pcpi_int_wr", 0 0;
L_0x8fac78130 .functor BUFT 1, C4<xxxxxxxxxxxxxxxxxxxxxxxxxxxxxxxx>, C4<0>, C4<0>, C4<0>;
v0x8fb10be80_0 .net "pcpi_mul_rd", 31 0, L_0x8fac78130;  1 drivers
L_0x8fac781c0 .functor BUFT 1, C4<0>, C4<0>, C4<0>, C4<0>;
v0x8fb10bf20_0 .net "pcpi_mul_ready", 0 0, L_0x8fac781c0;  1 drivers
L_0x8fac78178 .functor BUFT 1, C4<0>, C4<0>, C4<0>, C4<0>;
v0x8fb10c000_0 .net "pcpi_mul_wait", 0 0, L_0x8fac78178;  1 drivers
L_0x8fac780e8 .functor BUFT 1, C4<0>, C4<0>, C4<0>, C4<0>;
v0x8fb10c0a0_0 .net "pcpi_mul_wr", 0 0, L_0x8fac780e8;  1 drivers
v0x8fb10c140_0 .net "pcpi_rd", 31 0, o0x8fac47eb0;  alias, 0 drivers
v0x8fb10c1e0_0 .net "pcpi_ready", 0 0, o0x8fac47ee0;  alias, 0 drivers
v0x8fb10c280_0 .net "pcpi_rs1", 31 0, L_0x8fb09e0d0;  alias, 1 drivers
v0x8fb10c320_0 .net "pcpi_rs2", 31 0, L_0x8fb09e140;  alias, 1 drivers
v0x8fb10c3c0_0 .var "pcpi_timeout", 0 0;
v0x8fb10c460_0 .var "pcpi_valid", 0 0;
v0x8fb10c500_0 .net "pcpi_wait", 0 0, o0x8fac47fd0;  alias, 0 drivers
v0x8fb10c5a0_0 .net "pcpi_wr", 0 0, o0x8fac48000;  alias, 0 drivers
v0x8fb10c640_0 .var "prefetched_high_word", 0 0;
v0x8fb10c6e0_0 .var "q_ascii_instr", 63 0;
v0x8fb10c780_0 .var "q_insn_imm", 31 0;
v0x8fb10c820_0 .var "q_insn_opcode", 31 0;
v0x8fb10c8c0_0 .var "q_insn_rd", 4 0;
v0x8fb10c960_0 .var "q_insn_rs1", 4 0;
v0x8fb10ca00_0 .var "q_insn_rs2", 4 0;
v0x8fb10caa0_0 .var "reg_next_pc", 31 0;
v0x8fb10cb40_0 .var "reg_op1", 31 0;
v0x8fb10cbe0_0 .var "reg_op2", 31 0;
v0x8fb10cc80_0 .var "reg_out", 31 0;
v0x8fb10cd20_0 .var "reg_pc", 31 0;
v0x8fb10cdc0_0 .var "reg_sh", 4 0;
v0x8fb10ce60_0 .net "resetn", 0 0, o0x8fac447c0;  alias, 0 drivers
v0x8fb10cf00_0 .var "set_mem_do_rdata", 0 0;
v0x8fb10cfa0_0 .var "set_mem_do_rinst", 0 0;
v0x8fb10d040_0 .var "set_mem_do_wdata", 0 0;
v0x8fb10d0e0_0 .var "timer", 31 0;
v0x8fb10d180_0 .var "trace_data", 35 0;
v0x8fb10d220_0 .var "trace_valid", 0 0;
v0x8fb10d2c0_0 .var "trap", 0 0;
v0x8fb1057c0_0 .array/port v0x8fb1057c0, 0;
v0x8fb1057c0_1 .array/port v0x8fb1057c0, 1;
v0x8fb1057c0_2 .array/port v0x8fb1057c0, 2;
E_0x8fb0d26c0/0 .event anyedge, v0x8fb106b20_0, v0x8fb1057c0_0, v0x8fb1057c0_1, v0x8fb1057c0_2;
v0x8fb1057c0_3 .array/port v0x8fb1057c0, 3;
v0x8fb1057c0_4 .array/port v0x8fb1057c0, 4;
v0x8fb1057c0_5 .array/port v0x8fb1057c0, 5;
v0x8fb1057c0_6 .array/port v0x8fb1057c0, 6;
E_0x8fb0d26c0/1 .event anyedge, v0x8fb1057c0_3, v0x8fb1057c0_4, v0x8fb1057c0_5, v0x8fb1057c0_6;
v0x8fb1057c0_7 .array/port v0x8fb1057c0, 7;
v0x8fb1057c0_8 .array/port v0x8fb1057c0, 8;
v0x8fb1057c0_9 .array/port v0x8fb1057c0, 9;
v0x8fb1057c0_10 .array/port v0x8fb1057c0, 10;
E_0x8fb0d26c0/2 .event anyedge, v0x8fb1057c0_7, v0x8fb1057c0_8, v0x8fb1057c0_9, v0x8fb1057c0_10;
v0x8fb1057c0_11 .array/port v0x8fb1057c0, 11;
v0x8fb1057c0_12 .array/port v0x8fb1057c0, 12;
v0x8fb1057c0_13 .array/port v0x8fb1057c0, 13;
v0x8fb1057c0_14 .array/port v0x8fb1057c0, 14;
E_0x8fb0d26c0/3 .event anyedge, v0x8fb1057c0_11, v0x8fb1057c0_12, v0x8fb1057c0_13, v0x8fb1057c0_14;
v0x8fb1057c0_15 .array/port v0x8fb1057c0, 15;
v0x8fb1057c0_16 .array/port v0x8fb1057c0, 16;
v0x8fb1057c0_17 .array/port v0x8fb1057c0, 17;
v0x8fb1057c0_18 .array/port v0x8fb1057c0, 18;
E_0x8fb0d26c0/4 .event anyedge, v0x8fb1057c0_15, v0x8fb1057c0_16, v0x8fb1057c0_17, v0x8fb1057c0_18;
v0x8fb1057c0_19 .array/port v0x8fb1057c0, 19;
v0x8fb1057c0_20 .array/port v0x8fb1057c0, 20;
v0x8fb1057c0_21 .array/port v0x8fb1057c0, 21;
v0x8fb1057c0_22 .array/port v0x8fb1057c0, 22;
E_0x8fb0d26c0/5 .event anyedge, v0x8fb1057c0_19, v0x8fb1057c0_20, v0x8fb1057c0_21, v0x8fb1057c0_22;
v0x8fb1057c0_23 .array/port v0x8fb1057c0, 23;
v0x8fb1057c0_24 .array/port v0x8fb1057c0, 24;
v0x8fb1057c0_25 .array/port v0x8fb1057c0, 25;
v0x8fb1057c0_26 .array/port v0x8fb1057c0, 26;
E_0x8fb0d26c0/6 .event anyedge, v0x8fb1057c0_23, v0x8fb1057c0_24, v0x8fb1057c0_25, v0x8fb1057c0_26;
v0x8fb1057c0_27 .array/port v0x8fb1057c0, 27;
v0x8fb1057c0_28 .array/port v0x8fb1057c0, 28;
v0x8fb1057c0_29 .array/port v0x8fb1057c0, 29;
v0x8fb1057c0_30 .array/port v0x8fb1057c0, 30;
E_0x8fb0d26c0/7 .event anyedge, v0x8fb1057c0_27, v0x8fb1057c0_28, v0x8fb1057c0_29, v0x8fb1057c0_30;
v0x8fb1057c0_31 .array/port v0x8fb1057c0, 31;
E_0x8fb0d26c0/8 .event anyedge, v0x8fb1057c0_31, v0x8fb106bc0_0;
E_0x8fb0d26c0 .event/or E_0x8fb0d26c0/0, E_0x8fb0d26c0/1, E_0x8fb0d26c0/2, E_0x8fb0d26c0/3, E_0x8fb0d26c0/4, E_0x8fb0d26c0/5, E_0x8fb0d26c0/6, E_0x8fb0d26c0/7, E_0x8fb0d26c0/8;
E_0x8fb0d2600/0 .event anyedge, v0x8fb105720_0, v0x8fb10cd20_0, v0x8fb109e00_0, v0x8fb109d60_0;
E_0x8fb0d2600/1 .event anyedge, v0x8fb10a120_0, v0x8fb104c80_0, v0x8fb10cc80_0, v0x8fb10a1c0_0;
E_0x8fb0d2600/2 .event anyedge, v0x8fb10caa0_0, v0x8fb109220_0, v0x8fb109180_0;
E_0x8fb0d2600 .event/or E_0x8fb0d2600/0, E_0x8fb0d2600/1, E_0x8fb0d2600/2;
E_0x8fb0d2700/0 .event anyedge, v0x8fb105400_0, v0x8fb10c640_0, v0x8fb109d60_0, v0x8fb1092c0_0;
E_0x8fb0d2700/1 .event anyedge, v0x8fb43e800_0;
E_0x8fb0d2700 .event/or E_0x8fb0d2700/0, E_0x8fb0d2700/1;
E_0x8fb0d2740/0 .event anyedge, v0x8fb1048c0_0, v0x8fb107340_0, v0x8fb107660_0, v0x8fb104960_0;
E_0x8fb0d2740/1 .event anyedge, v0x8fb1073e0_0, v0x8fb104a00_0, v0x8fb107480_0, v0x8fb109b80_0;
E_0x8fb0d2740/2 .event anyedge, v0x8fb109c20_0, v0x8fb104820_0, v0x8fb109860_0, v0x8fb104b40_0;
E_0x8fb0d2740/3 .event anyedge, v0x8fb109540_0, v0x8fb10cb40_0, v0x8fb10cbe0_0, v0x8fb108f00_0;
E_0x8fb0d2740/4 .event anyedge, v0x8fb108e60_0, v0x8fb107f20_0, v0x8fb107e80_0, v0x8fb107200_0;
E_0x8fb0d2740/5 .event anyedge, v0x8fb107160_0, v0x8fb104d20_0, v0x8fb104dc0_0;
E_0x8fb0d2740 .event/or E_0x8fb0d2740/0, E_0x8fb0d2740/1, E_0x8fb0d2740/2, E_0x8fb0d2740/3, E_0x8fb0d2740/4, E_0x8fb0d2740/5;
E_0x8fb0d2780 .event anyedge, v0x8fb105720_0;
E_0x8fb0d27c0/0 .event anyedge, v0x8fb10c6e0_0, v0x8fb10c780_0, v0x8fb10c820_0, v0x8fb10c960_0;
E_0x8fb0d27c0/1 .event anyedge, v0x8fb10ca00_0, v0x8fb10c8c0_0, v0x8fb1064e0_0, v0x8fb106d00_0;
E_0x8fb0d27c0/2 .event anyedge, v0x8fb104fa0_0, v0x8fb105040_0, v0x8fb1050e0_0, v0x8fb105220_0;
E_0x8fb0d27c0/3 .event anyedge, v0x8fb1052c0_0, v0x8fb105180_0, v0x8fb10b660_0, v0x8fb10b700_0;
E_0x8fb0d27c0/4 .event anyedge, v0x8fb1068a0_0, v0x8fb106b20_0, v0x8fb106bc0_0, v0x8fb1069e0_0;
E_0x8fb0d27c0 .event/or E_0x8fb0d27c0/0, E_0x8fb0d27c0/1, E_0x8fb0d27c0/2, E_0x8fb0d27c0/3, E_0x8fb0d27c0/4;
E_0x8fb0d2800/0 .event anyedge, v0x8fb107ca0_0, v0x8fb1072a0_0, v0x8fb1078e0_0, v0x8fb107980_0;
E_0x8fb0d2800/1 .event anyedge, v0x8fb107340_0, v0x8fb107660_0, v0x8fb107520_0, v0x8fb1073e0_0;
E_0x8fb0d2800/2 .event anyedge, v0x8fb1075c0_0, v0x8fb107480_0, v0x8fb107a20_0, v0x8fb107b60_0;
E_0x8fb0d2800/3 .event anyedge, v0x8fb107d40_0, v0x8fb107ac0_0, v0x8fb107c00_0, v0x8fb108320_0;
E_0x8fb0d2800/4 .event anyedge, v0x8fb108460_0, v0x8fb108be0_0, v0x8fb1070c0_0, v0x8fb1086e0_0;
E_0x8fb0d2800/5 .event anyedge, v0x8fb108780_0, v0x8fb108f00_0, v0x8fb107f20_0, v0x8fb107200_0;
E_0x8fb0d2800/6 .event anyedge, v0x8fb1085a0_0, v0x8fb108aa0_0, v0x8fb108960_0, v0x8fb107020_0;
E_0x8fb0d2800/7 .event anyedge, v0x8fb108b40_0, v0x8fb108500_0, v0x8fb108640_0, v0x8fb108820_0;
E_0x8fb0d2800/8 .event anyedge, v0x8fb108e60_0, v0x8fb108a00_0, v0x8fb1088c0_0, v0x8fb107e80_0;
E_0x8fb0d2800/9 .event anyedge, v0x8fb107160_0, v0x8fb108000_0, v0x8fb1080a0_0, v0x8fb108140_0;
E_0x8fb0d2800/10 .event anyedge, v0x8fb1081e0_0, v0x8fb1077a0_0, v0x8fb107840_0, v0x8fb1083c0_0;
E_0x8fb0d2800/11 .event anyedge, v0x8fb108280_0, v0x8fb107de0_0, v0x8fb108dc0_0, v0x8fb108c80_0;
E_0x8fb0d2800 .event/or E_0x8fb0d2800/0, E_0x8fb0d2800/1, E_0x8fb0d2800/2, E_0x8fb0d2800/3, E_0x8fb0d2800/4, E_0x8fb0d2800/5, E_0x8fb0d2800/6, E_0x8fb0d2800/7, E_0x8fb0d2800/8, E_0x8fb0d2800/9, E_0x8fb0d2800/10, E_0x8fb0d2800/11;
E_0x8fb0d2840 .event anyedge, v0x8fb10b480_0, v0x8fb10cbe0_0, v0x8fb43c8c0_0, v0x8fb10cb40_0;
E_0x8fb0d2880 .event anyedge, v0x8fb10c0a0_0, v0x8fb10be80_0, v0x8fb10bac0_0, v0x8fb10b8e0_0;
L_0x8fa477020 .concat [ 1 1 1 1], v0x8fb10a6c0_0, v0x8fb10a580_0, v0x8fb10a620_0, v0x8fb10a4e0_0;
L_0x8fa47fca0 .reduce/or L_0x8fa477020;
L_0x8fa47fd40 .reduce/or v0x8fb10b2a0_0;
L_0x8fa47fde0 .reduce/and v0x8fb10b2a0_0;
L_0x8fa47fe80 .reduce/nor L_0x8fac78328;
L_0x8fa47ff20 .part L_0x8fb09ebc0, 0, 2;
L_0x8fa8f7d40 .reduce/nand L_0x8fa47ff20;
L_0x8fa8f59a0 .reduce/nor v0x8fb10b2a0_0;
L_0x8fa910000 .reduce/nor L_0x8fac783b8;
L_0x8fa9100a0 .reduce/nor v0x8fb10b2a0_0;
L_0x8fa910140 .part L_0x8fa4773e0, 2, 30;
L_0x8fb12fca0 .arith/sum 30, L_0x8fa910140, L_0x8fac79408;
L_0x8fa477160 .concat [ 2 30 0 0], L_0x8fac78448, L_0x8fb12fca0;
L_0x8fa9101e0 .part v0x8fb10cb40_0, 2, 30;
L_0x8fa477200 .concat [ 2 30 0 0], L_0x8fac78490, L_0x8fa9101e0;
L_0x8fa4772a0 .functor MUXZ 32, L_0x8fa477200, L_0x8fa477160, L_0x8fb09eae0, C4<>;
L_0x8fa477340 .functor MUXZ 32, v0x8fb10b0c0_0, L_0x8fb09dd50, L_0x8fb09eb50, C4<>;
LS_0x8fa477480_0_0 .concat [ 1 1 1 1], v0x8fb108c80_0, v0x8fb108dc0_0, v0x8fb107de0_0, v0x8fb108280_0;
LS_0x8fa477480_0_4 .concat [ 1 1 1 1], v0x8fb1083c0_0, v0x8fb107840_0, v0x8fb1077a0_0, v0x8fb1081e0_0;
LS_0x8fa477480_0_8 .concat [ 1 1 1 1], v0x8fb108140_0, v0x8fb1080a0_0, v0x8fb108000_0, v0x8fb107160_0;
LS_0x8fa477480_0_12 .concat [ 1 1 1 1], v0x8fb107e80_0, v0x8fb1088c0_0, v0x8fb108a00_0, v0x8fb108e60_0;
LS_0x8fa477480_0_16 .concat [ 1 1 1 1], v0x8fb108820_0, v0x8fb108640_0, v0x8fb108500_0, v0x8fb108b40_0;
LS_0x8fa477480_0_20 .concat [ 1 1 1 1], v0x8fb107020_0, v0x8fb108960_0, v0x8fb108aa0_0, v0x8fb1085a0_0;
LS_0x8fa477480_0_24 .concat [ 1 1 1 1], v0x8fb107200_0, v0x8fb107f20_0, v0x8fb108f00_0, v0x8fb108780_0;
LS_0x8fa477480_0_28 .concat [ 1 1 1 1], v0x8fb1086e0_0, v0x8fb1070c0_0, v0x8fb108be0_0, v0x8fb108460_0;
LS_0x8fa477480_0_32 .concat [ 1 1 1 1], v0x8fb108320_0, v0x8fb107c00_0, v0x8fb107ac0_0, v0x8fb107d40_0;
LS_0x8fa477480_0_36 .concat [ 1 1 1 1], v0x8fb107b60_0, v0x8fb107a20_0, v0x8fb107480_0, v0x8fb1075c0_0;
LS_0x8fa477480_0_40 .concat [ 1 1 1 1], v0x8fb1073e0_0, v0x8fb107520_0, v0x8fb107660_0, v0x8fb107340_0;
LS_0x8fa477480_0_44 .concat [ 1 1 1 1], v0x8fb107980_0, v0x8fb1078e0_0, v0x8fb1072a0_0, v0x8fb107ca0_0;
LS_0x8fa477480_1_0 .concat [ 4 4 4 4], LS_0x8fa477480_0_0, LS_0x8fa477480_0_4, LS_0x8fa477480_0_8, LS_0x8fa477480_0_12;
LS_0x8fa477480_1_4 .concat [ 4 4 4 4], LS_0x8fa477480_0_16, LS_0x8fa477480_0_20, LS_0x8fa477480_0_24, LS_0x8fa477480_0_28;
LS_0x8fa477480_1_8 .concat [ 4 4 4 4], LS_0x8fa477480_0_32, LS_0x8fa477480_0_36, LS_0x8fa477480_0_40, LS_0x8fa477480_0_44;
L_0x8fa477480 .concat [ 16 16 16 0], LS_0x8fa477480_1_0, LS_0x8fa477480_1_4, LS_0x8fa477480_1_8;
L_0x8fa910280 .reduce/nor L_0x8fa477480;
L_0x8fa477520 .concat [ 1 1 1 1], v0x8fb1081e0_0, v0x8fb108140_0, v0x8fb1080a0_0, v0x8fb108000_0;
L_0x8fa910320 .reduce/or L_0x8fa477520;
L_0x8fa4773e0 .functor MUXZ 32, v0x8fb10caa0_0, L_0x8fb09ed10, L_0x8fb09eca0, C4<>;
L_0x8fa8fae40 .cmp/eq 8, v0x8fb105720_0, L_0x8fac785b0;
S_0x8fa4d8300 .scope task, "empty_statement" "empty_statement" 3 214, 3 214 0, S_0x8fa4d8180;
 .timescale -9 -12;
TD_picorv32_axi.picorv32_core.empty_statement ;
    %end;
S_0x8fa4d8480 .scope generate, "genblk1" "genblk1" 3 285, 3 285 0, S_0x8fa4d8180;
 .timescale -9 -12;
S_0x8fa4d8600 .scope generate, "genblk2" "genblk2" 3 305, 3 305 0, S_0x8fa4d8180;
 .timescale -9 -12;
S_0x8fa4d8780 .scope generate, "genblk3" "genblk3" 3 1229, 3 1229 0, S_0x8fa4d8180;
 .timescale -9 -12;
E_0x8fb0d28c0/0 .event anyedge, v0x8fb108b40_0, v0x8fb10cb40_0, v0x8fb10cbe0_0, v0x8fb1088c0_0;
E_0x8fb0d28c0/1 .event anyedge, v0x8fb108960_0;
E_0x8fb0d28c0 .event/or E_0x8fb0d28c0/0, E_0x8fb0d28c0/1;
S_0x104e04a00 .scope module, "picorv32_regs" "picorv32_regs" 3 2174;
 .timescale -9 -12;
    .port_info 0 /INPUT 1 "clk";
    .port_info 1 /INPUT 1 "wen";
    .port_info 2 /INPUT 6 "waddr";
    .port_info 3 /INPUT 6 "raddr1";
    .port_info 4 /INPUT 6 "raddr2";
    .port_info 5 /INPUT 32 "wdata";
    .port_info 6 /OUTPUT 32 "rdata1";
    .port_info 7 /OUTPUT 32 "rdata2";
L_0x8fb09ee60 .functor NOT 5, L_0x8fa9103c0, C4<00000>, C4<00000>, C4<00000>;
L_0x8fb09eed0 .functor BUFZ 32, L_0x8fa8faee0, C4<00000000000000000000000000000000>, C4<00000000000000000000000000000000>, C4<00000000000000000000000000000000>;
L_0x8fb09ef40 .functor NOT 5, L_0x8fa910460, C4<00000>, C4<00000>, C4<00000>;
L_0x8fb09efb0 .functor BUFZ 32, L_0x8fa8faf80, C4<00000000000000000000000000000000>, C4<00000000000000000000000000000000>, C4<00000000000000000000000000000000>;
v0x8fb10ebc0_0 .net *"_ivl_0", 31 0, L_0x8fa8faee0;  1 drivers
v0x8fb10ec60_0 .net *"_ivl_12", 31 0, L_0x8fa8faf80;  1 drivers
v0x8fb10ed00_0 .net *"_ivl_15", 4 0, L_0x8fa910460;  1 drivers
v0x8fb10eda0_0 .net *"_ivl_16", 4 0, L_0x8fb09ef40;  1 drivers
v0x8fb10ee40_0 .net *"_ivl_18", 6 0, L_0x8fa477660;  1 drivers
L_0x8fac78688 .functor BUFT 1, C4<00>, C4<0>, C4<0>, C4<0>;
v0x8fb10eee0_0 .net *"_ivl_21", 1 0, L_0x8fac78688;  1 drivers
v0x8fb10ef80_0 .net *"_ivl_3", 4 0, L_0x8fa9103c0;  1 drivers
v0x8fb10f020_0 .net *"_ivl_4", 4 0, L_0x8fb09ee60;  1 drivers
v0x8fb10f0c0_0 .net *"_ivl_6", 6 0, L_0x8fa4775c0;  1 drivers
L_0x8fac78640 .functor BUFT 1, C4<00>, C4<0>, C4<0>, C4<0>;
v0x8fb10f160_0 .net *"_ivl_9", 1 0, L_0x8fac78640;  1 drivers
o0x8fac490e0 .functor BUFZ 1, c4<z>; HiZ drive
v0x8fb10f200_0 .net "clk", 0 0, o0x8fac490e0;  0 drivers
o0x8fac49110 .functor BUFZ 6, c4<zzzzzz>; HiZ drive
v0x8fb10f2a0_0 .net "raddr1", 5 0, o0x8fac49110;  0 drivers
o0x8fac49140 .functor BUFZ 6, c4<zzzzzz>; HiZ drive
v0x8fb10f340_0 .net "raddr2", 5 0, o0x8fac49140;  0 drivers
v0x8fb10f3e0_0 .net "rdata1", 31 0, L_0x8fb09eed0;  1 drivers
v0x8fb10f480_0 .net "rdata2", 31 0, L_0x8fb09efb0;  1 drivers
v0x8fb10f520 .array "regs", 30 0, 31 0;
o0x8fac491d0 .functor BUFZ 6, c4<zzzzzz>; HiZ drive
v0x8fb10f5c0_0 .net "waddr", 5 0, o0x8fac491d0;  0 drivers
o0x8fac49200 .functor BUFZ 32, c4<zzzzzzzzzzzzzzzzzzzzzzzzzzzzzzzz>; HiZ drive
v0x8fb10f660_0 .net "wdata", 31 0, o0x8fac49200;  0 drivers
o0x8fac49230 .functor BUFZ 1, c4<z>; HiZ drive
v0x8fb10f700_0 .net "wen", 0 0, o0x8fac49230;  0 drivers
E_0x8fb0d2900 .event posedge, v0x8fb10f200_0;
L_0x8fa8faee0 .array/port v0x8fb10f520, L_0x8fa4775c0;
L_0x8fa9103c0 .part o0x8fac49110, 0, 5;
L_0x8fa4775c0 .concat [ 5 2 0 0], L_0x8fb09ee60, L_0x8fac78640;
L_0x8fa8faf80 .array/port v0x8fb10f520, L_0x8fa477660;
L_0x8fa910460 .part o0x8fac49140, 0, 5;
L_0x8fa477660 .concat [ 5 2 0 0], L_0x8fb09ef40, L_0x8fac78688;
S_0x104df9f70 .scope module, "picorv32_wb" "picorv32_wb" 3 2815;
 .timescale -9 -12;
    .port_info 0 /OUTPUT 1 "trap";
    .port_info 1 /INPUT 1 "wb_rst_i";
    .port_info 2 /INPUT 1 "wb_clk_i";
    .port_info 3 /OUTPUT 32 "wbm_adr_o";
    .port_info 4 /OUTPUT 32 "wbm_dat_o";
    .port_info 5 /INPUT 32 "wbm_dat_i";
    .port_info 6 /OUTPUT 1 "wbm_we_o";
    .port_info 7 /OUTPUT 4 "wbm_sel_o";
    .port_info 8 /OUTPUT 1 "wbm_stb_o";
    .port_info 9 /INPUT 1 "wbm_ack_i";
    .port_info 10 /OUTPUT 1 "wbm_cyc_o";
    .port_info 11 /OUTPUT 1 "pcpi_valid";
    .port_info 12 /OUTPUT 32 "pcpi_insn";
    .port_info 13 /OUTPUT 32 "pcpi_rs1";
    .port_info 14 /OUTPUT 32 "pcpi_rs2";
    .port_info 15 /INPUT 1 "pcpi_wr";
    .port_info 16 /INPUT 32 "pcpi_rd";
    .port_info 17 /INPUT 1 "pcpi_wait";
    .port_info 18 /INPUT 1 "pcpi_ready";
    .port_info 19 /INPUT 32 "irq";
    .port_info 20 /OUTPUT 32 "eoi";
    .port_info 21 /OUTPUT 1 "trace_valid";
    .port_info 22 /OUTPUT 36 "trace_data";
    .port_info 23 /OUTPUT 1 "mem_instr";
P_0x104e13ba0 .param/l "BARREL_SHIFTER" 0 3 2821, C4<0>;
P_0x104e13be0 .param/l "CATCH_ILLINSN" 0 3 2826, C4<1>;
P_0x104e13c20 .param/l "CATCH_MISALIGN" 0 3 2825, C4<1>;
P_0x104e13c60 .param/l "COMPRESSED_ISA" 0 3 2824, C4<0>;
P_0x104e13ca0 .param/l "ENABLE_COUNTERS" 0 3 2816, C4<1>;
P_0x104e13ce0 .param/l "ENABLE_COUNTERS64" 0 3 2817, C4<1>;
P_0x104e13d20 .param/l "ENABLE_DIV" 0 3 2830, C4<0>;
P_0x104e13d60 .param/l "ENABLE_FAST_MUL" 0 3 2829, C4<0>;
P_0x104e13da0 .param/l "ENABLE_IRQ" 0 3 2831, C4<0>;
P_0x104e13de0 .param/l "ENABLE_IRQ_QREGS" 0 3 2832, C4<1>;
P_0x104e13e20 .param/l "ENABLE_IRQ_TIMER" 0 3 2833, C4<1>;
P_0x104e13e60 .param/l "ENABLE_MUL" 0 3 2828, C4<0>;
P_0x104e13ea0 .param/l "ENABLE_PCPI" 0 3 2827, C4<0>;
P_0x104e13ee0 .param/l "ENABLE_REGS_16_31" 0 3 2818, C4<1>;
P_0x104e13f20 .param/l "ENABLE_REGS_DUALPORT" 0 3 2819, C4<1>;
P_0x104e13f60 .param/l "ENABLE_TRACE" 0 3 2834, C4<0>;
P_0x104e13fa0 .param/l "IDLE" 1 3 2989, C4<00>;
P_0x104e13fe0 .param/l "LATCHED_IRQ" 0 3 2837, C4<11111111111111111111111111111111>;
P_0x104e14020 .param/l "MASKED_IRQ" 0 3 2836, C4<00000000000000000000000000000000>;
P_0x104e14060 .param/l "PROGADDR_IRQ" 0 3 2839, C4<00000000000000000000000000010000>;
P_0x104e140a0 .param/l "PROGADDR_RESET" 0 3 2838, C4<00000000000000000000000000000000>;
P_0x104e140e0 .param/l "REGS_INIT_ZERO" 0 3 2835, C4<0>;
P_0x104e14120 .param/l "STACKADDR" 0 3 2840, C4<11111111111111111111111111111111>;
P_0x104e14160 .param/l "TWO_CYCLE_ALU" 0 3 2823, C4<0>;
P_0x104e141a0 .param/l "TWO_CYCLE_COMPARE" 0 3 2822, C4<0>;
P_0x104e141e0 .param/l "TWO_STAGE_SHIFT" 0 3 2820, C4<1>;
P_0x104e14220 .param/l "WBEND" 1 3 2991, C4<10>;
P_0x104e14260 .param/l "WBSTART" 1 3 2990, C4<01>;
o0x8fac4d2e0 .functor BUFZ 1, c4<z>; HiZ drive
L_0x8fb09f020 .functor BUFZ 1, o0x8fac4d2e0, C4<0>, C4<0>, C4<0>;
o0x8fac4d310 .functor BUFZ 1, c4<z>; HiZ drive
L_0x8fb09f090 .functor NOT 1, o0x8fac4d310, C4<0>, C4<0>, C4<0>;
L_0x8fb1301c0 .functor OR 1, L_0x8fa910d20, L_0x8fa910dc0, C4<0>, C4<0>;
L_0x8fb130230 .functor OR 1, L_0x8fb1301c0, L_0x8fa910e60, C4<0>, C4<0>;
L_0x8fb1302a0 .functor OR 1, L_0x8fb130230, L_0x8fa910f00, C4<0>, C4<0>;
v0x8fb11a1c0_0 .net *"_ivl_11", 0 0, L_0x8fa910e60;  1 drivers
v0x8fb11a260_0 .net *"_ivl_12", 0 0, L_0x8fb130230;  1 drivers
v0x8fb11a300_0 .net *"_ivl_15", 0 0, L_0x8fa910f00;  1 drivers
v0x8fb11a3a0_0 .net *"_ivl_5", 0 0, L_0x8fa910d20;  1 drivers
v0x8fb11a440_0 .net *"_ivl_7", 0 0, L_0x8fa910dc0;  1 drivers
v0x8fb11a4e0_0 .net *"_ivl_8", 0 0, L_0x8fb1301c0;  1 drivers
v0x8fb11a580_0 .net "clk", 0 0, L_0x8fb09f020;  1 drivers
v0x8fb11a620_0 .net "eoi", 31 0, v0x8fb113de0_0;  1 drivers
o0x8fac4b840 .functor BUFZ 32, c4<zzzzzzzzzzzzzzzzzzzzzzzzzzzzzzzz>; HiZ drive
v0x8fb11a6c0_0 .net "irq", 31 0, o0x8fac4b840;  0 drivers
v0x8fb11a760_0 .net "mem_addr", 31 0, v0x8fb117200_0;  1 drivers
v0x8fb11a800_0 .net "mem_instr", 0 0, v0x8fb117660_0;  1 drivers
v0x8fb11a8a0_0 .var "mem_rdata", 31 0;
v0x8fb11a940_0 .var "mem_ready", 0 0;
v0x8fb11a9e0_0 .net "mem_valid", 0 0, v0x8fb1181e0_0;  1 drivers
v0x8fb11aa80_0 .net "mem_wdata", 31 0, v0x8fb118280_0;  1 drivers
v0x8fb11ab20_0 .net "mem_wstrb", 3 0, v0x8fb1183c0_0;  1 drivers
v0x8fb11abc0_0 .net "pcpi_insn", 31 0, v0x8fb118a00_0;  1 drivers
o0x8fac4c710 .functor BUFZ 32, c4<zzzzzzzzzzzzzzzzzzzzzzzzzzzzzzzz>; HiZ drive
v0x8fb11ac60_0 .net "pcpi_rd", 31 0, o0x8fac4c710;  0 drivers
o0x8fac4c740 .functor BUFZ 1, c4<z>; HiZ drive
v0x8fb11ad00_0 .net "pcpi_ready", 0 0, o0x8fac4c740;  0 drivers
v0x8fb11ada0_0 .net "pcpi_rs1", 31 0, L_0x8fb09f410;  1 drivers
v0x8fb11ae40_0 .net "pcpi_rs2", 31 0, L_0x8fb09f480;  1 drivers
v0x8fb11aee0_0 .net "pcpi_valid", 0 0, v0x8fb1192c0_0;  1 drivers
o0x8fac4c830 .functor BUFZ 1, c4<z>; HiZ drive
v0x8fb11af80_0 .net "pcpi_wait", 0 0, o0x8fac4c830;  0 drivers
o0x8fac4c860 .functor BUFZ 1, c4<z>; HiZ drive
v0x8fb11b020_0 .net "pcpi_wr", 0 0, o0x8fac4c860;  0 drivers
v0x8fb11b0c0_0 .net "resetn", 0 0, L_0x8fb09f090;  1 drivers
v0x8fb11b160_0 .var "state", 1 0;
v0x8fb11b200_0 .net "trace_data", 35 0, v0x8fb119fe0_0;  1 drivers
v0x8fb11b2a0_0 .net "trace_valid", 0 0, v0x8fb11a080_0;  1 drivers
v0x8fb11b340_0 .net "trap", 0 0, v0x8fb11a120_0;  1 drivers
v0x8fb11b3e0_0 .net "wb_clk_i", 0 0, o0x8fac4d2e0;  0 drivers
v0x8fb11b480_0 .net "wb_rst_i", 0 0, o0x8fac4d310;  0 drivers
o0x8fac4d340 .functor BUFZ 1, c4<z>; HiZ drive
v0x8fb11b520_0 .net "wbm_ack_i", 0 0, o0x8fac4d340;  0 drivers
v0x8fb11b5c0_0 .var "wbm_adr_o", 31 0;
v0x8fb11b660_0 .var "wbm_cyc_o", 0 0;
o0x8fac4d3d0 .functor BUFZ 32, c4<zzzzzzzzzzzzzzzzzzzzzzzzzzzzzzzz>; HiZ drive
v0x8fb11b700_0 .net "wbm_dat_i", 31 0, o0x8fac4d3d0;  0 drivers
v0x8fb11b7a0_0 .var "wbm_dat_o", 31 0;
v0x8fb11b840_0 .var "wbm_sel_o", 3 0;
v0x8fb11b8e0_0 .var "wbm_stb_o", 0 0;
v0x8fb11b980_0 .var "wbm_we_o", 0 0;
v0x8fb11ba20_0 .net "we", 0 0, L_0x8fb1302a0;  1 drivers
E_0x8fb0d2940 .event posedge, v0x8fb11b3e0_0;
L_0x8fa910d20 .part v0x8fb1183c0_0, 0, 1;
L_0x8fa910dc0 .part v0x8fb1183c0_0, 1, 1;
L_0x8fa910e60 .part v0x8fb1183c0_0, 2, 1;
L_0x8fa910f00 .part v0x8fb1183c0_0, 3, 1;
S_0x8fa4d8900 .scope module, "picorv32_core" "picorv32" 3 2938, 3 62 0, S_0x104df9f70;
 .timescale -9 -12;
    .port_info 0 /INPUT 1 "clk";
    .port_info 1 /INPUT 1 "resetn";
    .port_info 2 /OUTPUT 1 "trap";
    .port_info 3 /OUTPUT 1 "mem_valid";
    .port_info 4 /OUTPUT 1 "mem_instr";
    .port_info 5 /INPUT 1 "mem_ready";
    .port_info 6 /OUTPUT 32 "mem_addr";
    .port_info 7 /OUTPUT 32 "mem_wdata";
    .port_info 8 /OUTPUT 4 "mem_wstrb";
    .port_info 9 /INPUT 32 "mem_rdata";
    .port_info 10 /OUTPUT 1 "mem_la_read";
    .port_info 11 /OUTPUT 1 "mem_la_write";
    .port_info 12 /OUTPUT 32 "mem_la_addr";
    .port_info 13 /OUTPUT 32 "mem_la_wdata";
    .port_info 14 /OUTPUT 4 "mem_la_wstrb";
    .port_info 15 /OUTPUT 1 "pcpi_valid";
    .port_info 16 /OUTPUT 32 "pcpi_insn";
    .port_info 17 /OUTPUT 32 "pcpi_rs1";
    .port_info 18 /OUTPUT 32 "pcpi_rs2";
    .port_info 19 /INPUT 1 "pcpi_wr";
    .port_info 20 /INPUT 32 "pcpi_rd";
    .port_info 21 /INPUT 1 "pcpi_wait";
    .port_info 22 /INPUT 1 "pcpi_ready";
    .port_info 23 /INPUT 32 "irq";
    .port_info 24 /OUTPUT 32 "eoi";
    .port_info 25 /OUTPUT 1 "trace_valid";
    .port_info 26 /OUTPUT 36 "trace_data";
P_0x8fa904000 .param/l "BARREL_SHIFTER" 0 3 69, C4<0>;
P_0x8fa904040 .param/l "CATCH_ILLINSN" 0 3 74, C4<1>;
P_0x8fa904080 .param/l "CATCH_MISALIGN" 0 3 73, C4<1>;
P_0x8fa9040c0 .param/l "COMPRESSED_ISA" 0 3 72, C4<0>;
P_0x8fa904100 .param/l "ENABLE_COUNTERS" 0 3 63, C4<1>;
P_0x8fa904140 .param/l "ENABLE_COUNTERS64" 0 3 64, C4<1>;
P_0x8fa904180 .param/l "ENABLE_DIV" 0 3 78, C4<0>;
P_0x8fa9041c0 .param/l "ENABLE_FAST_MUL" 0 3 77, C4<0>;
P_0x8fa904200 .param/l "ENABLE_IRQ" 0 3 79, C4<0>;
P_0x8fa904240 .param/l "ENABLE_IRQ_QREGS" 0 3 80, C4<1>;
P_0x8fa904280 .param/l "ENABLE_IRQ_TIMER" 0 3 81, C4<1>;
P_0x8fa9042c0 .param/l "ENABLE_MUL" 0 3 76, C4<0>;
P_0x8fa904300 .param/l "ENABLE_PCPI" 0 3 75, C4<0>;
P_0x8fa904340 .param/l "ENABLE_REGS_16_31" 0 3 65, C4<1>;
P_0x8fa904380 .param/l "ENABLE_REGS_DUALPORT" 0 3 66, C4<1>;
P_0x8fa9043c0 .param/l "ENABLE_TRACE" 0 3 82, C4<0>;
P_0x8fa904400 .param/l "LATCHED_IRQ" 0 3 85, C4<11111111111111111111111111111111>;
P_0x8fa904440 .param/l "LATCHED_MEM_RDATA" 0 3 67, C4<0>;
P_0x8fa904480 .param/l "MASKED_IRQ" 0 3 84, C4<00000000000000000000000000000000>;
P_0x8fa9044c0 .param/l "PROGADDR_IRQ" 0 3 87, C4<00000000000000000000000000010000>;
P_0x8fa904500 .param/l "PROGADDR_RESET" 0 3 86, C4<00000000000000000000000000000000>;
P_0x8fa904540 .param/l "REGS_INIT_ZERO" 0 3 83, C4<0>;
P_0x8fa904580 .param/l "STACKADDR" 0 3 88, C4<11111111111111111111111111111111>;
P_0x8fa9045c0 .param/l "TRACE_ADDR" 1 3 172, C4<001000000000000000000000000000000000>;
P_0x8fa904600 .param/l "TRACE_BRANCH" 1 3 171, C4<000100000000000000000000000000000000>;
P_0x8fa904640 .param/l "TRACE_IRQ" 1 3 173, C4<100000000000000000000000000000000000>;
P_0x8fa904680 .param/l "TWO_CYCLE_ALU" 0 3 71, C4<0>;
P_0x8fa9046c0 .param/l "TWO_CYCLE_COMPARE" 0 3 70, C4<0>;
P_0x8fa904700 .param/l "TWO_STAGE_SHIFT" 0 3 68, C4<1>;
P_0x8fa904740 .param/l "WITH_PCPI" 1 3 169, C4<0>;
P_0x8fa904780 .param/l "cpu_state_exec" 1 3 1176, C4<00001000>;
P_0x8fa9047c0 .param/l "cpu_state_fetch" 1 3 1173, C4<01000000>;
P_0x8fa904800 .param/l "cpu_state_ld_rs1" 1 3 1174, C4<00100000>;
P_0x8fa904840 .param/l "cpu_state_ld_rs2" 1 3 1175, C4<00010000>;
P_0x8fa904880 .param/l "cpu_state_ldmem" 1 3 1179, C4<00000001>;
P_0x8fa9048c0 .param/l "cpu_state_shift" 1 3 1177, C4<00000100>;
P_0x8fa904900 .param/l "cpu_state_stmem" 1 3 1178, C4<00000010>;
P_0x8fa904940 .param/l "cpu_state_trap" 1 3 1172, C4<10000000>;
P_0x8fa904980 .param/l "irq_buserror" 1 3 163, +C4<00000000000000000000000000000010>;
P_0x8fa9049c0 .param/l "irq_ebreak" 1 3 162, +C4<00000000000000000000000000000001>;
P_0x8fa904a00 .param/l "irq_timer" 1 3 161, +C4<00000000000000000000000000000000>;
P_0x8fa904a40 .param/l "irqregs_offset" 1 3 165, +C4<00000000000000000000000000100000>;
P_0x8fa904a80 .param/l "regfile_size" 1 3 166, +C4<00000000000000000000000000100000>;
P_0x8fa904ac0 .param/l "regindex_bits" 1 3 167, +C4<00000000000000000000000000000101>;
L_0x8fb09f100 .functor BUFZ 1, v0x8fb1181e0_0, C4<0>, C4<0>, C4<0>;
L_0x8fb09f170 .functor BUFZ 1, v0x8fb117660_0, C4<0>, C4<0>, C4<0>;
L_0x8fb09f1e0 .functor BUFZ 1, v0x8fb11a940_0, C4<0>, C4<0>, C4<0>;
L_0x8fb09f250 .functor BUFZ 32, v0x8fb117200_0, C4<00000000000000000000000000000000>, C4<00000000000000000000000000000000>, C4<00000000000000000000000000000000>;
L_0x8fb09f2c0 .functor BUFZ 32, v0x8fb118280_0, C4<00000000000000000000000000000000>, C4<00000000000000000000000000000000>, C4<00000000000000000000000000000000>;
L_0x8fb09f330 .functor BUFZ 4, v0x8fb1183c0_0, C4<0000>, C4<0000>, C4<0000>;
L_0x8fb09f3a0 .functor BUFZ 32, v0x8fb11a8a0_0, C4<00000000000000000000000000000000>, C4<00000000000000000000000000000000>, C4<00000000000000000000000000000000>;
L_0x8fb09f410 .functor BUFZ 32, v0x8fb1199a0_0, C4<00000000000000000000000000000000>, C4<00000000000000000000000000000000>, C4<00000000000000000000000000000000>;
L_0x8fb09f480 .functor BUFZ 32, v0x8fb119a40_0, C4<00000000000000000000000000000000>, C4<00000000000000000000000000000000>, C4<00000000000000000000000000000000>;
L_0x8fb09f4f0 .functor AND 1, v0x8fb1181e0_0, v0x8fb11a940_0, C4<1>, C4<1>;
L_0x8fac789a0 .functor BUFT 1, C4<0>, C4<0>, C4<0>, C4<0>;
L_0x8fb09f560 .functor AND 1, L_0x8fac789a0, v0x8fb117480_0, C4<1>, C4<1>;
L_0x8fb09f5d0 .functor OR 1, L_0x8fb09f4f0, L_0x8fb09f560, C4<0>, C4<0>;
L_0x8fb09f640 .functor AND 1, L_0x8fb09f5d0, L_0x8fa9105a0, C4<1>, C4<1>;
L_0x8fb09f6b0 .functor OR 1, v0x8fb117480_0, v0x8fb1173e0_0, C4<0>, C4<0>;
L_0x8fb09f720 .functor OR 1, L_0x8fb09f6b0, v0x8fb117520_0, C4<0>, C4<0>;
L_0x8fb09f790 .functor AND 1, L_0x8fb09f640, L_0x8fb09f720, C4<1>, C4<1>;
L_0x8fb09f800 .functor AND 1, L_0x8fa910640, v0x8fb117480_0, C4<1>, C4<1>;
L_0x8fb09f870 .functor OR 1, L_0x8fb09f790, L_0x8fb09f800, C4<0>, C4<0>;
L_0x8fb09f8e0 .functor AND 1, L_0x8fb09f090, L_0x8fb09f870, C4<1>, C4<1>;
L_0x8fb09f950 .functor AND 1, L_0x8fa910820, L_0x8fb09f5d0, C4<1>, C4<1>;
L_0x8fb09f9c0 .functor OR 1, L_0x8fa9106e0, L_0x8fb09f950, C4<0>, C4<0>;
L_0x8fb09fa30 .functor AND 1, L_0x8fb09f8e0, L_0x8fb09f9c0, C4<1>, C4<1>;
L_0x8fb09faa0 .functor AND 1, L_0x8fb09f090, L_0x8fa9108c0, C4<1>, C4<1>;
L_0x8fb09fb10 .functor AND 1, L_0x8fb09faa0, v0x8fb117520_0, C4<1>, C4<1>;
L_0x8fb09fb80 .functor AND 1, L_0x8fa910960, L_0x8fa910a00, C4<1>, C4<1>;
L_0x8fb09fbf0 .functor OR 1, v0x8fb117480_0, v0x8fb117340_0, C4<0>, C4<0>;
L_0x8fb09fc60 .functor OR 1, L_0x8fb09fbf0, v0x8fb1173e0_0, C4<0>, C4<0>;
L_0x8fb09fcd0 .functor AND 1, L_0x8fb09fb80, L_0x8fb09fc60, C4<1>, C4<1>;
L_0x8fac789e8 .functor BUFT 1, C4<0>, C4<0>, C4<0>, C4<0>;
L_0x8fb09fd40 .functor OR 1, L_0x8fb09fcd0, L_0x8fac789e8, C4<0>, C4<0>;
L_0x8fb09fdb0 .functor AND 1, L_0x8fb09f090, L_0x8fb09fd40, C4<1>, C4<1>;
L_0x8fb09fe20 .functor OR 1, v0x8fb117340_0, v0x8fb117480_0, C4<0>, C4<0>;
L_0x8fac78ac0 .functor BUFT 1, C4<0>, C4<0>, C4<0>, C4<0>;
L_0x8fb09fe90 .functor OR 1, L_0x8fb09f5d0, L_0x8fac78ac0, C4<0>, C4<0>;
L_0x8fb09ff00 .functor BUFZ 32, L_0x8fa477980, C4<00000000000000000000000000000000>, C4<00000000000000000000000000000000>, C4<00000000000000000000000000000000>;
L_0x8fac78b08 .functor BUFT 1, C4<1>, C4<0>, C4<0>, C4<0>;
L_0x8fb09ff70 .functor AND 1, L_0x8fac78b08, L_0x8fa910be0, C4<1>, C4<1>;
L_0x8fb130000 .functor AND 1, v0x8fb117020_0, v0x8fb116bc0_0, C4<1>, C4<1>;
L_0x8fac78b50 .functor BUFT 1, C4<11111111111111111111111111111110>, C4<0>, C4<0>, C4<0>;
L_0x8fb130070 .functor AND 32, v0x8fb119ae0_0, L_0x8fac78b50, C4<11111111111111111111111111111111>, C4<11111111111111111111111111111111>;
L_0x8fb1300e0 .functor AND 1, L_0x8fa8fb020, v0x8fb113c00_0, C4<1>, C4<1>;
L_0x8fac78be0 .functor BUFT 1, C4<1>, C4<0>, C4<0>, C4<0>;
L_0x8fb130150 .functor AND 1, L_0x8fb1300e0, L_0x8fac78be0, C4<1>, C4<1>;
v0x8fb10f7a0_0 .net *"_ivl_100", 31 0, L_0x8fa4777a0;  1 drivers
v0x8fb10f840_0 .net *"_ivl_103", 29 0, L_0x8fa910b40;  1 drivers
L_0x8fac78a78 .functor BUFT 1, C4<00>, C4<0>, C4<0>, C4<0>;
v0x8fb10f8e0_0 .net/2u *"_ivl_104", 1 0, L_0x8fac78a78;  1 drivers
v0x8fb10f980_0 .net *"_ivl_106", 31 0, L_0x8fa477840;  1 drivers
v0x8fb10fa20_0 .net/2u *"_ivl_110", 0 0, L_0x8fac78ac0;  1 drivers
v0x8fb10fac0_0 .net *"_ivl_113", 0 0, L_0x8fb09fe90;  1 drivers
v0x8fb10fb60_0 .net/2u *"_ivl_118", 0 0, L_0x8fac78b08;  1 drivers
v0x8fb10fc00_0 .net *"_ivl_120", 47 0, L_0x8fa477ac0;  1 drivers
v0x8fb10fca0_0 .net *"_ivl_123", 0 0, L_0x8fa910be0;  1 drivers
v0x8fb10fd40_0 .net *"_ivl_126", 3 0, L_0x8fa477b60;  1 drivers
v0x8fb10fde0_0 .net *"_ivl_131", 0 0, L_0x8fb130000;  1 drivers
v0x8fb10fe80_0 .net/2u *"_ivl_132", 31 0, L_0x8fac78b50;  1 drivers
v0x8fb10ff20_0 .net *"_ivl_134", 31 0, L_0x8fb130070;  1 drivers
L_0x8fac78b98 .functor BUFT 1, C4<01000000>, C4<0>, C4<0>, C4<0>;
v0x8fb110000_0 .net/2u *"_ivl_138", 7 0, L_0x8fac78b98;  1 drivers
v0x8fb1100a0_0 .net *"_ivl_140", 0 0, L_0x8fa8fb020;  1 drivers
v0x8fb110140_0 .net *"_ivl_143", 0 0, L_0x8fb1300e0;  1 drivers
v0x8fb1101e0_0 .net/2u *"_ivl_144", 0 0, L_0x8fac78be0;  1 drivers
v0x8fb110280_0 .net *"_ivl_25", 0 0, L_0x8fb09f4f0;  1 drivers
v0x8fb110320_0 .net *"_ivl_27", 0 0, L_0x8fb09f560;  1 drivers
v0x8fb1103c0_0 .net *"_ivl_30", 3 0, L_0x8fa477700;  1 drivers
v0x8fb110460_0 .net *"_ivl_35", 0 0, L_0x8fa9105a0;  1 drivers
v0x8fb110500_0 .net *"_ivl_37", 0 0, L_0x8fb09f640;  1 drivers
v0x8fb1105a0_0 .net *"_ivl_39", 0 0, L_0x8fb09f6b0;  1 drivers
v0x8fb110640_0 .net *"_ivl_41", 0 0, L_0x8fb09f720;  1 drivers
v0x8fb1106e0_0 .net *"_ivl_43", 0 0, L_0x8fb09f790;  1 drivers
v0x8fb110780_0 .net *"_ivl_45", 0 0, L_0x8fa910640;  1 drivers
v0x8fb110820_0 .net *"_ivl_47", 0 0, L_0x8fb09f800;  1 drivers
v0x8fb1108c0_0 .net *"_ivl_49", 0 0, L_0x8fb09f870;  1 drivers
v0x8fb110960_0 .net *"_ivl_51", 0 0, L_0x8fb09f8e0;  1 drivers
v0x8fb110a00_0 .net *"_ivl_53", 0 0, L_0x8fa9106e0;  1 drivers
v0x8fb110aa0_0 .net *"_ivl_55", 1 0, L_0x8fa910780;  1 drivers
v0x8fb110b40_0 .net *"_ivl_57", 0 0, L_0x8fa910820;  1 drivers
v0x8fb110be0_0 .net *"_ivl_59", 0 0, L_0x8fb09f950;  1 drivers
v0x8fb110c80_0 .net *"_ivl_61", 0 0, L_0x8fb09f9c0;  1 drivers
v0x8fb110d20_0 .net *"_ivl_65", 0 0, L_0x8fa9108c0;  1 drivers
v0x8fb110dc0_0 .net *"_ivl_67", 0 0, L_0x8fb09faa0;  1 drivers
v0x8fb110e60_0 .net *"_ivl_71", 0 0, L_0x8fa910960;  1 drivers
v0x8fb110f00_0 .net *"_ivl_73", 0 0, L_0x8fa910a00;  1 drivers
v0x8fb110fa0_0 .net *"_ivl_75", 0 0, L_0x8fb09fb80;  1 drivers
v0x8fb111040_0 .net *"_ivl_77", 0 0, L_0x8fb09fbf0;  1 drivers
v0x8fb1110e0_0 .net *"_ivl_79", 0 0, L_0x8fb09fc60;  1 drivers
v0x8fb111180_0 .net *"_ivl_81", 0 0, L_0x8fb09fcd0;  1 drivers
v0x8fb111220_0 .net/2u *"_ivl_82", 0 0, L_0x8fac789e8;  1 drivers
v0x8fb1112c0_0 .net *"_ivl_85", 0 0, L_0x8fb09fd40;  1 drivers
v0x8fb111360_0 .net *"_ivl_89", 0 0, L_0x8fb09fe20;  1 drivers
v0x8fb111400_0 .net *"_ivl_91", 29 0, L_0x8fa910aa0;  1 drivers
L_0x8fac79450 .functor BUFT 1, C4<000000000000000000000000000000>, C4<0>, C4<0>, C4<0>;
v0x8fb1114a0_0 .net *"_ivl_92", 29 0, L_0x8fac79450;  1 drivers
v0x8fb111540_0 .net *"_ivl_96", 29 0, L_0x8fb12fd40;  1 drivers
L_0x8fac78a30 .functor BUFT 1, C4<00>, C4<0>, C4<0>, C4<0>;
v0x8fb1115e0_0 .net/2u *"_ivl_98", 1 0, L_0x8fac78a30;  1 drivers
v0x8fb111680_0 .var "alu_add_sub", 31 0;
v0x8fb111720_0 .var "alu_eq", 0 0;
v0x8fb1117c0_0 .var "alu_lts", 0 0;
v0x8fb111860_0 .var "alu_ltu", 0 0;
v0x8fb111900_0 .var "alu_out", 31 0;
v0x8fb1119a0_0 .var "alu_out_0", 0 0;
v0x8fb111a40_0 .var "alu_out_0_q", 0 0;
v0x8fb111ae0_0 .var "alu_out_q", 31 0;
v0x8fb111b80_0 .var "alu_shl", 31 0;
v0x8fb111c20_0 .var "alu_shr", 31 0;
v0x8fb111cc0_0 .var "alu_wait", 0 0;
v0x8fb111d60_0 .var "alu_wait_2", 0 0;
v0x8fb111e00_0 .var "cached_ascii_instr", 63 0;
v0x8fb111ea0_0 .var "cached_insn_imm", 31 0;
v0x8fb111f40_0 .var "cached_insn_opcode", 31 0;
v0x8fb111fe0_0 .var "cached_insn_rd", 4 0;
v0x8fb112080_0 .var "cached_insn_rs1", 4 0;
v0x8fb112120_0 .var "cached_insn_rs2", 4 0;
v0x8fb1121c0_0 .var "clear_prefetched_high_word", 0 0;
v0x8fb112260_0 .var "clear_prefetched_high_word_q", 0 0;
v0x8fb112300_0 .net "clk", 0 0, L_0x8fb09f020;  alias, 1 drivers
v0x8fb1123a0_0 .var "compressed_instr", 0 0;
v0x8fb112440_0 .var "count_cycle", 63 0;
v0x8fb1124e0_0 .var "count_instr", 63 0;
v0x8fb112580_0 .var "cpu_state", 7 0;
v0x8fb112620 .array "cpuregs", 31 0, 31 0;
v0x8fb1126c0_0 .var "cpuregs_rs1", 31 0;
v0x8fb112760_0 .var "cpuregs_rs2", 31 0;
v0x8fb112800_0 .var "cpuregs_wrdata", 31 0;
v0x8fb1128a0_0 .var "cpuregs_write", 0 0;
v0x8fb112940_0 .var "current_pc", 31 0;
v0x8fb1129e0_0 .var "dbg_ascii_instr", 63 0;
v0x8fb112a80_0 .var "dbg_ascii_state", 127 0;
v0x8fb112b20_0 .var "dbg_insn_addr", 31 0;
v0x8fb112bc0_0 .var "dbg_insn_imm", 31 0;
v0x8fb112c60_0 .var "dbg_insn_opcode", 31 0;
v0x8fb112d00_0 .var "dbg_insn_rd", 4 0;
v0x8fb112da0_0 .var "dbg_insn_rs1", 4 0;
v0x8fb112e40_0 .var "dbg_insn_rs2", 4 0;
v0x8fb112ee0_0 .net "dbg_mem_addr", 31 0, L_0x8fb09f250;  1 drivers
v0x8fb112f80_0 .net "dbg_mem_instr", 0 0, L_0x8fb09f170;  1 drivers
v0x8fb113020_0 .net "dbg_mem_rdata", 31 0, L_0x8fb09f3a0;  1 drivers
v0x8fb1130c0_0 .net "dbg_mem_ready", 0 0, L_0x8fb09f1e0;  1 drivers
v0x8fb113160_0 .net "dbg_mem_valid", 0 0, L_0x8fb09f100;  1 drivers
v0x8fb113200_0 .net "dbg_mem_wdata", 31 0, L_0x8fb09f2c0;  1 drivers
v0x8fb1132a0_0 .net "dbg_mem_wstrb", 3 0, L_0x8fb09f330;  1 drivers
v0x8fb113340_0 .var "dbg_next", 0 0;
v0x8fb1133e0_0 .var "dbg_rs1val", 31 0;
v0x8fb113480_0 .var "dbg_rs1val_valid", 0 0;
v0x8fb113520_0 .var "dbg_rs2val", 31 0;
v0x8fb1135c0_0 .var "dbg_rs2val_valid", 0 0;
v0x8fb113660_0 .var "dbg_valid_insn", 0 0;
v0x8fb113700_0 .var "decoded_imm", 31 0;
v0x8fb1137a0_0 .var "decoded_imm_j", 31 0;
v0x8fb113840_0 .var "decoded_rd", 4 0;
v0x8fb1138e0_0 .var "decoded_rs", 4 0;
v0x8fb113980_0 .var "decoded_rs1", 4 0;
v0x8fb113a20_0 .var "decoded_rs2", 4 0;
v0x8fb113ac0_0 .var "decoder_pseudo_trigger", 0 0;
v0x8fb113b60_0 .var "decoder_pseudo_trigger_q", 0 0;
v0x8fb113c00_0 .var "decoder_trigger", 0 0;
v0x8fb113ca0_0 .var "decoder_trigger_q", 0 0;
v0x8fb113d40_0 .var "do_waitirq", 0 0;
v0x8fb113de0_0 .var "eoi", 31 0;
v0x8fb113e80_0 .var "instr_add", 0 0;
v0x8fb113f20_0 .var "instr_addi", 0 0;
v0x8fb114000_0 .var "instr_and", 0 0;
v0x8fb1140a0_0 .var "instr_andi", 0 0;
v0x8fb114140_0 .var "instr_auipc", 0 0;
v0x8fb1141e0_0 .var "instr_beq", 0 0;
v0x8fb114280_0 .var "instr_bge", 0 0;
v0x8fb114320_0 .var "instr_bgeu", 0 0;
v0x8fb1143c0_0 .var "instr_blt", 0 0;
v0x8fb114460_0 .var "instr_bltu", 0 0;
v0x8fb114500_0 .var "instr_bne", 0 0;
v0x8fb1145a0_0 .var "instr_ecall_ebreak", 0 0;
v0x8fb114640_0 .var "instr_fence", 0 0;
v0x8fb1146e0_0 .var "instr_getq", 0 0;
v0x8fb114780_0 .var "instr_jal", 0 0;
v0x8fb114820_0 .var "instr_jalr", 0 0;
v0x8fb1148c0_0 .var "instr_lb", 0 0;
v0x8fb114960_0 .var "instr_lbu", 0 0;
v0x8fb114a00_0 .var "instr_lh", 0 0;
v0x8fb114aa0_0 .var "instr_lhu", 0 0;
v0x8fb114b40_0 .var "instr_lui", 0 0;
v0x8fb114be0_0 .var "instr_lw", 0 0;
v0x8fb114c80_0 .var "instr_maskirq", 0 0;
v0x8fb114d20_0 .var "instr_or", 0 0;
v0x8fb114dc0_0 .var "instr_ori", 0 0;
v0x8fb114e60_0 .var "instr_rdcycle", 0 0;
v0x8fb114f00_0 .var "instr_rdcycleh", 0 0;
v0x8fb114fa0_0 .var "instr_rdinstr", 0 0;
v0x8fb115040_0 .var "instr_rdinstrh", 0 0;
v0x8fb1150e0_0 .var "instr_retirq", 0 0;
v0x8fb115180_0 .var "instr_sb", 0 0;
v0x8fb115220_0 .var "instr_setq", 0 0;
v0x8fb1152c0_0 .var "instr_sh", 0 0;
v0x8fb115360_0 .var "instr_sll", 0 0;
v0x8fb115400_0 .var "instr_slli", 0 0;
v0x8fb1154a0_0 .var "instr_slt", 0 0;
v0x8fb115540_0 .var "instr_slti", 0 0;
v0x8fb1155e0_0 .var "instr_sltiu", 0 0;
v0x8fb115680_0 .var "instr_sltu", 0 0;
v0x8fb115720_0 .var "instr_sra", 0 0;
v0x8fb1157c0_0 .var "instr_srai", 0 0;
v0x8fb115860_0 .var "instr_srl", 0 0;
v0x8fb115900_0 .var "instr_srli", 0 0;
v0x8fb1159a0_0 .var "instr_sub", 0 0;
v0x8fb115a40_0 .var "instr_sw", 0 0;
v0x8fb115ae0_0 .var "instr_timer", 0 0;
v0x8fb115b80_0 .net "instr_trap", 0 0, L_0x8fb09ff70;  1 drivers
v0x8fb115c20_0 .var "instr_waitirq", 0 0;
v0x8fb115cc0_0 .var "instr_xor", 0 0;
v0x8fb115d60_0 .var "instr_xori", 0 0;
v0x8fb115e00_0 .net "irq", 31 0, o0x8fac4b840;  alias, 0 drivers
v0x8fb115ea0_0 .var "irq_active", 0 0;
v0x8fb115f40_0 .var "irq_delay", 0 0;
v0x8fb115fe0_0 .var "irq_mask", 31 0;
v0x8fb116080_0 .var "irq_pending", 31 0;
v0x8fb116120_0 .var "irq_state", 1 0;
v0x8fb1161c0_0 .var "is_alu_reg_imm", 0 0;
v0x8fb116260_0 .var "is_alu_reg_reg", 0 0;
v0x8fb116300_0 .var "is_beq_bne_blt_bge_bltu_bgeu", 0 0;
v0x8fb1163a0_0 .var "is_compare", 0 0;
v0x8fb116440_0 .var "is_jalr_addi_slti_sltiu_xori_ori_andi", 0 0;
v0x8fb1164e0_0 .var "is_lb_lh_lw_lbu_lhu", 0 0;
v0x8fb116580_0 .var "is_lbu_lhu_lw", 0 0;
v0x8fb116620_0 .var "is_lui_auipc_jal", 0 0;
v0x8fb1166c0_0 .var "is_lui_auipc_jal_jalr_addi_add_sub", 0 0;
v0x8fb116760_0 .net "is_rdcycle_rdcycleh_rdinstr_rdinstrh", 0 0, L_0x8fa910c80;  1 drivers
v0x8fb116800_0 .var "is_sb_sh_sw", 0 0;
v0x8fb1168a0_0 .var "is_sll_srl_sra", 0 0;
v0x8fb116940_0 .var "is_slli_srli_srai", 0 0;
v0x8fb1169e0_0 .var "is_slti_blt_slt", 0 0;
v0x8fb116a80_0 .var "is_sltiu_bltu_sltu", 0 0;
v0x8fb116b20_0 .var "last_mem_valid", 0 0;
v0x8fb116bc0_0 .var "latched_branch", 0 0;
v0x8fb116c60_0 .var "latched_compr", 0 0;
v0x8fb116d00_0 .var "latched_is_lb", 0 0;
v0x8fb116da0_0 .var "latched_is_lh", 0 0;
v0x8fb116e40_0 .var "latched_is_lu", 0 0;
v0x8fb116ee0_0 .var "latched_rd", 4 0;
v0x8fb116f80_0 .var "latched_stalu", 0 0;
v0x8fb117020_0 .var "latched_store", 0 0;
v0x8fb1170c0_0 .var "latched_trace", 0 0;
v0x8fb117160_0 .net "launch_next_insn", 0 0, L_0x8fb130150;  1 drivers
v0x8fb117200_0 .var "mem_addr", 31 0;
v0x8fb1172a0_0 .net "mem_busy", 0 0, L_0x8fa910500;  1 drivers
v0x8fb117340_0 .var "mem_do_prefetch", 0 0;
v0x8fb1173e0_0 .var "mem_do_rdata", 0 0;
v0x8fb117480_0 .var "mem_do_rinst", 0 0;
v0x8fb117520_0 .var "mem_do_wdata", 0 0;
v0x8fb1175c0_0 .net "mem_done", 0 0, L_0x8fb09fa30;  1 drivers
v0x8fb117660_0 .var "mem_instr", 0 0;
v0x8fb117700_0 .net "mem_la_addr", 31 0, L_0x8fa4778e0;  1 drivers
L_0x8fac78910 .functor BUFT 1, C4<0>, C4<0>, C4<0>, C4<0>;
v0x8fb1177a0_0 .net "mem_la_firstword", 0 0, L_0x8fac78910;  1 drivers
v0x8fb117840_0 .var "mem_la_firstword_reg", 0 0;
L_0x8fac78958 .functor BUFT 1, C4<0>, C4<0>, C4<0>, C4<0>;
v0x8fb1178e0_0 .net "mem_la_firstword_xfer", 0 0, L_0x8fac78958;  1 drivers
v0x8fb117980_0 .net "mem_la_read", 0 0, L_0x8fb09fdb0;  1 drivers
v0x8fb117a20_0 .var "mem_la_secondword", 0 0;
v0x8fb117ac0_0 .net "mem_la_use_prefetched_high_word", 0 0, L_0x8fac789a0;  1 drivers
v0x8fb117b60_0 .var "mem_la_wdata", 31 0;
v0x8fb117c00_0 .net "mem_la_write", 0 0, L_0x8fb09fb10;  1 drivers
v0x8fb117ca0_0 .var "mem_la_wstrb", 3 0;
v0x8fb117d40_0 .net "mem_rdata", 31 0, v0x8fb11a8a0_0;  1 drivers
v0x8fb117de0_0 .net "mem_rdata_latched", 31 0, L_0x8fb09ff00;  1 drivers
v0x8fb117e80_0 .net "mem_rdata_latched_noshuffle", 31 0, L_0x8fa477980;  1 drivers
v0x8fb117f20_0 .var "mem_rdata_q", 31 0;
v0x8fb118000_0 .var "mem_rdata_word", 31 0;
v0x8fb1180a0_0 .net "mem_ready", 0 0, v0x8fb11a940_0;  1 drivers
v0x8fb118140_0 .var "mem_state", 1 0;
v0x8fb1181e0_0 .var "mem_valid", 0 0;
v0x8fb118280_0 .var "mem_wdata", 31 0;
v0x8fb118320_0 .var "mem_wordsize", 1 0;
v0x8fb1183c0_0 .var "mem_wstrb", 3 0;
v0x8fb118460_0 .net "mem_xfer", 0 0, L_0x8fb09f5d0;  1 drivers
v0x8fb118500_0 .var "new_ascii_instr", 63 0;
v0x8fb1185a0_0 .var "next_insn_opcode", 31 0;
v0x8fb118640_0 .var "next_irq_pending", 31 0;
v0x8fb1186e0_0 .net "next_pc", 31 0, L_0x8fa477a20;  1 drivers
L_0x8fac78838 .functor BUFT 1, C4<xxxxxxxxxxxxxxxxxxxxxxxxxxxxxxxx>, C4<0>, C4<0>, C4<0>;
v0x8fb118780_0 .net "pcpi_div_rd", 31 0, L_0x8fac78838;  1 drivers
L_0x8fac788c8 .functor BUFT 1, C4<0>, C4<0>, C4<0>, C4<0>;
v0x8fb118820_0 .net "pcpi_div_ready", 0 0, L_0x8fac788c8;  1 drivers
L_0x8fac78880 .functor BUFT 1, C4<0>, C4<0>, C4<0>, C4<0>;
v0x8fb1188c0_0 .net "pcpi_div_wait", 0 0, L_0x8fac78880;  1 drivers
L_0x8fac787f0 .functor BUFT 1, C4<0>, C4<0>, C4<0>, C4<0>;
v0x8fb118960_0 .net "pcpi_div_wr", 0 0, L_0x8fac787f0;  1 drivers
v0x8fb118a00_0 .var "pcpi_insn", 31 0;
v0x8fb118aa0_0 .var "pcpi_int_rd", 31 0;
v0x8fb118b40_0 .var "pcpi_int_ready", 0 0;
v0x8fb118be0_0 .var "pcpi_int_wait", 0 0;
v0x8fb118c80_0 .var "pcpi_int_wr", 0 0;
L_0x8fac78718 .functor BUFT 1, C4<xxxxxxxxxxxxxxxxxxxxxxxxxxxxxxxx>, C4<0>, C4<0>, C4<0>;
v0x8fb118d20_0 .net "pcpi_mul_rd", 31 0, L_0x8fac78718;  1 drivers
L_0x8fac787a8 .functor BUFT 1, C4<0>, C4<0>, C4<0>, C4<0>;
v0x8fb118dc0_0 .net "pcpi_mul_ready", 0 0, L_0x8fac787a8;  1 drivers
L_0x8fac78760 .functor BUFT 1, C4<0>, C4<0>, C4<0>, C4<0>;
v0x8fb118e60_0 .net "pcpi_mul_wait", 0 0, L_0x8fac78760;  1 drivers
L_0x8fac786d0 .functor BUFT 1, C4<0>, C4<0>, C4<0>, C4<0>;
v0x8fb118f00_0 .net "pcpi_mul_wr", 0 0, L_0x8fac786d0;  1 drivers
v0x8fb118fa0_0 .net "pcpi_rd", 31 0, o0x8fac4c710;  alias, 0 drivers
v0x8fb119040_0 .net "pcpi_ready", 0 0, o0x8fac4c740;  alias, 0 drivers
v0x8fb1190e0_0 .net "pcpi_rs1", 31 0, L_0x8fb09f410;  alias, 1 drivers
v0x8fb119180_0 .net "pcpi_rs2", 31 0, L_0x8fb09f480;  alias, 1 drivers
v0x8fb119220_0 .var "pcpi_timeout", 0 0;
v0x8fb1192c0_0 .var "pcpi_valid", 0 0;
v0x8fb119360_0 .net "pcpi_wait", 0 0, o0x8fac4c830;  alias, 0 drivers
v0x8fb119400_0 .net "pcpi_wr", 0 0, o0x8fac4c860;  alias, 0 drivers
v0x8fb1194a0_0 .var "prefetched_high_word", 0 0;
v0x8fb119540_0 .var "q_ascii_instr", 63 0;
v0x8fb1195e0_0 .var "q_insn_imm", 31 0;
v0x8fb119680_0 .var "q_insn_opcode", 31 0;
v0x8fb119720_0 .var "q_insn_rd", 4 0;
v0x8fb1197c0_0 .var "q_insn_rs1", 4 0;
v0x8fb119860_0 .var "q_insn_rs2", 4 0;
v0x8fb119900_0 .var "reg_next_pc", 31 0;
v0x8fb1199a0_0 .var "reg_op1", 31 0;
v0x8fb119a40_0 .var "reg_op2", 31 0;
v0x8fb119ae0_0 .var "reg_out", 31 0;
v0x8fb119b80_0 .var "reg_pc", 31 0;
v0x8fb119c20_0 .var "reg_sh", 4 0;
v0x8fb119cc0_0 .net "resetn", 0 0, L_0x8fb09f090;  alias, 1 drivers
v0x8fb119d60_0 .var "set_mem_do_rdata", 0 0;
v0x8fb119e00_0 .var "set_mem_do_rinst", 0 0;
v0x8fb119ea0_0 .var "set_mem_do_wdata", 0 0;
v0x8fb119f40_0 .var "timer", 31 0;
v0x8fb119fe0_0 .var "trace_data", 35 0;
v0x8fb11a080_0 .var "trace_valid", 0 0;
v0x8fb11a120_0 .var "trap", 0 0;
E_0x8fb0d2980 .event posedge, v0x8fb112300_0;
v0x8fb112620_0 .array/port v0x8fb112620, 0;
v0x8fb112620_1 .array/port v0x8fb112620, 1;
v0x8fb112620_2 .array/port v0x8fb112620, 2;
E_0x8fb0d29c0/0 .event anyedge, v0x8fb113980_0, v0x8fb112620_0, v0x8fb112620_1, v0x8fb112620_2;
v0x8fb112620_3 .array/port v0x8fb112620, 3;
v0x8fb112620_4 .array/port v0x8fb112620, 4;
v0x8fb112620_5 .array/port v0x8fb112620, 5;
v0x8fb112620_6 .array/port v0x8fb112620, 6;
E_0x8fb0d29c0/1 .event anyedge, v0x8fb112620_3, v0x8fb112620_4, v0x8fb112620_5, v0x8fb112620_6;
v0x8fb112620_7 .array/port v0x8fb112620, 7;
v0x8fb112620_8 .array/port v0x8fb112620, 8;
v0x8fb112620_9 .array/port v0x8fb112620, 9;
v0x8fb112620_10 .array/port v0x8fb112620, 10;
E_0x8fb0d29c0/2 .event anyedge, v0x8fb112620_7, v0x8fb112620_8, v0x8fb112620_9, v0x8fb112620_10;
v0x8fb112620_11 .array/port v0x8fb112620, 11;
v0x8fb112620_12 .array/port v0x8fb112620, 12;
v0x8fb112620_13 .array/port v0x8fb112620, 13;
v0x8fb112620_14 .array/port v0x8fb112620, 14;
E_0x8fb0d29c0/3 .event anyedge, v0x8fb112620_11, v0x8fb112620_12, v0x8fb112620_13, v0x8fb112620_14;
v0x8fb112620_15 .array/port v0x8fb112620, 15;
v0x8fb112620_16 .array/port v0x8fb112620, 16;
v0x8fb112620_17 .array/port v0x8fb112620, 17;
v0x8fb112620_18 .array/port v0x8fb112620, 18;
E_0x8fb0d29c0/4 .event anyedge, v0x8fb112620_15, v0x8fb112620_16, v0x8fb112620_17, v0x8fb112620_18;
v0x8fb112620_19 .array/port v0x8fb112620, 19;
v0x8fb112620_20 .array/port v0x8fb112620, 20;
v0x8fb112620_21 .array/port v0x8fb112620, 21;
v0x8fb112620_22 .array/port v0x8fb112620, 22;
E_0x8fb0d29c0/5 .event anyedge, v0x8fb112620_19, v0x8fb112620_20, v0x8fb112620_21, v0x8fb112620_22;
v0x8fb112620_23 .array/port v0x8fb112620, 23;
v0x8fb112620_24 .array/port v0x8fb112620, 24;
v0x8fb112620_25 .array/port v0x8fb112620, 25;
v0x8fb112620_26 .array/port v0x8fb112620, 26;
E_0x8fb0d29c0/6 .event anyedge, v0x8fb112620_23, v0x8fb112620_24, v0x8fb112620_25, v0x8fb112620_26;
v0x8fb112620_27 .array/port v0x8fb112620, 27;
v0x8fb112620_28 .array/port v0x8fb112620, 28;
v0x8fb112620_29 .array/port v0x8fb112620, 29;
v0x8fb112620_30 .array/port v0x8fb112620, 30;
E_0x8fb0d29c0/7 .event anyedge, v0x8fb112620_27, v0x8fb112620_28, v0x8fb112620_29, v0x8fb112620_30;
v0x8fb112620_31 .array/port v0x8fb112620, 31;
E_0x8fb0d29c0/8 .event anyedge, v0x8fb112620_31, v0x8fb113a20_0;
E_0x8fb0d29c0 .event/or E_0x8fb0d29c0/0, E_0x8fb0d29c0/1, E_0x8fb0d29c0/2, E_0x8fb0d29c0/3, E_0x8fb0d29c0/4, E_0x8fb0d29c0/5, E_0x8fb0d29c0/6, E_0x8fb0d29c0/7, E_0x8fb0d29c0/8;
E_0x8fb0d2a00/0 .event anyedge, v0x8fb112580_0, v0x8fb119b80_0, v0x8fb116c60_0, v0x8fb116bc0_0;
E_0x8fb0d2a00/1 .event anyedge, v0x8fb116f80_0, v0x8fb111ae0_0, v0x8fb119ae0_0, v0x8fb117020_0;
E_0x8fb0d2a00/2 .event anyedge, v0x8fb119900_0, v0x8fb116080_0, v0x8fb115fe0_0;
E_0x8fb0d2a00 .event/or E_0x8fb0d2a00/0, E_0x8fb0d2a00/1, E_0x8fb0d2a00/2;
E_0x8fb0d2a40/0 .event anyedge, v0x8fb112260_0, v0x8fb1194a0_0, v0x8fb116bc0_0, v0x8fb116120_0;
E_0x8fb0d2a40/1 .event anyedge, v0x8fb119cc0_0;
E_0x8fb0d2a40 .event/or E_0x8fb0d2a40/0, E_0x8fb0d2a40/1;
E_0x8fb0d2a80/0 .event anyedge, v0x8fb111720_0, v0x8fb1141e0_0, v0x8fb114500_0, v0x8fb1117c0_0;
E_0x8fb0d2a80/1 .event anyedge, v0x8fb114280_0, v0x8fb111860_0, v0x8fb114320_0, v0x8fb1169e0_0;
E_0x8fb0d2a80/2 .event anyedge, v0x8fb116a80_0, v0x8fb111680_0, v0x8fb1166c0_0, v0x8fb1119a0_0;
E_0x8fb0d2a80/3 .event anyedge, v0x8fb1163a0_0, v0x8fb1199a0_0, v0x8fb119a40_0, v0x8fb115d60_0;
E_0x8fb0d2a80/4 .event anyedge, v0x8fb115cc0_0, v0x8fb114dc0_0, v0x8fb114d20_0, v0x8fb1140a0_0;
E_0x8fb0d2a80/5 .event anyedge, v0x8fb114000_0, v0x8fb111b80_0, v0x8fb111c20_0;
E_0x8fb0d2a80 .event/or E_0x8fb0d2a80/0, E_0x8fb0d2a80/1, E_0x8fb0d2a80/2, E_0x8fb0d2a80/3, E_0x8fb0d2a80/4, E_0x8fb0d2a80/5;
E_0x8fb0d2ac0 .event anyedge, v0x8fb112580_0;
E_0x8fb0d2b00/0 .event anyedge, v0x8fb119540_0, v0x8fb1195e0_0, v0x8fb119680_0, v0x8fb1197c0_0;
E_0x8fb0d2b00/1 .event anyedge, v0x8fb119860_0, v0x8fb119720_0, v0x8fb113340_0, v0x8fb113b60_0;
E_0x8fb0d2b00/2 .event anyedge, v0x8fb111e00_0, v0x8fb111ea0_0, v0x8fb111f40_0, v0x8fb112080_0;
E_0x8fb0d2b00/3 .event anyedge, v0x8fb112120_0, v0x8fb111fe0_0, v0x8fb118500_0, v0x8fb1185a0_0;
E_0x8fb0d2b00/4 .event anyedge, v0x8fb113700_0, v0x8fb113980_0, v0x8fb113a20_0, v0x8fb113840_0;
E_0x8fb0d2b00 .event/or E_0x8fb0d2b00/0, E_0x8fb0d2b00/1, E_0x8fb0d2b00/2, E_0x8fb0d2b00/3, E_0x8fb0d2b00/4;
E_0x8fb0d2b40/0 .event anyedge, v0x8fb114b40_0, v0x8fb114140_0, v0x8fb114780_0, v0x8fb114820_0;
E_0x8fb0d2b40/1 .event anyedge, v0x8fb1141e0_0, v0x8fb114500_0, v0x8fb1143c0_0, v0x8fb114280_0;
E_0x8fb0d2b40/2 .event anyedge, v0x8fb114460_0, v0x8fb114320_0, v0x8fb1148c0_0, v0x8fb114a00_0;
E_0x8fb0d2b40/3 .event anyedge, v0x8fb114be0_0, v0x8fb114960_0, v0x8fb114aa0_0, v0x8fb115180_0;
E_0x8fb0d2b40/4 .event anyedge, v0x8fb1152c0_0, v0x8fb115a40_0, v0x8fb113f20_0, v0x8fb115540_0;
E_0x8fb0d2b40/5 .event anyedge, v0x8fb1155e0_0, v0x8fb115d60_0, v0x8fb114dc0_0, v0x8fb1140a0_0;
E_0x8fb0d2b40/6 .event anyedge, v0x8fb115400_0, v0x8fb115900_0, v0x8fb1157c0_0, v0x8fb113e80_0;
E_0x8fb0d2b40/7 .event anyedge, v0x8fb1159a0_0, v0x8fb115360_0, v0x8fb1154a0_0, v0x8fb115680_0;
E_0x8fb0d2b40/8 .event anyedge, v0x8fb115cc0_0, v0x8fb115860_0, v0x8fb115720_0, v0x8fb114d20_0;
E_0x8fb0d2b40/9 .event anyedge, v0x8fb114000_0, v0x8fb114e60_0, v0x8fb114f00_0, v0x8fb114fa0_0;
E_0x8fb0d2b40/10 .event anyedge, v0x8fb115040_0, v0x8fb114640_0, v0x8fb1146e0_0, v0x8fb115220_0;
E_0x8fb0d2b40/11 .event anyedge, v0x8fb1150e0_0, v0x8fb114c80_0, v0x8fb115c20_0, v0x8fb115ae0_0;
E_0x8fb0d2b40 .event/or E_0x8fb0d2b40/0, E_0x8fb0d2b40/1, E_0x8fb0d2b40/2, E_0x8fb0d2b40/3, E_0x8fb0d2b40/4, E_0x8fb0d2b40/5, E_0x8fb0d2b40/6, E_0x8fb0d2b40/7, E_0x8fb0d2b40/8, E_0x8fb0d2b40/9, E_0x8fb0d2b40/10, E_0x8fb0d2b40/11;
E_0x8fb0d2b80 .event anyedge, v0x8fb118320_0, v0x8fb119a40_0, v0x8fb117d40_0, v0x8fb1199a0_0;
E_0x8fb0d2bc0 .event anyedge, v0x8fb118f00_0, v0x8fb118d20_0, v0x8fb118960_0, v0x8fb118780_0;
L_0x8fa477700 .concat [ 1 1 1 1], v0x8fb117520_0, v0x8fb1173e0_0, v0x8fb117480_0, v0x8fb117340_0;
L_0x8fa910500 .reduce/or L_0x8fa477700;
L_0x8fa9105a0 .reduce/or v0x8fb118140_0;
L_0x8fa910640 .reduce/and v0x8fb118140_0;
L_0x8fa9106e0 .reduce/nor L_0x8fac78910;
L_0x8fa910780 .part L_0x8fb09ff00, 0, 2;
L_0x8fa910820 .reduce/nand L_0x8fa910780;
L_0x8fa9108c0 .reduce/nor v0x8fb118140_0;
L_0x8fa910960 .reduce/nor L_0x8fac789a0;
L_0x8fa910a00 .reduce/nor v0x8fb118140_0;
L_0x8fa910aa0 .part L_0x8fa477a20, 2, 30;
L_0x8fb12fd40 .arith/sum 30, L_0x8fa910aa0, L_0x8fac79450;
L_0x8fa4777a0 .concat [ 2 30 0 0], L_0x8fac78a30, L_0x8fb12fd40;
L_0x8fa910b40 .part v0x8fb1199a0_0, 2, 30;
L_0x8fa477840 .concat [ 2 30 0 0], L_0x8fac78a78, L_0x8fa910b40;
L_0x8fa4778e0 .functor MUXZ 32, L_0x8fa477840, L_0x8fa4777a0, L_0x8fb09fe20, C4<>;
L_0x8fa477980 .functor MUXZ 32, v0x8fb117f20_0, v0x8fb11a8a0_0, L_0x8fb09fe90, C4<>;
LS_0x8fa477ac0_0_0 .concat [ 1 1 1 1], v0x8fb115ae0_0, v0x8fb115c20_0, v0x8fb114c80_0, v0x8fb1150e0_0;
LS_0x8fa477ac0_0_4 .concat [ 1 1 1 1], v0x8fb115220_0, v0x8fb1146e0_0, v0x8fb114640_0, v0x8fb115040_0;
LS_0x8fa477ac0_0_8 .concat [ 1 1 1 1], v0x8fb114fa0_0, v0x8fb114f00_0, v0x8fb114e60_0, v0x8fb114000_0;
LS_0x8fa477ac0_0_12 .concat [ 1 1 1 1], v0x8fb114d20_0, v0x8fb115720_0, v0x8fb115860_0, v0x8fb115cc0_0;
LS_0x8fa477ac0_0_16 .concat [ 1 1 1 1], v0x8fb115680_0, v0x8fb1154a0_0, v0x8fb115360_0, v0x8fb1159a0_0;
LS_0x8fa477ac0_0_20 .concat [ 1 1 1 1], v0x8fb113e80_0, v0x8fb1157c0_0, v0x8fb115900_0, v0x8fb115400_0;
LS_0x8fa477ac0_0_24 .concat [ 1 1 1 1], v0x8fb1140a0_0, v0x8fb114dc0_0, v0x8fb115d60_0, v0x8fb1155e0_0;
LS_0x8fa477ac0_0_28 .concat [ 1 1 1 1], v0x8fb115540_0, v0x8fb113f20_0, v0x8fb115a40_0, v0x8fb1152c0_0;
LS_0x8fa477ac0_0_32 .concat [ 1 1 1 1], v0x8fb115180_0, v0x8fb114aa0_0, v0x8fb114960_0, v0x8fb114be0_0;
LS_0x8fa477ac0_0_36 .concat [ 1 1 1 1], v0x8fb114a00_0, v0x8fb1148c0_0, v0x8fb114320_0, v0x8fb114460_0;
LS_0x8fa477ac0_0_40 .concat [ 1 1 1 1], v0x8fb114280_0, v0x8fb1143c0_0, v0x8fb114500_0, v0x8fb1141e0_0;
LS_0x8fa477ac0_0_44 .concat [ 1 1 1 1], v0x8fb114820_0, v0x8fb114780_0, v0x8fb114140_0, v0x8fb114b40_0;
LS_0x8fa477ac0_1_0 .concat [ 4 4 4 4], LS_0x8fa477ac0_0_0, LS_0x8fa477ac0_0_4, LS_0x8fa477ac0_0_8, LS_0x8fa477ac0_0_12;
LS_0x8fa477ac0_1_4 .concat [ 4 4 4 4], LS_0x8fa477ac0_0_16, LS_0x8fa477ac0_0_20, LS_0x8fa477ac0_0_24, LS_0x8fa477ac0_0_28;
LS_0x8fa477ac0_1_8 .concat [ 4 4 4 4], LS_0x8fa477ac0_0_32, LS_0x8fa477ac0_0_36, LS_0x8fa477ac0_0_40, LS_0x8fa477ac0_0_44;
L_0x8fa477ac0 .concat [ 16 16 16 0], LS_0x8fa477ac0_1_0, LS_0x8fa477ac0_1_4, LS_0x8fa477ac0_1_8;
L_0x8fa910be0 .reduce/nor L_0x8fa477ac0;
L_0x8fa477b60 .concat [ 1 1 1 1], v0x8fb115040_0, v0x8fb114fa0_0, v0x8fb114f00_0, v0x8fb114e60_0;
L_0x8fa910c80 .reduce/or L_0x8fa477b60;
L_0x8fa477a20 .functor MUXZ 32, v0x8fb119900_0, L_0x8fb130070, L_0x8fb130000, C4<>;
L_0x8fa8fb020 .cmp/eq 8, v0x8fb112580_0, L_0x8fac78b98;
S_0x8fa4d8a80 .scope task, "empty_statement" "empty_statement" 3 214, 3 214 0, S_0x8fa4d8900;
 .timescale -9 -12;
TD_picorv32_wb.picorv32_core.empty_statement ;
    %end;
S_0x8fa4d8c00 .scope generate, "genblk1" "genblk1" 3 285, 3 285 0, S_0x8fa4d8900;
 .timescale -9 -12;
S_0x8fa4d8d80 .scope generate, "genblk2" "genblk2" 3 305, 3 305 0, S_0x8fa4d8900;
 .timescale -9 -12;
S_0x8fa4d8f00 .scope generate, "genblk3" "genblk3" 3 1229, 3 1229 0, S_0x8fa4d8900;
 .timescale -9 -12;
E_0x8fb0d2c00/0 .event anyedge, v0x8fb1159a0_0, v0x8fb1199a0_0, v0x8fb119a40_0, v0x8fb115720_0;
E_0x8fb0d2c00/1 .event anyedge, v0x8fb1157c0_0;
E_0x8fb0d2c00 .event/or E_0x8fb0d2c00/0, E_0x8fb0d2c00/1;
S_0x104e061a0 .scope module, "tb_loader" "tb_loader" 4 5;
 .timescale -9 -12;
P_0x8fa4be100 .param/l "AWIDTH" 1 4 7, +C4<00000000000000000000000000001011>;
P_0x8fa4be140 .param/l "BIT_T" 1 4 23, +C4<0000000000000000000000000000000000000000000000000000000001010000>;
P_0x8fa4be180 .param/l "CHUNK" 1 4 79, +C4<00000000000000000000000000001000>;
P_0x8fa4be1c0 .param/l "CLKS_PER_BIT" 1 4 6, +C4<00000000000000000000000000001000>;
v0x8fb12f3e0_0 .var/i "chunk_cnt", 31 0;
v0x8fb12f480_0 .var "clk", 0 0;
v0x8fb12f520_0 .var "crc", 15 0;
v0x8fb12f5c0_0 .var "cur_word", 31 0;
v0x8fb12f660_0 .var/i "errors", 31 0;
v0x8fb12f700_0 .var/i "exp_val", 31 0;
v0x8fb12f7a0_0 .net "led", 5 0, L_0x8fb131420;  1 drivers
v0x8fb12f840 .array "prog", 2047 0, 31 0;
v0x8fb12f8e0_0 .var "prog_path", 1023 0;
v0x8fb12f980_0 .var "result", 7 0;
v0x8fb12fa20_0 .var "rst_btn", 0 0;
v0x8fb12fac0_0 .var/i "total_words", 31 0;
v0x8fb12fb60_0 .var "uart_rx_pin", 0 0;
v0x8fb12fc00_0 .net "uart_tx_pin", 0 0, v0x8fb12ca00_0;  1 drivers
S_0x8fa4d9080 .scope function.vec4.s16, "crc_next" "crc_next" 4 55, 4 55 0, S_0x104e061a0;
 .timescale -9 -12;
v0x8fb11bac0_0 .var "c", 15 0;
; Variable crc_next is vec4 return value of scope S_0x8fa4d9080
v0x8fb11bc00_0 .var "d", 7 0;
v0x8fb11bca0_0 .var/i "i", 31 0;
v0x8fb11bd40_0 .var "t", 15 0;
TD_tb_loader.crc_next ;
    %load/vec4 v0x8fb11bac0_0;
    %load/vec4 v0x8fb11bc00_0;
    %concati/vec4 0, 0, 8;
    %xor;
    %store/vec4 v0x8fb11bd40_0, 0, 16;
    %pushi/vec4 0, 0, 32;
    %store/vec4 v0x8fb11bca0_0, 0, 32;
T_2.0 ; Top of for-loop
    %load/vec4 v0x8fb11bca0_0;
    %cmpi/s 8, 0, 32;
	  %jmp/0xz T_2.1, 5;
    %load/vec4 v0x8fb11bd40_0;
    %parti/s 1, 15, 5;
    %flag_set/vec4 8;
    %jmp/0 T_2.3, 8;
    %load/vec4 v0x8fb11bd40_0;
    %ix/load 4, 1, 0;
    %flag_set/imm 4, 0;
    %shiftl 4;
    %pushi/vec4 4129, 0, 16;
    %xor;
    %jmp/1 T_2.4, 8;
T_2.3 ; End of true expr.
    %load/vec4 v0x8fb11bd40_0;
    %ix/load 4, 1, 0;
    %flag_set/imm 4, 0;
    %shiftl 4;
    %jmp/0 T_2.4, 8;
 ; End of false expr.
    %blend;
T_2.4;
    %store/vec4 v0x8fb11bd40_0, 0, 16;
T_2.2 ; for-loop step statement
    %load/vec4 v0x8fb11bca0_0;
    %addi 1, 0, 32;
    %store/vec4 v0x8fb11bca0_0, 0, 32;
    %jmp T_2.0;
T_2.1 ; for-loop exit label
    %load/vec4 v0x8fb11bd40_0;
    %ret/vec4 0, 0, 16;  Assign to crc_next (store_vec4_to_lval)
    %end;
S_0x8fa4d9200 .scope module, "dut" "top_loader" 4 17, 5 7 0, S_0x104e061a0;
 .timescale -9 -12;
    .port_info 0 /INPUT 1 "clk";
    .port_info 1 /INPUT 1 "rst_btn";
    .port_info 2 /INPUT 1 "uart_rx";
    .port_info 3 /OUTPUT 1 "uart_tx";
    .port_info 4 /OUTPUT 6 "led";
P_0x8fa4e8680 .param/l "AWIDTH" 0 5 9, +C4<00000000000000000000000000001011>;
P_0x8fa4e86c0 .param/l "CLKS_PER_BIT" 0 5 8, +C4<00000000000000000000000000001000>;
L_0x8fb1313b0 .functor AND 1, v0x8fb128be0_0, L_0x8fa8fb160, C4<1>, C4<1>;
L_0x8fb131420 .functor NOT 6, v0x8fb12dea0_0, C4<000000>, C4<000000>, C4<000000>;
v0x8fb12caa0_0 .net *"_ivl_11", 7 0, L_0x8fa911ae0;  1 drivers
v0x8fb12cb40_0 .net *"_ivl_13", 7 0, L_0x8fa911b80;  1 drivers
L_0x8fac791c8 .functor BUFT 1, C4<0000>, C4<0>, C4<0>, C4<0>;
v0x8fb12cbe0_0 .net/2u *"_ivl_16", 3 0, L_0x8fac791c8;  1 drivers
v0x8fb12cc80_0 .net *"_ivl_18", 3 0, L_0x8fa91c280;  1 drivers
L_0x8fac79210 .functor BUFT 1, C4<1111>, C4<0>, C4<0>, C4<0>;
v0x8fb12cd20_0 .net/2u *"_ivl_20", 3 0, L_0x8fac79210;  1 drivers
L_0x8fac79258 .functor BUFT 1, C4<0000>, C4<0>, C4<0>, C4<0>;
v0x8fb12cdc0_0 .net/2u *"_ivl_22", 3 0, L_0x8fac79258;  1 drivers
v0x8fb12ce60_0 .net *"_ivl_24", 3 0, L_0x8fa91c320;  1 drivers
v0x8fb12cf00_0 .net *"_ivl_3", 21 0, L_0x8fa911a40;  1 drivers
L_0x8fac792a0 .functor BUFT 1, C4<00000010000000000000000000000000>, C4<0>, C4<0>, C4<0>;
v0x8fb12cfa0_0 .net/2u *"_ivl_30", 31 0, L_0x8fac792a0;  1 drivers
L_0x8fac792e8 .functor BUFT 1, C4<00000011000000000000000000000000>, C4<0>, C4<0>, C4<0>;
v0x8fb12d040_0 .net/2u *"_ivl_36", 31 0, L_0x8fac792e8;  1 drivers
L_0x8fac79180 .functor BUFT 1, C4<0000000000000000000000>, C4<0>, C4<0>, C4<0>;
v0x8fb12d0e0_0 .net/2u *"_ivl_4", 21 0, L_0x8fac79180;  1 drivers
L_0x8fac79330 .functor BUFT 1, C4<1>, C4<0>, C4<0>, C4<0>;
v0x8fb12d180_0 .net/2u *"_ivl_44", 0 0, L_0x8fac79330;  1 drivers
v0x8fb12d220_0 .net *"_ivl_46", 0 0, L_0x8fa91c640;  1 drivers
v0x8fb12d2c0_0 .net *"_ivl_48", 0 0, L_0x8fa91c6e0;  1 drivers
L_0x8fac79378 .functor BUFT 1, C4<0000000000000000000000000000000>, C4<0>, C4<0>, C4<0>;
v0x8fb12d360_0 .net/2u *"_ivl_52", 30 0, L_0x8fac79378;  1 drivers
v0x8fb12d400_0 .net *"_ivl_54", 31 0, L_0x8fa91c8c0;  1 drivers
L_0x8fac793c0 .functor BUFT 1, C4<00000000000000000000000000000000>, C4<0>, C4<0>, C4<0>;
v0x8fb12d4a0_0 .net/2u *"_ivl_56", 31 0, L_0x8fac793c0;  1 drivers
v0x8fb12d540_0 .net *"_ivl_58", 31 0, L_0x8fa91c960;  1 drivers
v0x8fb12d5e0_0 .net "bram_rdata", 31 0, v0x8fb120000_0;  1 drivers
v0x8fb12d680_0 .var "bram_ready", 0 0;
v0x8fb12d720_0 .net "bram_sel", 0 0, L_0x8fa8fb160;  1 drivers
v0x8fb12d7c0_0 .net "clk", 0 0, v0x8fb12f480_0;  1 drivers
v0x8fb12d860_0 .net "cpu_bram_ac", 0 0, L_0x8fb1313b0;  1 drivers
v0x8fb12d900_0 .net "cpu_run", 0 0, v0x8fb12b2a0_0;  1 drivers
v0x8fb12d9a0_0 .var "cpu_tx_data_r", 7 0;
v0x8fb12da40_0 .var "cpu_tx_start_r", 0 0;
v0x8fb12dae0_0 .net "cpu_valid", 0 0, v0x8fb128be0_0;  1 drivers
v0x8fb12db80_0 .var "gpio_rdy", 0 0;
v0x8fb12dc20_0 .net "gpio_sel", 0 0, L_0x8fa8fb200;  1 drivers
v0x8fb12dcc0_0 .net "ldr_tx_data", 7 0, v0x8fb12bb60_0;  1 drivers
v0x8fb12dd60_0 .net "ldr_tx_start", 0 0, v0x8fb12bc00_0;  1 drivers
v0x8fb12de00_0 .net "led", 5 0, L_0x8fb131420;  alias, 1 drivers
v0x8fb12dea0_0 .var "led_reg", 5 0;
v0x8fb12df40_0 .net "mem_addr", 31 0, v0x8fb127c00_0;  1 drivers
v0x8fb12dfe0_0 .net "mem_rdata", 31 0, L_0x8fa91ca00;  1 drivers
v0x8fb12e080_0 .net "mem_ready", 0 0, L_0x8fa91c780;  1 drivers
v0x8fb12e120_0 .net "mem_waddr", 13 0, v0x8fb12b480_0;  1 drivers
v0x8fb12e1c0_0 .net "mem_wdata_cpu", 31 0, v0x8fb128c80_0;  1 drivers
v0x8fb12e260_0 .net "mem_wdata_ldr", 31 0, v0x8fb12b520_0;  1 drivers
v0x8fb12e300_0 .net "mem_we", 0 0, v0x8fb12b5c0_0;  1 drivers
v0x8fb12e3a0_0 .net "mem_wstrb", 3 0, v0x8fb128dc0_0;  1 drivers
v0x8fb12e440_0 .net "ram_addr", 7 0, L_0x8fa91c1e0;  1 drivers
v0x8fb12e4e0_0 .net "ram_din", 31 0, L_0x8fa91c460;  1 drivers
v0x8fb12e580_0 .net "ram_we", 3 0, L_0x8fa91c3c0;  1 drivers
v0x8fb12e620_0 .net "rst_btn", 0 0, v0x8fb12fa20_0;  1 drivers
v0x8fb12e6c0_0 .net "rst_n", 0 0, L_0x8fa910fa0;  1 drivers
v0x8fb12e760_0 .var "rst_sr", 3 0;
v0x8fb12e800_0 .net "rx_data", 7 0, v0x8fb12c0a0_0;  1 drivers
v0x8fb12e8a0_0 .net "rx_valid", 0 0, v0x8fb12c3c0_0;  1 drivers
v0x8fb12e940_0 .net "tx_busy", 0 0, v0x8fb12c500_0;  1 drivers
v0x8fb12e9e0_0 .var "uart_rdy", 0 0;
v0x8fb12ea80_0 .net "uart_rx", 0 0, v0x8fb12fb60_0;  1 drivers
v0x8fb12eb20_0 .net "uart_sel", 0 0, L_0x8fa8fb2a0;  1 drivers
v0x8fb12ebc0_0 .net "uart_tx", 0 0, v0x8fb12ca00_0;  alias, 1 drivers
L_0x8fa910fa0 .part v0x8fb12e760_0, 3, 1;
L_0x8fa911a40 .part v0x8fb127c00_0, 10, 22;
L_0x8fa8fb160 .cmp/eq 22, L_0x8fa911a40, L_0x8fac79180;
L_0x8fa911ae0 .part v0x8fb127c00_0, 2, 8;
L_0x8fa911b80 .part v0x8fb12b480_0, 0, 8;
L_0x8fa91c1e0 .functor MUXZ 8, L_0x8fa911b80, L_0x8fa911ae0, v0x8fb12b2a0_0, C4<>;
L_0x8fa91c280 .functor MUXZ 4, L_0x8fac791c8, v0x8fb128dc0_0, L_0x8fb1313b0, C4<>;
L_0x8fa91c320 .functor MUXZ 4, L_0x8fac79258, L_0x8fac79210, v0x8fb12b5c0_0, C4<>;
L_0x8fa91c3c0 .functor MUXZ 4, L_0x8fa91c320, L_0x8fa91c280, v0x8fb12b2a0_0, C4<>;
L_0x8fa91c460 .functor MUXZ 32, v0x8fb12b520_0, v0x8fb128c80_0, v0x8fb12b2a0_0, C4<>;
L_0x8fa8fb200 .cmp/eq 32, v0x8fb127c00_0, L_0x8fac792a0;
L_0x8fa8fb2a0 .cmp/eq 32, v0x8fb127c00_0, L_0x8fac792e8;
L_0x8fa91c500 .functor MUXZ 1, v0x8fb12bc00_0, v0x8fb12da40_0, v0x8fb12b2a0_0, C4<>;
L_0x8fa91c5a0 .functor MUXZ 8, v0x8fb12bb60_0, v0x8fb12d9a0_0, v0x8fb12b2a0_0, C4<>;
L_0x8fa91c640 .functor MUXZ 1, L_0x8fac79330, v0x8fb12e9e0_0, L_0x8fa8fb2a0, C4<>;
L_0x8fa91c6e0 .functor MUXZ 1, L_0x8fa91c640, v0x8fb12db80_0, L_0x8fa8fb200, C4<>;
L_0x8fa91c780 .functor MUXZ 1, L_0x8fa91c6e0, v0x8fb12d680_0, L_0x8fa8fb160, C4<>;
L_0x8fa91c8c0 .concat [ 1 31 0 0], v0x8fb12c500_0, L_0x8fac79378;
L_0x8fa91c960 .functor MUXZ 32, L_0x8fac793c0, L_0x8fa91c8c0, L_0x8fa8fb2a0, C4<>;
L_0x8fa91ca00 .functor MUXZ 32, L_0x8fa91c960, v0x8fb120000_0, L_0x8fa8fb160, C4<>;
S_0x8fa4d9380 .scope module, "bram" "bram_mem" 5 83, 6 7 0, S_0x8fa4d9200;
 .timescale -9 -12;
    .port_info 0 /INPUT 1 "clk";
    .port_info 1 /INPUT 4 "we";
    .port_info 2 /INPUT 8 "addr";
    .port_info 3 /INPUT 32 "din";
    .port_info 4 /OUTPUT 32 "dout";
v0x8fb11bde0_0 .net "addr", 7 0, L_0x8fa91c1e0;  alias, 1 drivers
v0x8fb11be80_0 .net "clk", 0 0, v0x8fb12f480_0;  alias, 1 drivers
v0x8fb11bf20_0 .net "din", 31 0, L_0x8fa91c460;  alias, 1 drivers
v0x8fb120000_0 .var "dout", 31 0;
v0x8fb1200a0 .array "mem", 255 0, 31 0;
v0x8fb120140_0 .net "we", 3 0, L_0x8fa91c3c0;  alias, 1 drivers
E_0x8fb0d2c80 .event posedge, v0x8fb11be80_0;
S_0x8fa4d9500 .scope module, "cpu" "picorv32" 5 61, 3 62 0, S_0x8fa4d9200;
 .timescale -9 -12;
    .port_info 0 /INPUT 1 "clk";
    .port_info 1 /INPUT 1 "resetn";
    .port_info 2 /OUTPUT 1 "trap";
    .port_info 3 /OUTPUT 1 "mem_valid";
    .port_info 4 /OUTPUT 1 "mem_instr";
    .port_info 5 /INPUT 1 "mem_ready";
    .port_info 6 /OUTPUT 32 "mem_addr";
    .port_info 7 /OUTPUT 32 "mem_wdata";
    .port_info 8 /OUTPUT 4 "mem_wstrb";
    .port_info 9 /INPUT 32 "mem_rdata";
    .port_info 10 /OUTPUT 1 "mem_la_read";
    .port_info 11 /OUTPUT 1 "mem_la_write";
    .port_info 12 /OUTPUT 32 "mem_la_addr";
    .port_info 13 /OUTPUT 32 "mem_la_wdata";
    .port_info 14 /OUTPUT 4 "mem_la_wstrb";
    .port_info 15 /OUTPUT 1 "pcpi_valid";
    .port_info 16 /OUTPUT 32 "pcpi_insn";
    .port_info 17 /OUTPUT 32 "pcpi_rs1";
    .port_info 18 /OUTPUT 32 "pcpi_rs2";
    .port_info 19 /INPUT 1 "pcpi_wr";
    .port_info 20 /INPUT 32 "pcpi_rd";
    .port_info 21 /INPUT 1 "pcpi_wait";
    .port_info 22 /INPUT 1 "pcpi_ready";
    .port_info 23 /INPUT 32 "irq";
    .port_info 24 /OUTPUT 32 "eoi";
    .port_info 25 /OUTPUT 1 "trace_valid";
    .port_info 26 /OUTPUT 36 "trace_data";
P_0x8fa904c00 .param/l "BARREL_SHIFTER" 0 3 69, C4<0>;
P_0x8fa904c40 .param/l "CATCH_ILLINSN" 0 3 74, C4<1>;
P_0x8fa904c80 .param/l "CATCH_MISALIGN" 0 3 73, C4<1>;
P_0x8fa904cc0 .param/l "COMPRESSED_ISA" 0 3 72, C4<0>;
P_0x8fa904d00 .param/l "ENABLE_COUNTERS" 0 3 63, C4<1>;
P_0x8fa904d40 .param/l "ENABLE_COUNTERS64" 0 3 64, C4<1>;
P_0x8fa904d80 .param/l "ENABLE_DIV" 0 3 78, C4<0>;
P_0x8fa904dc0 .param/l "ENABLE_FAST_MUL" 0 3 77, C4<0>;
P_0x8fa904e00 .param/l "ENABLE_IRQ" 0 3 79, C4<0>;
P_0x8fa904e40 .param/l "ENABLE_IRQ_QREGS" 0 3 80, C4<1>;
P_0x8fa904e80 .param/l "ENABLE_IRQ_TIMER" 0 3 81, C4<1>;
P_0x8fa904ec0 .param/l "ENABLE_MUL" 0 3 76, C4<0>;
P_0x8fa904f00 .param/l "ENABLE_PCPI" 0 3 75, C4<0>;
P_0x8fa904f40 .param/l "ENABLE_REGS_16_31" 0 3 65, C4<1>;
P_0x8fa904f80 .param/l "ENABLE_REGS_DUALPORT" 0 3 66, C4<1>;
P_0x8fa904fc0 .param/l "ENABLE_TRACE" 0 3 82, C4<0>;
P_0x8fa905000 .param/l "LATCHED_IRQ" 0 3 85, C4<11111111111111111111111111111111>;
P_0x8fa905040 .param/l "LATCHED_MEM_RDATA" 0 3 67, C4<0>;
P_0x8fa905080 .param/l "MASKED_IRQ" 0 3 84, C4<00000000000000000000000000000000>;
P_0x8fa9050c0 .param/l "PROGADDR_IRQ" 0 3 87, C4<00000000000000000000000000010000>;
P_0x8fa905100 .param/l "PROGADDR_RESET" 0 3 86, C4<00000000000000000000000000000000>;
P_0x8fa905140 .param/l "REGS_INIT_ZERO" 0 3 83, C4<0>;
P_0x8fa905180 .param/l "STACKADDR" 0 3 88, C4<00000000000000000000001111110000>;
P_0x8fa9051c0 .param/l "TRACE_ADDR" 1 3 172, C4<001000000000000000000000000000000000>;
P_0x8fa905200 .param/l "TRACE_BRANCH" 1 3 171, C4<000100000000000000000000000000000000>;
P_0x8fa905240 .param/l "TRACE_IRQ" 1 3 173, C4<100000000000000000000000000000000000>;
P_0x8fa905280 .param/l "TWO_CYCLE_ALU" 0 3 71, C4<0>;
P_0x8fa9052c0 .param/l "TWO_CYCLE_COMPARE" 0 3 70, C4<0>;
P_0x8fa905300 .param/l "TWO_STAGE_SHIFT" 0 3 68, C4<1>;
P_0x8fa905340 .param/l "WITH_PCPI" 1 3 169, C4<0>;
P_0x8fa905380 .param/l "cpu_state_exec" 1 3 1176, C4<00001000>;
P_0x8fa9053c0 .param/l "cpu_state_fetch" 1 3 1173, C4<01000000>;
P_0x8fa905400 .param/l "cpu_state_ld_rs1" 1 3 1174, C4<00100000>;
P_0x8fa905440 .param/l "cpu_state_ld_rs2" 1 3 1175, C4<00010000>;
P_0x8fa905480 .param/l "cpu_state_ldmem" 1 3 1179, C4<00000001>;
P_0x8fa9054c0 .param/l "cpu_state_shift" 1 3 1177, C4<00000100>;
P_0x8fa905500 .param/l "cpu_state_stmem" 1 3 1178, C4<00000010>;
P_0x8fa905540 .param/l "cpu_state_trap" 1 3 1172, C4<10000000>;
P_0x8fa905580 .param/l "irq_buserror" 1 3 163, +C4<00000000000000000000000000000010>;
P_0x8fa9055c0 .param/l "irq_ebreak" 1 3 162, +C4<00000000000000000000000000000001>;
P_0x8fa905600 .param/l "irq_timer" 1 3 161, +C4<00000000000000000000000000000000>;
P_0x8fa905640 .param/l "irqregs_offset" 1 3 165, +C4<00000000000000000000000000100000>;
P_0x8fa905680 .param/l "regfile_size" 1 3 166, +C4<00000000000000000000000000100000>;
P_0x8fa9056c0 .param/l "regindex_bits" 1 3 167, +C4<00000000000000000000000000000101>;
L_0x8fb130310 .functor BUFZ 1, v0x8fb128be0_0, C4<0>, C4<0>, C4<0>;
L_0x8fb130380 .functor BUFZ 1, v0x8fb1280a0_0, C4<0>, C4<0>, C4<0>;
L_0x8fb1303f0 .functor BUFZ 1, L_0x8fa91c780, C4<0>, C4<0>, C4<0>;
L_0x8fb130460 .functor BUFZ 32, v0x8fb127c00_0, C4<00000000000000000000000000000000>, C4<00000000000000000000000000000000>, C4<00000000000000000000000000000000>;
L_0x8fb1304d0 .functor BUFZ 32, v0x8fb128c80_0, C4<00000000000000000000000000000000>, C4<00000000000000000000000000000000>, C4<00000000000000000000000000000000>;
L_0x8fb130540 .functor BUFZ 4, v0x8fb128dc0_0, C4<0000>, C4<0000>, C4<0000>;
L_0x8fb1305b0 .functor BUFZ 32, L_0x8fa91ca00, C4<00000000000000000000000000000000>, C4<00000000000000000000000000000000>, C4<00000000000000000000000000000000>;
L_0x8fb130620 .functor BUFZ 32, v0x8fb12a3a0_0, C4<00000000000000000000000000000000>, C4<00000000000000000000000000000000>, C4<00000000000000000000000000000000>;
L_0x8fb130690 .functor BUFZ 32, v0x8fb12a440_0, C4<00000000000000000000000000000000>, C4<00000000000000000000000000000000>, C4<00000000000000000000000000000000>;
L_0x8fb130700 .functor AND 1, v0x8fb128be0_0, L_0x8fa91c780, C4<1>, C4<1>;
L_0x8fac78ef8 .functor BUFT 1, C4<0>, C4<0>, C4<0>, C4<0>;
L_0x8fb130770 .functor AND 1, L_0x8fac78ef8, v0x8fb127e80_0, C4<1>, C4<1>;
L_0x8fb1307e0 .functor OR 1, L_0x8fb130700, L_0x8fb130770, C4<0>, C4<0>;
L_0x8fb130850 .functor AND 1, L_0x8fb1307e0, L_0x8fa9112c0, C4<1>, C4<1>;
L_0x8fb1308c0 .functor OR 1, v0x8fb127e80_0, v0x8fb127de0_0, C4<0>, C4<0>;
L_0x8fb130930 .functor OR 1, L_0x8fb1308c0, v0x8fb127f20_0, C4<0>, C4<0>;
L_0x8fb1309a0 .functor AND 1, L_0x8fb130850, L_0x8fb130930, C4<1>, C4<1>;
L_0x8fb130a10 .functor AND 1, L_0x8fa911360, v0x8fb127e80_0, C4<1>, C4<1>;
L_0x8fb130a80 .functor OR 1, L_0x8fb1309a0, L_0x8fb130a10, C4<0>, C4<0>;
L_0x8fb130af0 .functor AND 1, v0x8fb12b2a0_0, L_0x8fb130a80, C4<1>, C4<1>;
L_0x8fb130b60 .functor AND 1, L_0x8fa911540, L_0x8fb1307e0, C4<1>, C4<1>;
L_0x8fb130bd0 .functor OR 1, L_0x8fa911400, L_0x8fb130b60, C4<0>, C4<0>;
L_0x8fb130c40 .functor AND 1, L_0x8fb130af0, L_0x8fb130bd0, C4<1>, C4<1>;
L_0x8fb130cb0 .functor AND 1, v0x8fb12b2a0_0, L_0x8fa9115e0, C4<1>, C4<1>;
L_0x8fb130d20 .functor AND 1, L_0x8fb130cb0, v0x8fb127f20_0, C4<1>, C4<1>;
L_0x8fb130d90 .functor AND 1, L_0x8fa911680, L_0x8fa911720, C4<1>, C4<1>;
L_0x8fb130e00 .functor OR 1, v0x8fb127e80_0, v0x8fb127d40_0, C4<0>, C4<0>;
L_0x8fb130e70 .functor OR 1, L_0x8fb130e00, v0x8fb127de0_0, C4<0>, C4<0>;
L_0x8fb130ee0 .functor AND 1, L_0x8fb130d90, L_0x8fb130e70, C4<1>, C4<1>;
L_0x8fac78f40 .functor BUFT 1, C4<0>, C4<0>, C4<0>, C4<0>;
L_0x8fb130f50 .functor OR 1, L_0x8fb130ee0, L_0x8fac78f40, C4<0>, C4<0>;
L_0x8fb130fc0 .functor AND 1, v0x8fb12b2a0_0, L_0x8fb130f50, C4<1>, C4<1>;
L_0x8fb131030 .functor OR 1, v0x8fb127d40_0, v0x8fb127e80_0, C4<0>, C4<0>;
L_0x8fac79018 .functor BUFT 1, C4<0>, C4<0>, C4<0>, C4<0>;
L_0x8fb1310a0 .functor OR 1, L_0x8fb1307e0, L_0x8fac79018, C4<0>, C4<0>;
L_0x8fb131110 .functor BUFZ 32, L_0x8fa477f20, C4<00000000000000000000000000000000>, C4<00000000000000000000000000000000>, C4<00000000000000000000000000000000>;
L_0x8fac79060 .functor BUFT 1, C4<1>, C4<0>, C4<0>, C4<0>;
L_0x8fb131180 .functor AND 1, L_0x8fac79060, L_0x8fa911900, C4<1>, C4<1>;
L_0x8fb1311f0 .functor AND 1, v0x8fb127a20_0, v0x8fb1275c0_0, C4<1>, C4<1>;
L_0x8fac790a8 .functor BUFT 1, C4<11111111111111111111111111111110>, C4<0>, C4<0>, C4<0>;
L_0x8fb131260 .functor AND 32, v0x8fb12a4e0_0, L_0x8fac790a8, C4<11111111111111111111111111111111>, C4<11111111111111111111111111111111>;
L_0x8fb1312d0 .functor AND 1, L_0x8fa8fb0c0, v0x8fb124640_0, C4<1>, C4<1>;
L_0x8fac79138 .functor BUFT 1, C4<1>, C4<0>, C4<0>, C4<0>;
L_0x8fb131340 .functor AND 1, L_0x8fb1312d0, L_0x8fac79138, C4<1>, C4<1>;
v0x8fb1201e0_0 .net *"_ivl_100", 31 0, L_0x8fa477d40;  1 drivers
v0x8fb120280_0 .net *"_ivl_103", 29 0, L_0x8fa911860;  1 drivers
L_0x8fac78fd0 .functor BUFT 1, C4<00>, C4<0>, C4<0>, C4<0>;
v0x8fb120320_0 .net/2u *"_ivl_104", 1 0, L_0x8fac78fd0;  1 drivers
v0x8fb1203c0_0 .net *"_ivl_106", 31 0, L_0x8fa477de0;  1 drivers
v0x8fb120460_0 .net/2u *"_ivl_110", 0 0, L_0x8fac79018;  1 drivers
v0x8fb120500_0 .net *"_ivl_113", 0 0, L_0x8fb1310a0;  1 drivers
v0x8fb1205a0_0 .net/2u *"_ivl_118", 0 0, L_0x8fac79060;  1 drivers
v0x8fb120640_0 .net *"_ivl_120", 47 0, L_0x8fa91c0a0;  1 drivers
v0x8fb1206e0_0 .net *"_ivl_123", 0 0, L_0x8fa911900;  1 drivers
v0x8fb120780_0 .net *"_ivl_126", 3 0, L_0x8fa91c140;  1 drivers
v0x8fb120820_0 .net *"_ivl_131", 0 0, L_0x8fb1311f0;  1 drivers
v0x8fb1208c0_0 .net/2u *"_ivl_132", 31 0, L_0x8fac790a8;  1 drivers
v0x8fb120960_0 .net *"_ivl_134", 31 0, L_0x8fb131260;  1 drivers
L_0x8fac790f0 .functor BUFT 1, C4<01000000>, C4<0>, C4<0>, C4<0>;
v0x8fb120a00_0 .net/2u *"_ivl_138", 7 0, L_0x8fac790f0;  1 drivers
v0x8fb120aa0_0 .net *"_ivl_140", 0 0, L_0x8fa8fb0c0;  1 drivers
v0x8fb120b40_0 .net *"_ivl_143", 0 0, L_0x8fb1312d0;  1 drivers
v0x8fb120be0_0 .net/2u *"_ivl_144", 0 0, L_0x8fac79138;  1 drivers
v0x8fb120c80_0 .net *"_ivl_25", 0 0, L_0x8fb130700;  1 drivers
v0x8fb120d20_0 .net *"_ivl_27", 0 0, L_0x8fb130770;  1 drivers
v0x8fb120dc0_0 .net *"_ivl_30", 3 0, L_0x8fa477ca0;  1 drivers
v0x8fb120e60_0 .net *"_ivl_35", 0 0, L_0x8fa9112c0;  1 drivers
v0x8fb120f00_0 .net *"_ivl_37", 0 0, L_0x8fb130850;  1 drivers
v0x8fb120fa0_0 .net *"_ivl_39", 0 0, L_0x8fb1308c0;  1 drivers
v0x8fb121040_0 .net *"_ivl_41", 0 0, L_0x8fb130930;  1 drivers
v0x8fb1210e0_0 .net *"_ivl_43", 0 0, L_0x8fb1309a0;  1 drivers
v0x8fb121180_0 .net *"_ivl_45", 0 0, L_0x8fa911360;  1 drivers
v0x8fb121220_0 .net *"_ivl_47", 0 0, L_0x8fb130a10;  1 drivers
v0x8fb1212c0_0 .net *"_ivl_49", 0 0, L_0x8fb130a80;  1 drivers
v0x8fb121360_0 .net *"_ivl_51", 0 0, L_0x8fb130af0;  1 drivers
v0x8fb121400_0 .net *"_ivl_53", 0 0, L_0x8fa911400;  1 drivers
v0x8fb1214a0_0 .net *"_ivl_55", 1 0, L_0x8fa9114a0;  1 drivers
v0x8fb121540_0 .net *"_ivl_57", 0 0, L_0x8fa911540;  1 drivers
v0x8fb1215e0_0 .net *"_ivl_59", 0 0, L_0x8fb130b60;  1 drivers
v0x8fb121680_0 .net *"_ivl_61", 0 0, L_0x8fb130bd0;  1 drivers
v0x8fb121720_0 .net *"_ivl_65", 0 0, L_0x8fa9115e0;  1 drivers
v0x8fb1217c0_0 .net *"_ivl_67", 0 0, L_0x8fb130cb0;  1 drivers
v0x8fb121860_0 .net *"_ivl_71", 0 0, L_0x8fa911680;  1 drivers
v0x8fb121900_0 .net *"_ivl_73", 0 0, L_0x8fa911720;  1 drivers
v0x8fb1219a0_0 .net *"_ivl_75", 0 0, L_0x8fb130d90;  1 drivers
v0x8fb121a40_0 .net *"_ivl_77", 0 0, L_0x8fb130e00;  1 drivers
v0x8fb121ae0_0 .net *"_ivl_79", 0 0, L_0x8fb130e70;  1 drivers
v0x8fb121b80_0 .net *"_ivl_81", 0 0, L_0x8fb130ee0;  1 drivers
v0x8fb121c20_0 .net/2u *"_ivl_82", 0 0, L_0x8fac78f40;  1 drivers
v0x8fb121cc0_0 .net *"_ivl_85", 0 0, L_0x8fb130f50;  1 drivers
v0x8fb121d60_0 .net *"_ivl_89", 0 0, L_0x8fb131030;  1 drivers
v0x8fb121e00_0 .net *"_ivl_91", 29 0, L_0x8fa9117c0;  1 drivers
L_0x8fac79498 .functor BUFT 1, C4<000000000000000000000000000000>, C4<0>, C4<0>, C4<0>;
v0x8fb121ea0_0 .net *"_ivl_92", 29 0, L_0x8fac79498;  1 drivers
v0x8fb121f40_0 .net *"_ivl_96", 29 0, L_0x8fb12fe80;  1 drivers
L_0x8fac78f88 .functor BUFT 1, C4<00>, C4<0>, C4<0>, C4<0>;
v0x8fb121fe0_0 .net/2u *"_ivl_98", 1 0, L_0x8fac78f88;  1 drivers
v0x8fb122080_0 .var "alu_add_sub", 31 0;
v0x8fb122120_0 .var "alu_eq", 0 0;
v0x8fb1221c0_0 .var "alu_lts", 0 0;
v0x8fb122260_0 .var "alu_ltu", 0 0;
v0x8fb122300_0 .var "alu_out", 31 0;
v0x8fb1223a0_0 .var "alu_out_0", 0 0;
v0x8fb122440_0 .var "alu_out_0_q", 0 0;
v0x8fb1224e0_0 .var "alu_out_q", 31 0;
v0x8fb122580_0 .var "alu_shl", 31 0;
v0x8fb122620_0 .var "alu_shr", 31 0;
v0x8fb1226c0_0 .var "alu_wait", 0 0;
v0x8fb122760_0 .var "alu_wait_2", 0 0;
v0x8fb122800_0 .var "cached_ascii_instr", 63 0;
v0x8fb1228a0_0 .var "cached_insn_imm", 31 0;
v0x8fb122940_0 .var "cached_insn_opcode", 31 0;
v0x8fb1229e0_0 .var "cached_insn_rd", 4 0;
v0x8fb122a80_0 .var "cached_insn_rs1", 4 0;
v0x8fb122b20_0 .var "cached_insn_rs2", 4 0;
v0x8fb122bc0_0 .var "clear_prefetched_high_word", 0 0;
v0x8fb122c60_0 .var "clear_prefetched_high_word_q", 0 0;
v0x8fb122d00_0 .net "clk", 0 0, v0x8fb12f480_0;  alias, 1 drivers
v0x8fb122da0_0 .var "compressed_instr", 0 0;
v0x8fb122e40_0 .var "count_cycle", 63 0;
v0x8fb122ee0_0 .var "count_instr", 63 0;
v0x8fb122f80_0 .var "cpu_state", 7 0;
v0x8fb123020 .array "cpuregs", 31 0, 31 0;
v0x8fb1230c0_0 .var "cpuregs_rs1", 31 0;
v0x8fb123160_0 .var "cpuregs_rs2", 31 0;
v0x8fb123200_0 .var "cpuregs_wrdata", 31 0;
v0x8fb1232a0_0 .var "cpuregs_write", 0 0;
v0x8fb123340_0 .var "current_pc", 31 0;
v0x8fb1233e0_0 .var "dbg_ascii_instr", 63 0;
v0x8fb123480_0 .var "dbg_ascii_state", 127 0;
v0x8fb123520_0 .var "dbg_insn_addr", 31 0;
v0x8fb1235c0_0 .var "dbg_insn_imm", 31 0;
v0x8fb123660_0 .var "dbg_insn_opcode", 31 0;
v0x8fb123700_0 .var "dbg_insn_rd", 4 0;
v0x8fb1237a0_0 .var "dbg_insn_rs1", 4 0;
v0x8fb123840_0 .var "dbg_insn_rs2", 4 0;
v0x8fb1238e0_0 .net "dbg_mem_addr", 31 0, L_0x8fb130460;  1 drivers
v0x8fb123980_0 .net "dbg_mem_instr", 0 0, L_0x8fb130380;  1 drivers
v0x8fb123a20_0 .net "dbg_mem_rdata", 31 0, L_0x8fb1305b0;  1 drivers
v0x8fb123ac0_0 .net "dbg_mem_ready", 0 0, L_0x8fb1303f0;  1 drivers
v0x8fb123b60_0 .net "dbg_mem_valid", 0 0, L_0x8fb130310;  1 drivers
v0x8fb123c00_0 .net "dbg_mem_wdata", 31 0, L_0x8fb1304d0;  1 drivers
v0x8fb123ca0_0 .net "dbg_mem_wstrb", 3 0, L_0x8fb130540;  1 drivers
v0x8fb123d40_0 .var "dbg_next", 0 0;
v0x8fb123de0_0 .var "dbg_rs1val", 31 0;
v0x8fb123e80_0 .var "dbg_rs1val_valid", 0 0;
v0x8fb123f20_0 .var "dbg_rs2val", 31 0;
v0x8fb124000_0 .var "dbg_rs2val_valid", 0 0;
v0x8fb1240a0_0 .var "dbg_valid_insn", 0 0;
v0x8fb124140_0 .var "decoded_imm", 31 0;
v0x8fb1241e0_0 .var "decoded_imm_j", 31 0;
v0x8fb124280_0 .var "decoded_rd", 4 0;
v0x8fb124320_0 .var "decoded_rs", 4 0;
v0x8fb1243c0_0 .var "decoded_rs1", 4 0;
v0x8fb124460_0 .var "decoded_rs2", 4 0;
v0x8fb124500_0 .var "decoder_pseudo_trigger", 0 0;
v0x8fb1245a0_0 .var "decoder_pseudo_trigger_q", 0 0;
v0x8fb124640_0 .var "decoder_trigger", 0 0;
v0x8fb1246e0_0 .var "decoder_trigger_q", 0 0;
v0x8fb124780_0 .var "do_waitirq", 0 0;
v0x8fb124820_0 .var "eoi", 31 0;
v0x8fb1248c0_0 .var "instr_add", 0 0;
v0x8fb124960_0 .var "instr_addi", 0 0;
v0x8fb124a00_0 .var "instr_and", 0 0;
v0x8fb124aa0_0 .var "instr_andi", 0 0;
v0x8fb124b40_0 .var "instr_auipc", 0 0;
v0x8fb124be0_0 .var "instr_beq", 0 0;
v0x8fb124c80_0 .var "instr_bge", 0 0;
v0x8fb124d20_0 .var "instr_bgeu", 0 0;
v0x8fb124dc0_0 .var "instr_blt", 0 0;
v0x8fb124e60_0 .var "instr_bltu", 0 0;
v0x8fb124f00_0 .var "instr_bne", 0 0;
v0x8fb124fa0_0 .var "instr_ecall_ebreak", 0 0;
v0x8fb125040_0 .var "instr_fence", 0 0;
v0x8fb1250e0_0 .var "instr_getq", 0 0;
v0x8fb125180_0 .var "instr_jal", 0 0;
v0x8fb125220_0 .var "instr_jalr", 0 0;
v0x8fb1252c0_0 .var "instr_lb", 0 0;
v0x8fb125360_0 .var "instr_lbu", 0 0;
v0x8fb125400_0 .var "instr_lh", 0 0;
v0x8fb1254a0_0 .var "instr_lhu", 0 0;
v0x8fb125540_0 .var "instr_lui", 0 0;
v0x8fb1255e0_0 .var "instr_lw", 0 0;
v0x8fb125680_0 .var "instr_maskirq", 0 0;
v0x8fb125720_0 .var "instr_or", 0 0;
v0x8fb1257c0_0 .var "instr_ori", 0 0;
v0x8fb125860_0 .var "instr_rdcycle", 0 0;
v0x8fb125900_0 .var "instr_rdcycleh", 0 0;
v0x8fb1259a0_0 .var "instr_rdinstr", 0 0;
v0x8fb125a40_0 .var "instr_rdinstrh", 0 0;
v0x8fb125ae0_0 .var "instr_retirq", 0 0;
v0x8fb125b80_0 .var "instr_sb", 0 0;
v0x8fb125c20_0 .var "instr_setq", 0 0;
v0x8fb125cc0_0 .var "instr_sh", 0 0;
v0x8fb125d60_0 .var "instr_sll", 0 0;
v0x8fb125e00_0 .var "instr_slli", 0 0;
v0x8fb125ea0_0 .var "instr_slt", 0 0;
v0x8fb125f40_0 .var "instr_slti", 0 0;
v0x8fb125fe0_0 .var "instr_sltiu", 0 0;
v0x8fb126080_0 .var "instr_sltu", 0 0;
v0x8fb126120_0 .var "instr_sra", 0 0;
v0x8fb1261c0_0 .var "instr_srai", 0 0;
v0x8fb126260_0 .var "instr_srl", 0 0;
v0x8fb126300_0 .var "instr_srli", 0 0;
v0x8fb1263a0_0 .var "instr_sub", 0 0;
v0x8fb126440_0 .var "instr_sw", 0 0;
v0x8fb1264e0_0 .var "instr_timer", 0 0;
v0x8fb126580_0 .net "instr_trap", 0 0, L_0x8fb131180;  1 drivers
v0x8fb126620_0 .var "instr_waitirq", 0 0;
v0x8fb1266c0_0 .var "instr_xor", 0 0;
v0x8fb126760_0 .var "instr_xori", 0 0;
o0x8fac50070 .functor BUFZ 32, c4<zzzzzzzzzzzzzzzzzzzzzzzzzzzzzzzz>; HiZ drive
v0x8fb126800_0 .net "irq", 31 0, o0x8fac50070;  0 drivers
v0x8fb1268a0_0 .var "irq_active", 0 0;
v0x8fb126940_0 .var "irq_delay", 0 0;
v0x8fb1269e0_0 .var "irq_mask", 31 0;
v0x8fb126a80_0 .var "irq_pending", 31 0;
v0x8fb126b20_0 .var "irq_state", 1 0;
v0x8fb126bc0_0 .var "is_alu_reg_imm", 0 0;
v0x8fb126c60_0 .var "is_alu_reg_reg", 0 0;
v0x8fb126d00_0 .var "is_beq_bne_blt_bge_bltu_bgeu", 0 0;
v0x8fb126da0_0 .var "is_compare", 0 0;
v0x8fb126e40_0 .var "is_jalr_addi_slti_sltiu_xori_ori_andi", 0 0;
v0x8fb126ee0_0 .var "is_lb_lh_lw_lbu_lhu", 0 0;
v0x8fb126f80_0 .var "is_lbu_lhu_lw", 0 0;
v0x8fb127020_0 .var "is_lui_auipc_jal", 0 0;
v0x8fb1270c0_0 .var "is_lui_auipc_jal_jalr_addi_add_sub", 0 0;
v0x8fb127160_0 .net "is_rdcycle_rdcycleh_rdinstr_rdinstrh", 0 0, L_0x8fa9119a0;  1 drivers
v0x8fb127200_0 .var "is_sb_sh_sw", 0 0;
v0x8fb1272a0_0 .var "is_sll_srl_sra", 0 0;
v0x8fb127340_0 .var "is_slli_srli_srai", 0 0;
v0x8fb1273e0_0 .var "is_slti_blt_slt", 0 0;
v0x8fb127480_0 .var "is_sltiu_bltu_sltu", 0 0;
v0x8fb127520_0 .var "last_mem_valid", 0 0;
v0x8fb1275c0_0 .var "latched_branch", 0 0;
v0x8fb127660_0 .var "latched_compr", 0 0;
v0x8fb127700_0 .var "latched_is_lb", 0 0;
v0x8fb1277a0_0 .var "latched_is_lh", 0 0;
v0x8fb127840_0 .var "latched_is_lu", 0 0;
v0x8fb1278e0_0 .var "latched_rd", 4 0;
v0x8fb127980_0 .var "latched_stalu", 0 0;
v0x8fb127a20_0 .var "latched_store", 0 0;
v0x8fb127ac0_0 .var "latched_trace", 0 0;
v0x8fb127b60_0 .net "launch_next_insn", 0 0, L_0x8fb131340;  1 drivers
v0x8fb127c00_0 .var "mem_addr", 31 0;
v0x8fb127ca0_0 .net "mem_busy", 0 0, L_0x8fa911220;  1 drivers
v0x8fb127d40_0 .var "mem_do_prefetch", 0 0;
v0x8fb127de0_0 .var "mem_do_rdata", 0 0;
v0x8fb127e80_0 .var "mem_do_rinst", 0 0;
v0x8fb127f20_0 .var "mem_do_wdata", 0 0;
v0x8fb128000_0 .net "mem_done", 0 0, L_0x8fb130c40;  1 drivers
v0x8fb1280a0_0 .var "mem_instr", 0 0;
v0x8fb128140_0 .net "mem_la_addr", 31 0, L_0x8fa477e80;  1 drivers
L_0x8fac78e68 .functor BUFT 1, C4<0>, C4<0>, C4<0>, C4<0>;
v0x8fb1281e0_0 .net "mem_la_firstword", 0 0, L_0x8fac78e68;  1 drivers
v0x8fb128280_0 .var "mem_la_firstword_reg", 0 0;
L_0x8fac78eb0 .functor BUFT 1, C4<0>, C4<0>, C4<0>, C4<0>;
v0x8fb128320_0 .net "mem_la_firstword_xfer", 0 0, L_0x8fac78eb0;  1 drivers
v0x8fb1283c0_0 .net "mem_la_read", 0 0, L_0x8fb130fc0;  1 drivers
v0x8fb128460_0 .var "mem_la_secondword", 0 0;
v0x8fb128500_0 .net "mem_la_use_prefetched_high_word", 0 0, L_0x8fac78ef8;  1 drivers
v0x8fb1285a0_0 .var "mem_la_wdata", 31 0;
v0x8fb128640_0 .net "mem_la_write", 0 0, L_0x8fb130d20;  1 drivers
v0x8fb1286e0_0 .var "mem_la_wstrb", 3 0;
v0x8fb128780_0 .net "mem_rdata", 31 0, L_0x8fa91ca00;  alias, 1 drivers
v0x8fb128820_0 .net "mem_rdata_latched", 31 0, L_0x8fb131110;  1 drivers
v0x8fb1288c0_0 .net "mem_rdata_latched_noshuffle", 31 0, L_0x8fa477f20;  1 drivers
v0x8fb128960_0 .var "mem_rdata_q", 31 0;
v0x8fb128a00_0 .var "mem_rdata_word", 31 0;
v0x8fb128aa0_0 .net "mem_ready", 0 0, L_0x8fa91c780;  alias, 1 drivers
v0x8fb128b40_0 .var "mem_state", 1 0;
v0x8fb128be0_0 .var "mem_valid", 0 0;
v0x8fb128c80_0 .var "mem_wdata", 31 0;
v0x8fb128d20_0 .var "mem_wordsize", 1 0;
v0x8fb128dc0_0 .var "mem_wstrb", 3 0;
v0x8fb128e60_0 .net "mem_xfer", 0 0, L_0x8fb1307e0;  1 drivers
v0x8fb128f00_0 .var "new_ascii_instr", 63 0;
v0x8fb128fa0_0 .var "next_insn_opcode", 31 0;
v0x8fb129040_0 .var "next_irq_pending", 31 0;
v0x8fb1290e0_0 .net "next_pc", 31 0, L_0x8fa91c000;  1 drivers
L_0x8fac78d90 .functor BUFT 1, C4<xxxxxxxxxxxxxxxxxxxxxxxxxxxxxxxx>, C4<0>, C4<0>, C4<0>;
v0x8fb129180_0 .net "pcpi_div_rd", 31 0, L_0x8fac78d90;  1 drivers
L_0x8fac78e20 .functor BUFT 1, C4<0>, C4<0>, C4<0>, C4<0>;
v0x8fb129220_0 .net "pcpi_div_ready", 0 0, L_0x8fac78e20;  1 drivers
L_0x8fac78dd8 .functor BUFT 1, C4<0>, C4<0>, C4<0>, C4<0>;
v0x8fb1292c0_0 .net "pcpi_div_wait", 0 0, L_0x8fac78dd8;  1 drivers
L_0x8fac78d48 .functor BUFT 1, C4<0>, C4<0>, C4<0>, C4<0>;
v0x8fb129360_0 .net "pcpi_div_wr", 0 0, L_0x8fac78d48;  1 drivers
v0x8fb129400_0 .var "pcpi_insn", 31 0;
v0x8fb1294a0_0 .var "pcpi_int_rd", 31 0;
v0x8fb129540_0 .var "pcpi_int_ready", 0 0;
v0x8fb1295e0_0 .var "pcpi_int_wait", 0 0;
v0x8fb129680_0 .var "pcpi_int_wr", 0 0;
L_0x8fac78c70 .functor BUFT 1, C4<xxxxxxxxxxxxxxxxxxxxxxxxxxxxxxxx>, C4<0>, C4<0>, C4<0>;
v0x8fb129720_0 .net "pcpi_mul_rd", 31 0, L_0x8fac78c70;  1 drivers
L_0x8fac78d00 .functor BUFT 1, C4<0>, C4<0>, C4<0>, C4<0>;
v0x8fb1297c0_0 .net "pcpi_mul_ready", 0 0, L_0x8fac78d00;  1 drivers
L_0x8fac78cb8 .functor BUFT 1, C4<0>, C4<0>, C4<0>, C4<0>;
v0x8fb129860_0 .net "pcpi_mul_wait", 0 0, L_0x8fac78cb8;  1 drivers
L_0x8fac78c28 .functor BUFT 1, C4<0>, C4<0>, C4<0>, C4<0>;
v0x8fb129900_0 .net "pcpi_mul_wr", 0 0, L_0x8fac78c28;  1 drivers
o0x8fac50f40 .functor BUFZ 32, c4<zzzzzzzzzzzzzzzzzzzzzzzzzzzzzzzz>; HiZ drive
v0x8fb1299a0_0 .net "pcpi_rd", 31 0, o0x8fac50f40;  0 drivers
o0x8fac50f70 .functor BUFZ 1, c4<z>; HiZ drive
v0x8fb129a40_0 .net "pcpi_ready", 0 0, o0x8fac50f70;  0 drivers
v0x8fb129ae0_0 .net "pcpi_rs1", 31 0, L_0x8fb130620;  1 drivers
v0x8fb129b80_0 .net "pcpi_rs2", 31 0, L_0x8fb130690;  1 drivers
v0x8fb129c20_0 .var "pcpi_timeout", 0 0;
v0x8fb129cc0_0 .var "pcpi_valid", 0 0;
o0x8fac51060 .functor BUFZ 1, c4<z>; HiZ drive
v0x8fb129d60_0 .net "pcpi_wait", 0 0, o0x8fac51060;  0 drivers
o0x8fac51090 .functor BUFZ 1, c4<z>; HiZ drive
v0x8fb129e00_0 .net "pcpi_wr", 0 0, o0x8fac51090;  0 drivers
v0x8fb129ea0_0 .var "prefetched_high_word", 0 0;
v0x8fb129f40_0 .var "q_ascii_instr", 63 0;
v0x8fb129fe0_0 .var "q_insn_imm", 31 0;
v0x8fb12a080_0 .var "q_insn_opcode", 31 0;
v0x8fb12a120_0 .var "q_insn_rd", 4 0;
v0x8fb12a1c0_0 .var "q_insn_rs1", 4 0;
v0x8fb12a260_0 .var "q_insn_rs2", 4 0;
v0x8fb12a300_0 .var "reg_next_pc", 31 0;
v0x8fb12a3a0_0 .var "reg_op1", 31 0;
v0x8fb12a440_0 .var "reg_op2", 31 0;
v0x8fb12a4e0_0 .var "reg_out", 31 0;
v0x8fb12a580_0 .var "reg_pc", 31 0;
v0x8fb12a620_0 .var "reg_sh", 4 0;
v0x8fb12a6c0_0 .net "resetn", 0 0, v0x8fb12b2a0_0;  alias, 1 drivers
v0x8fb12a760_0 .var "set_mem_do_rdata", 0 0;
v0x8fb12a800_0 .var "set_mem_do_rinst", 0 0;
v0x8fb12a8a0_0 .var "set_mem_do_wdata", 0 0;
v0x8fb12a940_0 .var "timer", 31 0;
v0x8fb12a9e0_0 .var "trace_data", 35 0;
v0x8fb12aa80_0 .var "trace_valid", 0 0;
v0x8fb12ab20_0 .var "trap", 0 0;
v0x8fb123020_0 .array/port v0x8fb123020, 0;
v0x8fb123020_1 .array/port v0x8fb123020, 1;
v0x8fb123020_2 .array/port v0x8fb123020, 2;
E_0x8fb0d2d00/0 .event anyedge, v0x8fb1243c0_0, v0x8fb123020_0, v0x8fb123020_1, v0x8fb123020_2;
v0x8fb123020_3 .array/port v0x8fb123020, 3;
v0x8fb123020_4 .array/port v0x8fb123020, 4;
v0x8fb123020_5 .array/port v0x8fb123020, 5;
v0x8fb123020_6 .array/port v0x8fb123020, 6;
E_0x8fb0d2d00/1 .event anyedge, v0x8fb123020_3, v0x8fb123020_4, v0x8fb123020_5, v0x8fb123020_6;
v0x8fb123020_7 .array/port v0x8fb123020, 7;
v0x8fb123020_8 .array/port v0x8fb123020, 8;
v0x8fb123020_9 .array/port v0x8fb123020, 9;
v0x8fb123020_10 .array/port v0x8fb123020, 10;
E_0x8fb0d2d00/2 .event anyedge, v0x8fb123020_7, v0x8fb123020_8, v0x8fb123020_9, v0x8fb123020_10;
v0x8fb123020_11 .array/port v0x8fb123020, 11;
v0x8fb123020_12 .array/port v0x8fb123020, 12;
v0x8fb123020_13 .array/port v0x8fb123020, 13;
v0x8fb123020_14 .array/port v0x8fb123020, 14;
E_0x8fb0d2d00/3 .event anyedge, v0x8fb123020_11, v0x8fb123020_12, v0x8fb123020_13, v0x8fb123020_14;
v0x8fb123020_15 .array/port v0x8fb123020, 15;
v0x8fb123020_16 .array/port v0x8fb123020, 16;
v0x8fb123020_17 .array/port v0x8fb123020, 17;
v0x8fb123020_18 .array/port v0x8fb123020, 18;
E_0x8fb0d2d00/4 .event anyedge, v0x8fb123020_15, v0x8fb123020_16, v0x8fb123020_17, v0x8fb123020_18;
v0x8fb123020_19 .array/port v0x8fb123020, 19;
v0x8fb123020_20 .array/port v0x8fb123020, 20;
v0x8fb123020_21 .array/port v0x8fb123020, 21;
v0x8fb123020_22 .array/port v0x8fb123020, 22;
E_0x8fb0d2d00/5 .event anyedge, v0x8fb123020_19, v0x8fb123020_20, v0x8fb123020_21, v0x8fb123020_22;
v0x8fb123020_23 .array/port v0x8fb123020, 23;
v0x8fb123020_24 .array/port v0x8fb123020, 24;
v0x8fb123020_25 .array/port v0x8fb123020, 25;
v0x8fb123020_26 .array/port v0x8fb123020, 26;
E_0x8fb0d2d00/6 .event anyedge, v0x8fb123020_23, v0x8fb123020_24, v0x8fb123020_25, v0x8fb123020_26;
v0x8fb123020_27 .array/port v0x8fb123020, 27;
v0x8fb123020_28 .array/port v0x8fb123020, 28;
v0x8fb123020_29 .array/port v0x8fb123020, 29;
v0x8fb123020_30 .array/port v0x8fb123020, 30;
E_0x8fb0d2d00/7 .event anyedge, v0x8fb123020_27, v0x8fb123020_28, v0x8fb123020_29, v0x8fb123020_30;
v0x8fb123020_31 .array/port v0x8fb123020, 31;
E_0x8fb0d2d00/8 .event anyedge, v0x8fb123020_31, v0x8fb124460_0;
E_0x8fb0d2d00 .event/or E_0x8fb0d2d00/0, E_0x8fb0d2d00/1, E_0x8fb0d2d00/2, E_0x8fb0d2d00/3, E_0x8fb0d2d00/4, E_0x8fb0d2d00/5, E_0x8fb0d2d00/6, E_0x8fb0d2d00/7, E_0x8fb0d2d00/8;
E_0x8fb0d2d40/0 .event anyedge, v0x8fb122f80_0, v0x8fb12a580_0, v0x8fb127660_0, v0x8fb1275c0_0;
E_0x8fb0d2d40/1 .event anyedge, v0x8fb127980_0, v0x8fb1224e0_0, v0x8fb12a4e0_0, v0x8fb127a20_0;
E_0x8fb0d2d40/2 .event anyedge, v0x8fb12a300_0, v0x8fb126a80_0, v0x8fb1269e0_0;
E_0x8fb0d2d40 .event/or E_0x8fb0d2d40/0, E_0x8fb0d2d40/1, E_0x8fb0d2d40/2;
E_0x8fb0d2d80/0 .event anyedge, v0x8fb122c60_0, v0x8fb129ea0_0, v0x8fb1275c0_0, v0x8fb126b20_0;
E_0x8fb0d2d80/1 .event anyedge, v0x8fb12a6c0_0;
E_0x8fb0d2d80 .event/or E_0x8fb0d2d80/0, E_0x8fb0d2d80/1;
E_0x8fb0d2dc0/0 .event anyedge, v0x8fb122120_0, v0x8fb124be0_0, v0x8fb124f00_0, v0x8fb1221c0_0;
E_0x8fb0d2dc0/1 .event anyedge, v0x8fb124c80_0, v0x8fb122260_0, v0x8fb124d20_0, v0x8fb1273e0_0;
E_0x8fb0d2dc0/2 .event anyedge, v0x8fb127480_0, v0x8fb122080_0, v0x8fb1270c0_0, v0x8fb1223a0_0;
E_0x8fb0d2dc0/3 .event anyedge, v0x8fb126da0_0, v0x8fb12a3a0_0, v0x8fb12a440_0, v0x8fb126760_0;
E_0x8fb0d2dc0/4 .event anyedge, v0x8fb1266c0_0, v0x8fb1257c0_0, v0x8fb125720_0, v0x8fb124aa0_0;
E_0x8fb0d2dc0/5 .event anyedge, v0x8fb124a00_0, v0x8fb122580_0, v0x8fb122620_0;
E_0x8fb0d2dc0 .event/or E_0x8fb0d2dc0/0, E_0x8fb0d2dc0/1, E_0x8fb0d2dc0/2, E_0x8fb0d2dc0/3, E_0x8fb0d2dc0/4, E_0x8fb0d2dc0/5;
E_0x8fb0d2e00 .event anyedge, v0x8fb122f80_0;
E_0x8fb0d2e40/0 .event anyedge, v0x8fb129f40_0, v0x8fb129fe0_0, v0x8fb12a080_0, v0x8fb12a1c0_0;
E_0x8fb0d2e40/1 .event anyedge, v0x8fb12a260_0, v0x8fb12a120_0, v0x8fb123d40_0, v0x8fb1245a0_0;
E_0x8fb0d2e40/2 .event anyedge, v0x8fb122800_0, v0x8fb1228a0_0, v0x8fb122940_0, v0x8fb122a80_0;
E_0x8fb0d2e40/3 .event anyedge, v0x8fb122b20_0, v0x8fb1229e0_0, v0x8fb128f00_0, v0x8fb128fa0_0;
E_0x8fb0d2e40/4 .event anyedge, v0x8fb124140_0, v0x8fb1243c0_0, v0x8fb124460_0, v0x8fb124280_0;
E_0x8fb0d2e40 .event/or E_0x8fb0d2e40/0, E_0x8fb0d2e40/1, E_0x8fb0d2e40/2, E_0x8fb0d2e40/3, E_0x8fb0d2e40/4;
E_0x8fb0d2e80/0 .event anyedge, v0x8fb125540_0, v0x8fb124b40_0, v0x8fb125180_0, v0x8fb125220_0;
E_0x8fb0d2e80/1 .event anyedge, v0x8fb124be0_0, v0x8fb124f00_0, v0x8fb124dc0_0, v0x8fb124c80_0;
E_0x8fb0d2e80/2 .event anyedge, v0x8fb124e60_0, v0x8fb124d20_0, v0x8fb1252c0_0, v0x8fb125400_0;
E_0x8fb0d2e80/3 .event anyedge, v0x8fb1255e0_0, v0x8fb125360_0, v0x8fb1254a0_0, v0x8fb125b80_0;
E_0x8fb0d2e80/4 .event anyedge, v0x8fb125cc0_0, v0x8fb126440_0, v0x8fb124960_0, v0x8fb125f40_0;
E_0x8fb0d2e80/5 .event anyedge, v0x8fb125fe0_0, v0x8fb126760_0, v0x8fb1257c0_0, v0x8fb124aa0_0;
E_0x8fb0d2e80/6 .event anyedge, v0x8fb125e00_0, v0x8fb126300_0, v0x8fb1261c0_0, v0x8fb1248c0_0;
E_0x8fb0d2e80/7 .event anyedge, v0x8fb1263a0_0, v0x8fb125d60_0, v0x8fb125ea0_0, v0x8fb126080_0;
E_0x8fb0d2e80/8 .event anyedge, v0x8fb1266c0_0, v0x8fb126260_0, v0x8fb126120_0, v0x8fb125720_0;
E_0x8fb0d2e80/9 .event anyedge, v0x8fb124a00_0, v0x8fb125860_0, v0x8fb125900_0, v0x8fb1259a0_0;
E_0x8fb0d2e80/10 .event anyedge, v0x8fb125a40_0, v0x8fb125040_0, v0x8fb1250e0_0, v0x8fb125c20_0;
E_0x8fb0d2e80/11 .event anyedge, v0x8fb125ae0_0, v0x8fb125680_0, v0x8fb126620_0, v0x8fb1264e0_0;
E_0x8fb0d2e80 .event/or E_0x8fb0d2e80/0, E_0x8fb0d2e80/1, E_0x8fb0d2e80/2, E_0x8fb0d2e80/3, E_0x8fb0d2e80/4, E_0x8fb0d2e80/5, E_0x8fb0d2e80/6, E_0x8fb0d2e80/7, E_0x8fb0d2e80/8, E_0x8fb0d2e80/9, E_0x8fb0d2e80/10, E_0x8fb0d2e80/11;
E_0x8fb0d2ec0 .event anyedge, v0x8fb128d20_0, v0x8fb12a440_0, v0x8fb128780_0, v0x8fb12a3a0_0;
E_0x8fb0d2f00 .event anyedge, v0x8fb129900_0, v0x8fb129720_0, v0x8fb129360_0, v0x8fb129180_0;
L_0x8fa477ca0 .concat [ 1 1 1 1], v0x8fb127f20_0, v0x8fb127de0_0, v0x8fb127e80_0, v0x8fb127d40_0;
L_0x8fa911220 .reduce/or L_0x8fa477ca0;
L_0x8fa9112c0 .reduce/or v0x8fb128b40_0;
L_0x8fa911360 .reduce/and v0x8fb128b40_0;
L_0x8fa911400 .reduce/nor L_0x8fac78e68;
L_0x8fa9114a0 .part L_0x8fb131110, 0, 2;
L_0x8fa911540 .reduce/nand L_0x8fa9114a0;
L_0x8fa9115e0 .reduce/nor v0x8fb128b40_0;
L_0x8fa911680 .reduce/nor L_0x8fac78ef8;
L_0x8fa911720 .reduce/nor v0x8fb128b40_0;
L_0x8fa9117c0 .part L_0x8fa91c000, 2, 30;
L_0x8fb12fe80 .arith/sum 30, L_0x8fa9117c0, L_0x8fac79498;
L_0x8fa477d40 .concat [ 2 30 0 0], L_0x8fac78f88, L_0x8fb12fe80;
L_0x8fa911860 .part v0x8fb12a3a0_0, 2, 30;
L_0x8fa477de0 .concat [ 2 30 0 0], L_0x8fac78fd0, L_0x8fa911860;
L_0x8fa477e80 .functor MUXZ 32, L_0x8fa477de0, L_0x8fa477d40, L_0x8fb131030, C4<>;
L_0x8fa477f20 .functor MUXZ 32, v0x8fb128960_0, L_0x8fa91ca00, L_0x8fb1310a0, C4<>;
LS_0x8fa91c0a0_0_0 .concat [ 1 1 1 1], v0x8fb1264e0_0, v0x8fb126620_0, v0x8fb125680_0, v0x8fb125ae0_0;
LS_0x8fa91c0a0_0_4 .concat [ 1 1 1 1], v0x8fb125c20_0, v0x8fb1250e0_0, v0x8fb125040_0, v0x8fb125a40_0;
LS_0x8fa91c0a0_0_8 .concat [ 1 1 1 1], v0x8fb1259a0_0, v0x8fb125900_0, v0x8fb125860_0, v0x8fb124a00_0;
LS_0x8fa91c0a0_0_12 .concat [ 1 1 1 1], v0x8fb125720_0, v0x8fb126120_0, v0x8fb126260_0, v0x8fb1266c0_0;
LS_0x8fa91c0a0_0_16 .concat [ 1 1 1 1], v0x8fb126080_0, v0x8fb125ea0_0, v0x8fb125d60_0, v0x8fb1263a0_0;
LS_0x8fa91c0a0_0_20 .concat [ 1 1 1 1], v0x8fb1248c0_0, v0x8fb1261c0_0, v0x8fb126300_0, v0x8fb125e00_0;
LS_0x8fa91c0a0_0_24 .concat [ 1 1 1 1], v0x8fb124aa0_0, v0x8fb1257c0_0, v0x8fb126760_0, v0x8fb125fe0_0;
LS_0x8fa91c0a0_0_28 .concat [ 1 1 1 1], v0x8fb125f40_0, v0x8fb124960_0, v0x8fb126440_0, v0x8fb125cc0_0;
LS_0x8fa91c0a0_0_32 .concat [ 1 1 1 1], v0x8fb125b80_0, v0x8fb1254a0_0, v0x8fb125360_0, v0x8fb1255e0_0;
LS_0x8fa91c0a0_0_36 .concat [ 1 1 1 1], v0x8fb125400_0, v0x8fb1252c0_0, v0x8fb124d20_0, v0x8fb124e60_0;
LS_0x8fa91c0a0_0_40 .concat [ 1 1 1 1], v0x8fb124c80_0, v0x8fb124dc0_0, v0x8fb124f00_0, v0x8fb124be0_0;
LS_0x8fa91c0a0_0_44 .concat [ 1 1 1 1], v0x8fb125220_0, v0x8fb125180_0, v0x8fb124b40_0, v0x8fb125540_0;
LS_0x8fa91c0a0_1_0 .concat [ 4 4 4 4], LS_0x8fa91c0a0_0_0, LS_0x8fa91c0a0_0_4, LS_0x8fa91c0a0_0_8, LS_0x8fa91c0a0_0_12;
LS_0x8fa91c0a0_1_4 .concat [ 4 4 4 4], LS_0x8fa91c0a0_0_16, LS_0x8fa91c0a0_0_20, LS_0x8fa91c0a0_0_24, LS_0x8fa91c0a0_0_28;
LS_0x8fa91c0a0_1_8 .concat [ 4 4 4 4], LS_0x8fa91c0a0_0_32, LS_0x8fa91c0a0_0_36, LS_0x8fa91c0a0_0_40, LS_0x8fa91c0a0_0_44;
L_0x8fa91c0a0 .concat [ 16 16 16 0], LS_0x8fa91c0a0_1_0, LS_0x8fa91c0a0_1_4, LS_0x8fa91c0a0_1_8;
L_0x8fa911900 .reduce/nor L_0x8fa91c0a0;
L_0x8fa91c140 .concat [ 1 1 1 1], v0x8fb125a40_0, v0x8fb1259a0_0, v0x8fb125900_0, v0x8fb125860_0;
L_0x8fa9119a0 .reduce/or L_0x8fa91c140;
L_0x8fa91c000 .functor MUXZ 32, v0x8fb12a300_0, L_0x8fb131260, L_0x8fb1311f0, C4<>;
L_0x8fa8fb0c0 .cmp/eq 8, v0x8fb122f80_0, L_0x8fac790f0;
S_0x8fa4d9680 .scope task, "empty_statement" "empty_statement" 3 214, 3 214 0, S_0x8fa4d9500;
 .timescale -9 -12;
TD_tb_loader.dut.cpu.empty_statement ;
    %end;
S_0x8fa4d9800 .scope generate, "genblk1" "genblk1" 3 285, 3 285 0, S_0x8fa4d9500;
 .timescale -9 -12;
S_0x8fa4d9980 .scope generate, "genblk2" "genblk2" 3 305, 3 305 0, S_0x8fa4d9500;
 .timescale -9 -12;
S_0x8fa4d9b00 .scope generate, "genblk3" "genblk3" 3 1229, 3 1229 0, S_0x8fa4d9500;
 .timescale -9 -12;
E_0x8fb0d2f40/0 .event anyedge, v0x8fb1263a0_0, v0x8fb12a3a0_0, v0x8fb12a440_0, v0x8fb126120_0;
E_0x8fb0d2f40/1 .event anyedge, v0x8fb1261c0_0;
E_0x8fb0d2f40 .event/or E_0x8fb0d2f40/0, E_0x8fb0d2f40/1;
S_0x8fa4d9c80 .scope module, "ldr" "loader" 5 39, 7 7 0, S_0x8fa4d9200;
 .timescale -9 -12;
    .port_info 0 /INPUT 1 "clk";
    .port_info 1 /INPUT 1 "rst_n";
    .port_info 2 /INPUT 1 "rx_valid";
    .port_info 3 /INPUT 8 "rx_data";
    .port_info 4 /OUTPUT 1 "tx_start";
    .port_info 5 /OUTPUT 8 "tx_data";
    .port_info 6 /INPUT 1 "tx_busy";
    .port_info 7 /OUTPUT 1 "mem_we";
    .port_info 8 /OUTPUT 14 "mem_waddr";
    .port_info 9 /OUTPUT 32 "mem_wdata";
    .port_info 10 /OUTPUT 1 "cpu_run";
P_0x104e14ea0 .param/l "ACK" 1 7 24, C4<00000110>;
P_0x104e14ee0 .param/l "CMD_RUN" 1 7 23, C4<00000010>;
P_0x104e14f20 .param/l "CMD_WRITE" 1 7 22, C4<00000001>;
P_0x104e14f60 .param/l "NACK" 1 7 25, C4<00010101>;
P_0x104e14fa0 .param/l "SYNC0" 1 7 20, C4<10101010>;
P_0x104e14fe0 .param/l "SYNC1" 1 7 21, C4<01010101>;
P_0x104e15020 .param/l "S_A0" 1 7 29, C4<00110>;
P_0x104e15060 .param/l "S_A1" 1 7 29, C4<00101>;
P_0x104e150a0 .param/l "S_A2" 1 7 29, C4<00100>;
P_0x104e150e0 .param/l "S_A3" 1 7 29, C4<00011>;
P_0x104e15120 .param/l "S_CMD" 1 7 28, C4<00010>;
P_0x104e15160 .param/l "S_CRC0" 1 7 30, C4<01010>;
P_0x104e151a0 .param/l "S_CRC1" 1 7 30, C4<01001>;
P_0x104e151e0 .param/l "S_DATA" 1 7 30, C4<01000>;
P_0x104e15220 .param/l "S_NW" 1 7 30, C4<00111>;
P_0x104e15260 .param/l "S_RCRC0" 1 7 32, C4<01101>;
P_0x104e152a0 .param/l "S_RCRC1" 1 7 32, C4<01100>;
P_0x104e152e0 .param/l "S_REPLY" 1 7 31, C4<01011>;
P_0x104e15320 .param/l "S_RFLUSH" 1 7 32, C4<01111>;
P_0x104e15360 .param/l "S_RREPLY" 1 7 32, C4<01110>;
P_0x104e153a0 .param/l "S_RUNNING" 1 7 33, C4<10000>;
P_0x104e153e0 .param/l "S_SYNC0" 1 7 28, C4<00000>;
P_0x104e15420 .param/l "S_SYNC1" 1 7 28, C4<00001>;
v0x8fb12aee0_0 .net *"_ivl_1", 23 0, L_0x8fa911040;  1 drivers
v0x8fb12af80_0 .net *"_ivl_5", 13 0, L_0x8fa9110e0;  1 drivers
v0x8fb12b020_0 .net *"_ivl_7", 13 0, L_0x8fa911180;  1 drivers
v0x8fb12b0c0_0 .var "addr_reg", 31 0;
v0x8fb12b160_0 .var "byte_in_word", 1 0;
v0x8fb12b200_0 .net "clk", 0 0, v0x8fb12f480_0;  alias, 1 drivers
v0x8fb12b2a0_0 .var "cpu_run", 0 0;
v0x8fb12b340_0 .var "crc", 15 0;
v0x8fb12b3e0_0 .net "cur_waddr", 13 0, L_0x8fb12fde0;  1 drivers
v0x8fb12b480_0 .var "mem_waddr", 13 0;
v0x8fb12b520_0 .var "mem_wdata", 31 0;
v0x8fb12b5c0_0 .var "mem_we", 0 0;
v0x8fb12b660_0 .var "nwords", 7 0;
v0x8fb12b700_0 .var "reply_ack", 0 0;
v0x8fb12b7a0_0 .net "rst_n", 0 0, L_0x8fa910fa0;  alias, 1 drivers
v0x8fb12b840_0 .var "rx_crc", 15 0;
v0x8fb12b8e0_0 .net "rx_data", 7 0, v0x8fb12c0a0_0;  alias, 1 drivers
v0x8fb12b980_0 .net "rx_valid", 0 0, v0x8fb12c3c0_0;  alias, 1 drivers
v0x8fb12ba20_0 .var "state", 4 0;
v0x8fb12bac0_0 .net "tx_busy", 0 0, v0x8fb12c500_0;  alias, 1 drivers
v0x8fb12bb60_0 .var "tx_data", 7 0;
v0x8fb12bc00_0 .var "tx_start", 0 0;
v0x8fb12bca0_0 .net "word_asm", 31 0, L_0x8fa477c00;  1 drivers
v0x8fb12bd40_0 .var "word_buf", 31 0;
v0x8fb12bde0_0 .var "words_done", 15 0;
E_0x8fb0d2f80/0 .event negedge, v0x8fb12b7a0_0;
E_0x8fb0d2f80/1 .event posedge, v0x8fb11be80_0;
E_0x8fb0d2f80 .event/or E_0x8fb0d2f80/0, E_0x8fb0d2f80/1;
L_0x8fa911040 .part v0x8fb12bd40_0, 0, 24;
L_0x8fa477c00 .concat [ 8 24 0 0], v0x8fb12c0a0_0, L_0x8fa911040;
L_0x8fa9110e0 .part v0x8fb12b0c0_0, 2, 14;
L_0x8fa911180 .part v0x8fb12bde0_0, 0, 14;
L_0x8fb12fde0 .arith/sum 14, L_0x8fa9110e0, L_0x8fa911180;
S_0x8fa4d9e00 .scope function.vec4.s16, "crc_next" "crc_next" 7 45, 7 45 0, S_0x8fa4d9c80;
 .timescale -9 -12;
v0x8fb12abc0_0 .var "c", 15 0;
; Variable crc_next is vec4 return value of scope S_0x8fa4d9e00
v0x8fb12ad00_0 .var "d", 7 0;
v0x8fb12ada0_0 .var/i "i", 31 0;
v0x8fb12ae40_0 .var "t", 15 0;
TD_tb_loader.dut.ldr.crc_next ;
    %load/vec4 v0x8fb12abc0_0;
    %load/vec4 v0x8fb12ad00_0;
    %concati/vec4 0, 0, 8;
    %xor;
    %store/vec4 v0x8fb12ae40_0, 0, 16;
    %pushi/vec4 0, 0, 32;
    %store/vec4 v0x8fb12ada0_0, 0, 32;
T_4.5 ; Top of for-loop
    %load/vec4 v0x8fb12ada0_0;
    %cmpi/s 8, 0, 32;
	  %jmp/0xz T_4.6, 5;
    %load/vec4 v0x8fb12ae40_0;
    %parti/s 1, 15, 5;
    %flag_set/vec4 8;
    %jmp/0 T_4.8, 8;
    %load/vec4 v0x8fb12ae40_0;
    %ix/load 4, 1, 0;
    %flag_set/imm 4, 0;
    %shiftl 4;
    %pushi/vec4 4129, 0, 16;
    %xor;
    %jmp/1 T_4.9, 8;
T_4.8 ; End of true expr.
    %load/vec4 v0x8fb12ae40_0;
    %ix/load 4, 1, 0;
    %flag_set/imm 4, 0;
    %shiftl 4;
    %jmp/0 T_4.9, 8;
 ; End of false expr.
    %blend;
T_4.9;
    %store/vec4 v0x8fb12ae40_0, 0, 16;
T_4.7 ; for-loop step statement
    %load/vec4 v0x8fb12ada0_0;
    %addi 1, 0, 32;
    %store/vec4 v0x8fb12ada0_0, 0, 32;
    %jmp T_4.5;
T_4.6 ; for-loop exit label
    %load/vec4 v0x8fb12ae40_0;
    %ret/vec4 0, 0, 16;  Assign to crc_next (store_vec4_to_lval)
    %end;
S_0x8fa4d9f80 .scope module, "urx" "uart_rx" 5 25, 8 3 0, S_0x8fa4d9200;
 .timescale -9 -12;
    .port_info 0 /INPUT 1 "clk";
    .port_info 1 /INPUT 1 "rst_n";
    .port_info 2 /INPUT 1 "rx";
    .port_info 3 /OUTPUT 1 "valid";
    .port_info 4 /OUTPUT 8 "data";
P_0x8fa4b4000 .param/l "CLKS_PER_BIT" 0 8 4, +C4<00000000000000000000000000001000>;
P_0x8fa4b4040 .param/l "S_DATA" 1 8 14, C4<10>;
P_0x8fa4b4080 .param/l "S_IDLE" 1 8 12, C4<00>;
P_0x8fa4b40c0 .param/l "S_START" 1 8 13, C4<01>;
P_0x8fa4b4100 .param/l "S_STOP" 1 8 15, C4<11>;
v0x8fb12be80_0 .var "bit_i", 2 0;
v0x8fb12bf20_0 .net "clk", 0 0, v0x8fb12f480_0;  alias, 1 drivers
v0x8fb12c000_0 .var "cnt", 8 0;
v0x8fb12c0a0_0 .var "data", 7 0;
v0x8fb12c140_0 .net "rst_n", 0 0, L_0x8fa910fa0;  alias, 1 drivers
v0x8fb12c1e0_0 .net "rx", 0 0, v0x8fb12fb60_0;  alias, 1 drivers
v0x8fb12c280_0 .var "shift", 7 0;
v0x8fb12c320_0 .var "state", 1 0;
v0x8fb12c3c0_0 .var "valid", 0 0;
S_0x8fa4da100 .scope module, "utx" "uart_tx" 5 125, 9 2 0, S_0x8fa4d9200;
 .timescale -9 -12;
    .port_info 0 /INPUT 1 "clk";
    .port_info 1 /INPUT 1 "rst_n";
    .port_info 2 /INPUT 1 "start";
    .port_info 3 /INPUT 8 "data";
    .port_info 4 /OUTPUT 1 "busy";
    .port_info 5 /OUTPUT 1 "tx";
P_0x8fa4b5900 .param/l "CLKS_PER_BIT" 0 9 3, +C4<00000000000000000000000000001000>;
P_0x8fa4b5940 .param/l "S_DATA" 1 9 14, C4<10>;
P_0x8fa4b5980 .param/l "S_IDLE" 1 9 12, C4<00>;
P_0x8fa4b59c0 .param/l "S_START" 1 9 13, C4<01>;
P_0x8fa4b5a00 .param/l "S_STOP" 1 9 15, C4<11>;
v0x8fb12c460_0 .var "bit_i", 2 0;
v0x8fb12c500_0 .var "busy", 0 0;
v0x8fb12c5a0_0 .net "clk", 0 0, v0x8fb12f480_0;  alias, 1 drivers
v0x8fb12c640_0 .var "cnt", 8 0;
v0x8fb12c6e0_0 .net "data", 7 0, L_0x8fa91c5a0;  1 drivers
v0x8fb12c780_0 .net "rst_n", 0 0, L_0x8fa910fa0;  alias, 1 drivers
v0x8fb12c820_0 .var "shift", 7 0;
v0x8fb12c8c0_0 .net "start", 0 0, L_0x8fa91c500;  1 drivers
v0x8fb12c960_0 .var "state", 1 0;
v0x8fb12ca00_0 .var "tx", 0 0;
S_0x8fa4da280 .scope begin, "init_mem" "init_mem" 4 144, 4 144 0, S_0x104e061a0;
 .timescale -9 -12;
v0x8fb12ec60_0 .var/i "i", 31 0;
S_0x8fa4da400 .scope begin, "load_loop" "load_loop" 4 159, 4 159 0, S_0x104e061a0;
 .timescale -9 -12;
v0x8fb12ed00_0 .var/i "wi", 31 0;
S_0x8fa4da580 .scope task, "recv_byte" "recv_byte" 4 40, 4 40 0, S_0x104e061a0;
 .timescale -9 -12;
v0x8fb12eda0_0 .var "b", 7 0;
v0x8fb12ee40_0 .var/i "k", 31 0;
E_0x8fb0d3080 .event negedge, v0x8fb12ca00_0;
TD_tb_loader.recv_byte ;
    %wait E_0x8fb0d3080;
    %pushi/vec4 13, 0, 32;
T_5.10 %dup/vec4;
    %cmpi/s 0, 0, 32;
    %jmp/1xz T_5.11, 5;
    %jmp/1 T_5.11, 4;
    %subi 1, 0, 32;
    %wait E_0x8fb0d2c80;
    %jmp T_5.10;
T_5.11 ;
    %pop/vec4 1;
    %pushi/vec4 0, 0, 32;
    %store/vec4 v0x8fb12ee40_0, 0, 32;
T_5.12 ; Top of for-loop
    %load/vec4 v0x8fb12ee40_0;
    %cmpi/s 8, 0, 32;
	  %jmp/0xz T_5.13, 5;
    %load/vec4 v0x8fb12fc00_0;
    %ix/getv/s 4, v0x8fb12ee40_0;
    %store/vec4 v0x8fb12eda0_0, 4, 1;
    %pushi/vec4 8, 0, 32;
T_5.15 %dup/vec4;
    %cmpi/s 0, 0, 32;
    %jmp/1xz T_5.16, 5;
    %jmp/1 T_5.16, 4;
    %subi 1, 0, 32;
    %wait E_0x8fb0d2c80;
    %jmp T_5.15;
T_5.16 ;
    %pop/vec4 1;
T_5.14 ; for-loop step statement
    %load/vec4 v0x8fb12ee40_0;
    %addi 1, 0, 32;
    %store/vec4 v0x8fb12ee40_0, 0, 32;
    %jmp T_5.12;
T_5.13 ; for-loop exit label
    %end;
S_0x8fa4da700 .scope task, "send_byte" "send_byte" 4 26, 4 26 0, S_0x104e061a0;
 .timescale -9 -12;
v0x8fb12eee0_0 .var "b", 7 0;
v0x8fb12ef80_0 .var/i "i", 31 0;
TD_tb_loader.send_byte ;
    %pushi/vec4 0, 0, 1;
    %store/vec4 v0x8fb12fb60_0, 0, 1;
    %delay 80000, 0;
    %pushi/vec4 0, 0, 32;
    %store/vec4 v0x8fb12ef80_0, 0, 32;
T_6.17 ; Top of for-loop
    %load/vec4 v0x8fb12ef80_0;
    %cmpi/s 8, 0, 32;
	  %jmp/0xz T_6.18, 5;
    %load/vec4 v0x8fb12eee0_0;
    %load/vec4 v0x8fb12ef80_0;
    %part/s 1;
    %store/vec4 v0x8fb12fb60_0, 0, 1;
    %delay 80000, 0;
T_6.19 ; for-loop step statement
    %load/vec4 v0x8fb12ef80_0;
    %addi 1, 0, 32;
    %store/vec4 v0x8fb12ef80_0, 0, 32;
    %jmp T_6.17;
T_6.18 ; for-loop exit label
    %pushi/vec4 1, 0, 1;
    %store/vec4 v0x8fb12fb60_0, 0, 1;
    %delay 80000, 0;
    %pushi/vec4 2, 0, 32;
T_6.20 %dup/vec4;
    %cmpi/s 0, 0, 32;
    %jmp/1xz T_6.21, 5;
    %jmp/1 T_6.21, 4;
    %subi 1, 0, 32;
    %wait E_0x8fb0d2c80;
    %jmp T_6.20;
T_6.21 ;
    %pop/vec4 1;
    %end;
S_0x8fa4da880 .scope task, "send_run" "send_run" 4 115, 4 115 0, S_0x104e061a0;
 .timescale -9 -12;
v0x8fb12f020_0 .var "ack_byte", 7 0;
TD_tb_loader.send_run ;
    %pushi/vec4 65535, 0, 16;
    %pushi/vec4 2, 0, 8;
    %store/vec4 v0x8fb11bc00_0, 0, 8;
    %store/vec4 v0x8fb11bac0_0, 0, 16;
    %callf/vec4 TD_tb_loader.crc_next, S_0x8fa4d9080;
    %store/vec4 v0x8fb12f520_0, 0, 16;
    %pushi/vec4 170, 0, 8;
    %store/vec4 v0x8fb12eee0_0, 0, 8;
    %fork TD_tb_loader.send_byte, S_0x8fa4da700;
    %join;
    %pushi/vec4 85, 0, 8;
    %store/vec4 v0x8fb12eee0_0, 0, 8;
    %fork TD_tb_loader.send_byte, S_0x8fa4da700;
    %join;
    %pushi/vec4 2, 0, 8;
    %store/vec4 v0x8fb12eee0_0, 0, 8;
    %fork TD_tb_loader.send_byte, S_0x8fa4da700;
    %join;
    %load/vec4 v0x8fb12f520_0;
    %parti/s 8, 8, 5;
    %store/vec4 v0x8fb12eee0_0, 0, 8;
    %fork TD_tb_loader.send_byte, S_0x8fa4da700;
    %join;
    %load/vec4 v0x8fb12f520_0;
    %parti/s 8, 0, 2;
    %store/vec4 v0x8fb12eee0_0, 0, 8;
    %fork TD_tb_loader.send_byte, S_0x8fa4da700;
    %join;
    %fork TD_tb_loader.recv_byte, S_0x8fa4da580;
    %join;
    %load/vec4 v0x8fb12eda0_0;
    %store/vec4 v0x8fb12f020_0, 0, 8;
    %load/vec4 v0x8fb12f020_0;
    %cmpi/ne 6, 0, 8;
    %jmp/0xz  T_7.22, 6;
    %vpi_call/w 4 123 "$display", "  [HATA] RUN ACK beklendi, 0x%02x geldi", v0x8fb12f020_0 {0 0 0};
    %load/vec4 v0x8fb12f660_0;
    %addi 1, 0, 32;
    %store/vec4 v0x8fb12f660_0, 0, 32;
    %jmp T_7.23;
T_7.22 ;
    %vpi_call/w 4 126 "$display", "  [OK]   RUN -> ACK" {0 0 0};
T_7.23 ;
    %end;
S_0x8fa4daa00 .scope task, "send_write_chunk" "send_write_chunk" 4 82, 4 82 0, S_0x104e061a0;
 .timescale -9 -12;
v0x8fb12f0c0_0 .var "ack_byte", 7 0;
v0x8fb12f160_0 .var "base_addr", 31 0;
v0x8fb12f200_0 .var/i "cnt", 31 0;
v0x8fb12f2a0_0 .var/i "k", 31 0;
v0x8fb12f340_0 .var/i "start_w", 31 0;
TD_tb_loader.send_write_chunk ;
    %pushi/vec4 65535, 0, 16;
    %store/vec4 v0x8fb12f520_0, 0, 16;
    %pushi/vec4 170, 0, 8;
    %store/vec4 v0x8fb12eee0_0, 0, 8;
    %fork TD_tb_loader.send_byte, S_0x8fa4da700;
    %join;
    %pushi/vec4 85, 0, 8;
    %store/vec4 v0x8fb12eee0_0, 0, 8;
    %fork TD_tb_loader.send_byte, S_0x8fa4da700;
    %join;
    %pushi/vec4 1, 0, 8;
    %store/vec4 v0x8fb12eee0_0, 0, 8;
    %fork TD_tb_loader.send_byte, S_0x8fa4da700;
    %join;
    %load/vec4 v0x8fb12f520_0;
    %pushi/vec4 1, 0, 8;
    %store/vec4 v0x8fb11bc00_0, 0, 8;
    %store/vec4 v0x8fb11bac0_0, 0, 16;
    %callf/vec4 TD_tb_loader.crc_next, S_0x8fa4d9080;
    %store/vec4 v0x8fb12f520_0, 0, 16;
    %load/vec4 v0x8fb12f160_0;
    %parti/s 8, 24, 6;
    %store/vec4 v0x8fb12eee0_0, 0, 8;
    %fork TD_tb_loader.send_byte, S_0x8fa4da700;
    %join;
    %load/vec4 v0x8fb12f520_0;
    %load/vec4 v0x8fb12f160_0;
    %parti/s 8, 24, 6;
    %store/vec4 v0x8fb11bc00_0, 0, 8;
    %store/vec4 v0x8fb11bac0_0, 0, 16;
    %callf/vec4 TD_tb_loader.crc_next, S_0x8fa4d9080;
    %store/vec4 v0x8fb12f520_0, 0, 16;
    %load/vec4 v0x8fb12f160_0;
    %parti/s 8, 16, 6;
    %store/vec4 v0x8fb12eee0_0, 0, 8;
    %fork TD_tb_loader.send_byte, S_0x8fa4da700;
    %join;
    %load/vec4 v0x8fb12f520_0;
    %load/vec4 v0x8fb12f160_0;
    %parti/s 8, 16, 6;
    %store/vec4 v0x8fb11bc00_0, 0, 8;
    %store/vec4 v0x8fb11bac0_0, 0, 16;
    %callf/vec4 TD_tb_loader.crc_next, S_0x8fa4d9080;
    %store/vec4 v0x8fb12f520_0, 0, 16;
    %load/vec4 v0x8fb12f160_0;
    %parti/s 8, 8, 5;
    %store/vec4 v0x8fb12eee0_0, 0, 8;
    %fork TD_tb_loader.send_byte, S_0x8fa4da700;
    %join;
    %load/vec4 v0x8fb12f520_0;
    %load/vec4 v0x8fb12f160_0;
    %parti/s 8, 8, 5;
    %store/vec4 v0x8fb11bc00_0, 0, 8;
    %store/vec4 v0x8fb11bac0_0, 0, 16;
    %callf/vec4 TD_tb_loader.crc_next, S_0x8fa4d9080;
    %store/vec4 v0x8fb12f520_0, 0, 16;
    %load/vec4 v0x8fb12f160_0;
    %parti/s 8, 0, 2;
    %store/vec4 v0x8fb12eee0_0, 0, 8;
    %fork TD_tb_loader.send_byte, S_0x8fa4da700;
    %join;
    %load/vec4 v0x8fb12f520_0;
    %load/vec4 v0x8fb12f160_0;
    %parti/s 8, 0, 2;
    %store/vec4 v0x8fb11bc00_0, 0, 8;
    %store/vec4 v0x8fb11bac0_0, 0, 16;
    %callf/vec4 TD_tb_loader.crc_next, S_0x8fa4d9080;
    %store/vec4 v0x8fb12f520_0, 0, 16;
    %load/vec4 v0x8fb12f200_0;
    %parti/s 8, 0, 2;
    %store/vec4 v0x8fb12eee0_0, 0, 8;
    %fork TD_tb_loader.send_byte, S_0x8fa4da700;
    %join;
    %load/vec4 v0x8fb12f520_0;
    %load/vec4 v0x8fb12f200_0;
    %parti/s 8, 0, 2;
    %store/vec4 v0x8fb11bc00_0, 0, 8;
    %store/vec4 v0x8fb11bac0_0, 0, 16;
    %callf/vec4 TD_tb_loader.crc_next, S_0x8fa4d9080;
    %store/vec4 v0x8fb12f520_0, 0, 16;
    %pushi/vec4 0, 0, 32;
    %store/vec4 v0x8fb12f2a0_0, 0, 32;
T_8.24 ; Top of for-loop
    %load/vec4 v0x8fb12f2a0_0;
    %load/vec4 v0x8fb12f200_0;
    %cmp/s;
	  %jmp/0xz T_8.25, 5;
    %load/vec4 v0x8fb12f340_0;
    %load/vec4 v0x8fb12f2a0_0;
    %add;
    %ix/vec4/s 4;
    %load/vec4a v0x8fb12f840, 4;
    %store/vec4 v0x8fb12f5c0_0, 0, 32;
    %load/vec4 v0x8fb12f5c0_0;
    %parti/s 8, 24, 6;
    %store/vec4 v0x8fb12eee0_0, 0, 8;
    %fork TD_tb_loader.send_byte, S_0x8fa4da700;
    %join;
    %load/vec4 v0x8fb12f520_0;
    %load/vec4 v0x8fb12f5c0_0;
    %parti/s 8, 24, 6;
    %store/vec4 v0x8fb11bc00_0, 0, 8;
    %store/vec4 v0x8fb11bac0_0, 0, 16;
    %callf/vec4 TD_tb_loader.crc_next, S_0x8fa4d9080;
    %store/vec4 v0x8fb12f520_0, 0, 16;
    %load/vec4 v0x8fb12f5c0_0;
    %parti/s 8, 16, 6;
    %store/vec4 v0x8fb12eee0_0, 0, 8;
    %fork TD_tb_loader.send_byte, S_0x8fa4da700;
    %join;
    %load/vec4 v0x8fb12f520_0;
    %load/vec4 v0x8fb12f5c0_0;
    %parti/s 8, 16, 6;
    %store/vec4 v0x8fb11bc00_0, 0, 8;
    %store/vec4 v0x8fb11bac0_0, 0, 16;
    %callf/vec4 TD_tb_loader.crc_next, S_0x8fa4d9080;
    %store/vec4 v0x8fb12f520_0, 0, 16;
    %load/vec4 v0x8fb12f5c0_0;
    %parti/s 8, 8, 5;
    %store/vec4 v0x8fb12eee0_0, 0, 8;
    %fork TD_tb_loader.send_byte, S_0x8fa4da700;
    %join;
    %load/vec4 v0x8fb12f520_0;
    %load/vec4 v0x8fb12f5c0_0;
    %parti/s 8, 8, 5;
    %store/vec4 v0x8fb11bc00_0, 0, 8;
    %store/vec4 v0x8fb11bac0_0, 0, 16;
    %callf/vec4 TD_tb_loader.crc_next, S_0x8fa4d9080;
    %store/vec4 v0x8fb12f520_0, 0, 16;
    %load/vec4 v0x8fb12f5c0_0;
    %parti/s 8, 0, 2;
    %store/vec4 v0x8fb12eee0_0, 0, 8;
    %fork TD_tb_loader.send_byte, S_0x8fa4da700;
    %join;
    %load/vec4 v0x8fb12f520_0;
    %load/vec4 v0x8fb12f5c0_0;
    %parti/s 8, 0, 2;
    %store/vec4 v0x8fb11bc00_0, 0, 8;
    %store/vec4 v0x8fb11bac0_0, 0, 16;
    %callf/vec4 TD_tb_loader.crc_next, S_0x8fa4d9080;
    %store/vec4 v0x8fb12f520_0, 0, 16;
T_8.26 ; for-loop step statement
    %load/vec4 v0x8fb12f2a0_0;
    %addi 1, 0, 32;
    %store/vec4 v0x8fb12f2a0_0, 0, 32;
    %jmp T_8.24;
T_8.25 ; for-loop exit label
    %load/vec4 v0x8fb12f520_0;
    %parti/s 8, 8, 5;
    %store/vec4 v0x8fb12eee0_0, 0, 8;
    %fork TD_tb_loader.send_byte, S_0x8fa4da700;
    %join;
    %load/vec4 v0x8fb12f520_0;
    %parti/s 8, 0, 2;
    %store/vec4 v0x8fb12eee0_0, 0, 8;
    %fork TD_tb_loader.send_byte, S_0x8fa4da700;
    %join;
    %fork TD_tb_loader.recv_byte, S_0x8fa4da580;
    %join;
    %load/vec4 v0x8fb12eda0_0;
    %store/vec4 v0x8fb12f0c0_0, 0, 8;
    %load/vec4 v0x8fb12f0c0_0;
    %cmpi/ne 6, 0, 8;
    %jmp/0xz  T_8.27, 6;
    %vpi_call/w 4 107 "$display", "  [HATA] WRITE @0x%08x ACK beklendi, 0x%02x geldi", v0x8fb12f160_0, v0x8fb12f0c0_0 {0 0 0};
    %load/vec4 v0x8fb12f660_0;
    %addi 1, 0, 32;
    %store/vec4 v0x8fb12f660_0, 0, 32;
    %jmp T_8.28;
T_8.27 ;
    %vpi_call/w 4 110 "$display", "  [OK]   WRITE @0x%08x %0d word -> ACK", v0x8fb12f160_0, v0x8fb12f200_0 {0 0 0};
T_8.28 ;
    %end;
    .scope S_0x8fa4d8000;
T_9 ;
    %wait E_0x8fb0d2640;
    %load/vec4 v0x8fb43e800_0;
    %nor/r;
    %flag_set/vec4 8;
    %jmp/0xz  T_9.0, 8;
    %pushi/vec4 0, 0, 1;
    %assign/vec4 v0x8fb43dc20_0, 0;
    %jmp T_9.1;
T_9.0 ;
    %load/vec4 v0x8fb43e620_0;
    %flag_set/vec4 8;
    %flag_get/vec4 8;
    %jmp/0 T_9.2, 8;
    %load/vec4 v0x8fb43e580_0;
    %and;
T_9.2;
    %assign/vec4 v0x8fb43e8a0_0, 0;
    %load/vec4 v0x8fb43cfa0_0;
    %flag_set/vec4 9;
    %flag_get/vec4 9;
    %jmp/0 T_9.5, 9;
    %load/vec4 v0x8fb43d040_0;
    %and;
T_9.5;
    %flag_set/vec4 8;
    %jmp/0xz  T_9.3, 8;
    %pushi/vec4 1, 0, 1;
    %assign/vec4 v0x8fb43dc20_0, 0;
T_9.3 ;
    %load/vec4 v0x8fb43cd20_0;
    %flag_set/vec4 9;
    %flag_get/vec4 9;
    %jmp/0 T_9.8, 9;
    %load/vec4 v0x8fb43cdc0_0;
    %and;
T_9.8;
    %flag_set/vec4 8;
    %jmp/0xz  T_9.6, 8;
    %pushi/vec4 1, 0, 1;
    %assign/vec4 v0x8fb43db80_0, 0;
T_9.6 ;
    %load/vec4 v0x8fb43c640_0;
    %flag_set/vec4 9;
    %flag_get/vec4 9;
    %jmp/0 T_9.11, 9;
    %load/vec4 v0x8fb43c780_0;
    %and;
T_9.11;
    %flag_set/vec4 8;
    %jmp/0xz  T_9.9, 8;
    %pushi/vec4 1, 0, 1;
    %assign/vec4 v0x8fb43dcc0_0, 0;
T_9.9 ;
    %load/vec4 v0x8fb43e8a0_0;
    %flag_set/vec4 8;
    %jmp/1 T_9.14, 8;
    %load/vec4 v0x8fb43e620_0;
    %nor/r;
    %flag_set/vec4 9;
    %flag_or 8, 9;
T_9.14;
    %jmp/0xz  T_9.12, 8;
    %pushi/vec4 0, 0, 1;
    %assign/vec4 v0x8fb43dc20_0, 0;
    %pushi/vec4 0, 0, 1;
    %assign/vec4 v0x8fb43db80_0, 0;
    %pushi/vec4 0, 0, 1;
    %assign/vec4 v0x8fb43dcc0_0, 0;
T_9.12 ;
T_9.1 ;
    %jmp T_9;
    .thread T_9;
    .scope S_0x8fa4d8780;
T_10 ;
    %wait E_0x8fb0d28c0;
    %load/vec4 v0x8fb108b40_0;
    %flag_set/vec4 8;
    %jmp/0 T_10.0, 8;
    %load/vec4 v0x8fb10cb40_0;
    %load/vec4 v0x8fb10cbe0_0;
    %sub;
    %jmp/1 T_10.1, 8;
T_10.0 ; End of true expr.
    %load/vec4 v0x8fb10cb40_0;
    %load/vec4 v0x8fb10cbe0_0;
    %add;
    %jmp/0 T_10.1, 8;
 ; End of false expr.
    %blend;
T_10.1;
    %store/vec4 v0x8fb104820_0, 0, 32;
    %load/vec4 v0x8fb10cb40_0;
    %load/vec4 v0x8fb10cbe0_0;
    %cmp/e;
    %flag_get/vec4 4;
    %store/vec4 v0x8fb1048c0_0, 0, 1;
    %load/vec4 v0x8fb10cb40_0;
    %load/vec4 v0x8fb10cbe0_0;
    %cmp/s;
    %flag_get/vec4 5;
    %store/vec4 v0x8fb104960_0, 0, 1;
    %load/vec4 v0x8fb10cb40_0;
    %load/vec4 v0x8fb10cbe0_0;
    %cmp/u;
    %flag_get/vec4 5;
    %store/vec4 v0x8fb104a00_0, 0, 1;
    %load/vec4 v0x8fb10cb40_0;
    %load/vec4 v0x8fb10cbe0_0;
    %parti/s 5, 0, 2;
    %ix/vec4 4;
    %shiftl 4;
    %store/vec4 v0x8fb104d20_0, 0, 32;
    %load/vec4 v0x8fb1088c0_0;
    %flag_set/vec4 8;
    %jmp/1 T_10.4, 8;
    %load/vec4 v0x8fb108960_0;
    %flag_set/vec4 9;
    %flag_or 8, 9;
T_10.4;
    %jmp/0 T_10.2, 8;
    %load/vec4 v0x8fb10cb40_0;
    %parti/s 1, 31, 6;
    %jmp/1 T_10.3, 8;
T_10.2 ; End of true expr.
    %pushi/vec4 0, 0, 1;
    %jmp/0 T_10.3, 8;
 ; End of false expr.
    %blend;
T_10.3;
    %load/vec4 v0x8fb10cb40_0;
    %concat/vec4; draw_concat_vec4
    %load/vec4 v0x8fb10cbe0_0;
    %parti/s 5, 0, 2;
    %ix/vec4 4;
    %shiftr/s 4;
    %pad/s 32;
    %store/vec4 v0x8fb104dc0_0, 0, 32;
    %jmp T_10;
    .thread T_10, $push;
    .scope S_0x8fa4d8180;
T_11 ;
    %end;
    .thread T_11;
    .scope S_0x8fa4d8180;
T_12 ;
    %wait E_0x8fb0d2880;
    %pushi/vec4 0, 0, 1;
    %store/vec4 v0x8fb10bde0_0, 0, 1;
    %pushi/vec4 4294967295, 4294967295, 32;
    %store/vec4 v0x8fb10bc00_0, 0, 32;
    %pushi/vec4 0, 0, 1;
    %store/vec4 v0x8fb10bd40_0, 0, 1;
    %pushi/vec4 0, 0, 1;
    %store/vec4 v0x8fb10bca0_0, 0, 1;
    %pushi/vec4 1, 0, 1;
    %dup/vec4;
    %pushi/vec4 0, 0, 1;
    %cmp/u;
    %jmp/1 T_12.0, 6;
    %dup/vec4;
    %pushi/vec4 0, 0, 1;
    %cmp/u;
    %jmp/1 T_12.1, 6;
    %dup/vec4;
    %pushi/vec4 0, 0, 1;
    %cmp/u;
    %jmp/1 T_12.2, 6;
    %jmp T_12.3;
T_12.0 ;
    %pushi/vec4 0, 0, 1;
    %store/vec4 v0x8fb10bde0_0, 0, 1;
    %pushi/vec4 0, 0, 32;
    %store/vec4 v0x8fb10bc00_0, 0, 32;
    %jmp T_12.3;
T_12.1 ;
    %load/vec4 v0x8fb10c0a0_0;
    %store/vec4 v0x8fb10bde0_0, 0, 1;
    %load/vec4 v0x8fb10be80_0;
    %store/vec4 v0x8fb10bc00_0, 0, 32;
    %jmp T_12.3;
T_12.2 ;
    %load/vec4 v0x8fb10bac0_0;
    %store/vec4 v0x8fb10bde0_0, 0, 1;
    %load/vec4 v0x8fb10b8e0_0;
    %store/vec4 v0x8fb10bc00_0, 0, 32;
    %jmp T_12.3;
T_12.3 ;
    %pop/vec4 1;
    %jmp T_12;
    .thread T_12, $push;
    .scope S_0x8fa4d8180;
T_13 ;
    %wait E_0x8fb0d2640;
    %load/vec4 v0x8fb10ce60_0;
    %nor/r;
    %flag_set/vec4 8;
    %jmp/0xz  T_13.0, 8;
    %pushi/vec4 0, 0, 1;
    %assign/vec4 v0x8fb10a9e0_0, 0;
    %pushi/vec4 0, 0, 1;
    %assign/vec4 v0x8fb109cc0_0, 0;
    %jmp T_13.1;
T_13.0 ;
    %load/vec4 v0x8fb109cc0_0;
    %nor/r;
    %flag_set/vec4 8;
    %jmp/0xz  T_13.2, 8;
    %load/vec4 v0x8fb10a940_0;
    %assign/vec4 v0x8fb10a9e0_0, 0;
T_13.2 ;
    %load/vec4 v0x8fb10b340_0;
    %flag_set/vec4 8;
    %flag_get/vec4 8;
    %jmp/0 T_13.4, 8;
    %load/vec4 v0x8fb10b200_0;
    %nor/r;
    %and;
T_13.4;
    %assign/vec4 v0x8fb109cc0_0, 0;
T_13.1 ;
    %jmp T_13;
    .thread T_13;
    .scope S_0x8fa4d8180;
T_14 ;
    %wait E_0x8fb0d2840;
    %load/vec4 v0x8fb10b480_0;
    %dup/vec4;
    %pushi/vec4 0, 0, 2;
    %cmp/u;
    %jmp/1 T_14.0, 6;
    %dup/vec4;
    %pushi/vec4 1, 0, 2;
    %cmp/u;
    %jmp/1 T_14.1, 6;
    %dup/vec4;
    %pushi/vec4 2, 0, 2;
    %cmp/u;
    %jmp/1 T_14.2, 6;
    %jmp T_14.3;
T_14.0 ;
    %load/vec4 v0x8fb10cbe0_0;
    %store/vec4 v0x8fb10ad00_0, 0, 32;
    %pushi/vec4 15, 0, 4;
    %store/vec4 v0x8fb10ae40_0, 0, 4;
    %load/vec4 v0x8fb10aee0_0;
    %store/vec4 v0x8fb10b160_0, 0, 32;
    %jmp T_14.3;
T_14.1 ;
    %load/vec4 v0x8fb10cbe0_0;
    %parti/s 16, 0, 2;
    %replicate 2;
    %store/vec4 v0x8fb10ad00_0, 0, 32;
    %load/vec4 v0x8fb10cb40_0;
    %parti/s 1, 1, 2;
    %flag_set/vec4 8;
    %jmp/0 T_14.4, 8;
    %pushi/vec4 12, 0, 4;
    %jmp/1 T_14.5, 8;
T_14.4 ; End of true expr.
    %pushi/vec4 3, 0, 4;
    %jmp/0 T_14.5, 8;
 ; End of false expr.
    %blend;
T_14.5;
    %store/vec4 v0x8fb10ae40_0, 0, 4;
    %load/vec4 v0x8fb10cb40_0;
    %parti/s 1, 1, 2;
    %dup/vec4;
    %pushi/vec4 0, 0, 1;
    %cmp/u;
    %jmp/1 T_14.6, 6;
    %dup/vec4;
    %pushi/vec4 1, 0, 1;
    %cmp/u;
    %jmp/1 T_14.7, 6;
    %jmp T_14.8;
T_14.6 ;
    %pushi/vec4 0, 0, 16;
    %load/vec4 v0x8fb10aee0_0;
    %parti/s 16, 0, 2;
    %concat/vec4; draw_concat_vec4
    %store/vec4 v0x8fb10b160_0, 0, 32;
    %jmp T_14.8;
T_14.7 ;
    %pushi/vec4 0, 0, 16;
    %load/vec4 v0x8fb10aee0_0;
    %parti/s 16, 16, 6;
    %concat/vec4; draw_concat_vec4
    %store/vec4 v0x8fb10b160_0, 0, 32;
    %jmp T_14.8;
T_14.8 ;
    %pop/vec4 1;
    %jmp T_14.3;
T_14.2 ;
    %load/vec4 v0x8fb10cbe0_0;
    %parti/s 8, 0, 2;
    %replicate 4;
    %store/vec4 v0x8fb10ad00_0, 0, 32;
    %pushi/vec4 1, 0, 4;
    %load/vec4 v0x8fb10cb40_0;
    %parti/s 2, 0, 2;
    %ix/vec4 4;
    %shiftl 4;
    %store/vec4 v0x8fb10ae40_0, 0, 4;
    %load/vec4 v0x8fb10cb40_0;
    %parti/s 2, 0, 2;
    %dup/vec4;
    %pushi/vec4 0, 0, 2;
    %cmp/u;
    %jmp/1 T_14.9, 6;
    %dup/vec4;
    %pushi/vec4 1, 0, 2;
    %cmp/u;
    %jmp/1 T_14.10, 6;
    %dup/vec4;
    %pushi/vec4 2, 0, 2;
    %cmp/u;
    %jmp/1 T_14.11, 6;
    %dup/vec4;
    %pushi/vec4 3, 0, 2;
    %cmp/u;
    %jmp/1 T_14.12, 6;
    %jmp T_14.13;
T_14.9 ;
    %pushi/vec4 0, 0, 24;
    %load/vec4 v0x8fb10aee0_0;
    %parti/s 8, 0, 2;
    %concat/vec4; draw_concat_vec4
    %store/vec4 v0x8fb10b160_0, 0, 32;
    %jmp T_14.13;
T_14.10 ;
    %pushi/vec4 0, 0, 24;
    %load/vec4 v0x8fb10aee0_0;
    %parti/s 8, 8, 5;
    %concat/vec4; draw_concat_vec4
    %store/vec4 v0x8fb10b160_0, 0, 32;
    %jmp T_14.13;
T_14.11 ;
    %pushi/vec4 0, 0, 24;
    %load/vec4 v0x8fb10aee0_0;
    %parti/s 8, 16, 6;
    %concat/vec4; draw_concat_vec4
    %store/vec4 v0x8fb10b160_0, 0, 32;
    %jmp T_14.13;
T_14.12 ;
    %pushi/vec4 0, 0, 24;
    %load/vec4 v0x8fb10aee0_0;
    %parti/s 8, 24, 6;
    %concat/vec4; draw_concat_vec4
    %store/vec4 v0x8fb10b160_0, 0, 32;
    %jmp T_14.13;
T_14.13 ;
    %pop/vec4 1;
    %jmp T_14.3;
T_14.3 ;
    %pop/vec4 1;
    %jmp T_14;
    .thread T_14, $push;
    .scope S_0x8fa4d8180;
T_15 ;
    %wait E_0x8fb0d2640;
    %load/vec4 v0x8fb10b5c0_0;
    %flag_set/vec4 8;
    %jmp/0xz  T_15.0, 8;
    %load/vec4 v0x8fb10aee0_0;
    %assign/vec4 v0x8fb10b0c0_0, 0;
    %load/vec4 v0x8fb10aee0_0;
    %assign/vec4 v0x8fb10b700_0, 0;
T_15.0 ;
    %jmp T_15;
    .thread T_15;
    .scope S_0x8fa4d8180;
T_16 ;
    %wait E_0x8fb0d2640;
    %load/vec4 v0x8fb10ce60_0;
    %flag_set/vec4 9;
    %flag_get/vec4 9;
    %jmp/0 T_16.2, 9;
    %load/vec4 v0x8fb10d2c0_0;
    %nor/r;
    %and;
T_16.2;
    %flag_set/vec4 8;
    %jmp/0xz  T_16.0, 8;
    %load/vec4 v0x8fb10a4e0_0;
    %flag_set/vec4 8;
    %jmp/1 T_16.6, 8;
    %load/vec4 v0x8fb10a620_0;
    %flag_set/vec4 9;
    %flag_or 8, 9;
T_16.6;
    %jmp/1 T_16.5, 8;
    %load/vec4 v0x8fb10a580_0;
    %flag_set/vec4 9;
    %flag_or 8, 9;
T_16.5;
    %jmp/0xz  T_16.3, 8;
    %fork TD_picorv32_axi.picorv32_core.empty_statement, S_0x8fa4d8300;
    %join;
T_16.3 ;
    %load/vec4 v0x8fb10a4e0_0;
    %flag_set/vec4 8;
    %jmp/1 T_16.9, 8;
    %load/vec4 v0x8fb10a620_0;
    %flag_set/vec4 9;
    %flag_or 8, 9;
T_16.9;
    %jmp/0xz  T_16.7, 8;
    %fork TD_picorv32_axi.picorv32_core.empty_statement, S_0x8fa4d8300;
    %join;
T_16.7 ;
    %load/vec4 v0x8fb10a580_0;
    %flag_set/vec4 8;
    %jmp/0xz  T_16.10, 8;
    %fork TD_picorv32_axi.picorv32_core.empty_statement, S_0x8fa4d8300;
    %join;
T_16.10 ;
    %load/vec4 v0x8fb10a6c0_0;
    %flag_set/vec4 8;
    %jmp/0xz  T_16.12, 8;
    %fork TD_picorv32_axi.picorv32_core.empty_statement, S_0x8fa4d8300;
    %join;
T_16.12 ;
    %load/vec4 v0x8fb10b2a0_0;
    %pad/u 32;
    %cmpi/e 2, 0, 32;
    %jmp/1 T_16.16, 4;
    %flag_mov 8, 4;
    %load/vec4 v0x8fb10b2a0_0;
    %pad/u 32;
    %cmpi/e 3, 0, 32;
    %flag_or 4, 8;
T_16.16;
    %jmp/0xz  T_16.14, 4;
    %fork TD_picorv32_axi.picorv32_core.empty_statement, S_0x8fa4d8300;
    %join;
T_16.14 ;
T_16.0 ;
    %jmp T_16;
    .thread T_16;
    .scope S_0x8fa4d8180;
T_17 ;
    %wait E_0x8fb0d2640;
    %load/vec4 v0x8fb10ce60_0;
    %nor/r;
    %flag_set/vec4 8;
    %jmp/1 T_17.2, 8;
    %load/vec4 v0x8fb10d2c0_0;
    %flag_set/vec4 9;
    %flag_or 8, 9;
T_17.2;
    %jmp/0xz  T_17.0, 8;
    %load/vec4 v0x8fb10ce60_0;
    %nor/r;
    %flag_set/vec4 8;
    %jmp/0xz  T_17.3, 8;
    %pushi/vec4 0, 0, 2;
    %assign/vec4 v0x8fb10b2a0_0, 0;
T_17.3 ;
    %load/vec4 v0x8fb10ce60_0;
    %nor/r;
    %flag_set/vec4 8;
    %jmp/1 T_17.7, 8;
    %load/vec4 v0x8fb10b200_0;
    %flag_set/vec4 9;
    %flag_or 8, 9;
T_17.7;
    %jmp/0xz  T_17.5, 8;
    %pushi/vec4 0, 0, 1;
    %assign/vec4 v0x8fb10b340_0, 0;
T_17.5 ;
    %pushi/vec4 0, 0, 1;
    %assign/vec4 v0x8fb10abc0_0, 0;
    %pushi/vec4 0, 0, 1;
    %assign/vec4 v0x8fb10c640_0, 0;
    %jmp T_17.1;
T_17.0 ;
    %load/vec4 v0x8fb10ab20_0;
    %flag_set/vec4 8;
    %jmp/1 T_17.10, 8;
    %load/vec4 v0x8fb10ada0_0;
    %flag_set/vec4 9;
    %flag_or 8, 9;
T_17.10;
    %jmp/0xz  T_17.8, 8;
    %load/vec4 v0x8fb10a8a0_0;
    %assign/vec4 v0x8fb10a3a0_0, 0;
    %load/vec4 v0x8fb10ae40_0;
    %load/vec4 v0x8fb10ada0_0;
    %replicate 4;
    %and;
    %assign/vec4 v0x8fb10b520_0, 0;
T_17.8 ;
    %load/vec4 v0x8fb10ada0_0;
    %flag_set/vec4 8;
    %jmp/0xz  T_17.11, 8;
    %load/vec4 v0x8fb10ad00_0;
    %assign/vec4 v0x8fb10b3e0_0, 0;
T_17.11 ;
    %load/vec4 v0x8fb10b2a0_0;
    %dup/vec4;
    %pushi/vec4 0, 0, 2;
    %cmp/u;
    %jmp/1 T_17.13, 6;
    %dup/vec4;
    %pushi/vec4 1, 0, 2;
    %cmp/u;
    %jmp/1 T_17.14, 6;
    %dup/vec4;
    %pushi/vec4 2, 0, 2;
    %cmp/u;
    %jmp/1 T_17.15, 6;
    %dup/vec4;
    %pushi/vec4 3, 0, 2;
    %cmp/u;
    %jmp/1 T_17.16, 6;
    %jmp T_17.17;
T_17.13 ;
    %load/vec4 v0x8fb10a4e0_0;
    %flag_set/vec4 8;
    %jmp/1 T_17.21, 8;
    %load/vec4 v0x8fb10a620_0;
    %flag_set/vec4 9;
    %flag_or 8, 9;
T_17.21;
    %jmp/1 T_17.20, 8;
    %load/vec4 v0x8fb10a580_0;
    %flag_set/vec4 9;
    %flag_or 8, 9;
T_17.20;
    %jmp/0xz  T_17.18, 8;
    %load/vec4 v0x8fb10ac60_0;
    %nor/r;
    %assign/vec4 v0x8fb10b340_0, 0;
    %load/vec4 v0x8fb10a4e0_0;
    %flag_set/vec4 8;
    %flag_get/vec4 8;
    %jmp/1 T_17.22, 8;
    %load/vec4 v0x8fb10a620_0;
    %or;
T_17.22;
    %assign/vec4 v0x8fb10a800_0, 0;
    %pushi/vec4 0, 0, 4;
    %assign/vec4 v0x8fb10b520_0, 0;
    %pushi/vec4 1, 0, 2;
    %assign/vec4 v0x8fb10b2a0_0, 0;
T_17.18 ;
    %load/vec4 v0x8fb10a6c0_0;
    %flag_set/vec4 8;
    %jmp/0xz  T_17.23, 8;
    %pushi/vec4 1, 0, 1;
    %assign/vec4 v0x8fb10b340_0, 0;
    %pushi/vec4 0, 0, 1;
    %assign/vec4 v0x8fb10a800_0, 0;
    %pushi/vec4 2, 0, 2;
    %assign/vec4 v0x8fb10b2a0_0, 0;
T_17.23 ;
    %jmp T_17.17;
T_17.14 ;
    %fork TD_picorv32_axi.picorv32_core.empty_statement, S_0x8fa4d8300;
    %join;
    %fork TD_picorv32_axi.picorv32_core.empty_statement, S_0x8fa4d8300;
    %join;
    %fork TD_picorv32_axi.picorv32_core.empty_statement, S_0x8fa4d8300;
    %join;
    %fork TD_picorv32_axi.picorv32_core.empty_statement, S_0x8fa4d8300;
    %join;
    %load/vec4 v0x8fb10b5c0_0;
    %flag_set/vec4 8;
    %jmp/0xz  T_17.25, 8;
    %pushi/vec4 0, 0, 1;
    %assign/vec4 v0x8fb10b340_0, 0;
    %pushi/vec4 0, 0, 1;
    %assign/vec4 v0x8fb10abc0_0, 0;
    %load/vec4 v0x8fb10a620_0;
    %flag_set/vec4 8;
    %jmp/1 T_17.29, 8;
    %load/vec4 v0x8fb10a580_0;
    %flag_set/vec4 9;
    %flag_or 8, 9;
T_17.29;
    %jmp/0 T_17.27, 8;
    %pushi/vec4 0, 0, 3;
    %jmp/1 T_17.28, 8;
T_17.27 ; End of true expr.
    %pushi/vec4 3, 0, 3;
    %jmp/0 T_17.28, 8;
 ; End of false expr.
    %blend;
T_17.28;
    %pad/s 2;
    %assign/vec4 v0x8fb10b2a0_0, 0;
T_17.25 ;
    %jmp T_17.17;
T_17.15 ;
    %fork TD_picorv32_axi.picorv32_core.empty_statement, S_0x8fa4d8300;
    %join;
    %fork TD_picorv32_axi.picorv32_core.empty_statement, S_0x8fa4d8300;
    %join;
    %load/vec4 v0x8fb10b5c0_0;
    %flag_set/vec4 8;
    %jmp/0xz  T_17.30, 8;
    %pushi/vec4 0, 0, 1;
    %assign/vec4 v0x8fb10b340_0, 0;
    %pushi/vec4 0, 0, 2;
    %assign/vec4 v0x8fb10b2a0_0, 0;
T_17.30 ;
    %jmp T_17.17;
T_17.16 ;
    %fork TD_picorv32_axi.picorv32_core.empty_statement, S_0x8fa4d8300;
    %join;
    %fork TD_picorv32_axi.picorv32_core.empty_statement, S_0x8fa4d8300;
    %join;
    %load/vec4 v0x8fb10a620_0;
    %flag_set/vec4 8;
    %jmp/0xz  T_17.32, 8;
    %pushi/vec4 0, 0, 2;
    %assign/vec4 v0x8fb10b2a0_0, 0;
T_17.32 ;
    %jmp T_17.17;
T_17.17 ;
    %pop/vec4 1;
T_17.1 ;
    %load/vec4 v0x8fb105360_0;
    %flag_set/vec4 8;
    %jmp/0xz  T_17.34, 8;
    %pushi/vec4 0, 0, 1;
    %assign/vec4 v0x8fb10c640_0, 0;
T_17.34 ;
    %jmp T_17;
    .thread T_17;
    .scope S_0x8fa4d8180;
T_18 ;
    %wait E_0x8fb0d2800;
    %pushi/vec4 0, 0, 32; draw_string_vec4
    %pushi/vec4 0, 0, 32; draw_string_vec4
    %concat/vec4; draw_string_vec4
    %store/vec4 v0x8fb10b660_0, 0, 64;
    %load/vec4 v0x8fb107ca0_0;
    %flag_set/vec4 8;
    %jmp/0xz  T_18.0, 8;
    %pushi/vec4 0, 0, 32; draw_string_vec4
    %pushi/vec4 7107945, 0, 32; draw_string_vec4
    %concat/vec4; draw_string_vec4
    %store/vec4 v0x8fb10b660_0, 0, 64;
T_18.0 ;
    %load/vec4 v0x8fb1072a0_0;
    %flag_set/vec4 8;
    %jmp/0xz  T_18.2, 8;
    %pushi/vec4 97, 0, 32; draw_string_vec4
    %pushi/vec4 1969844323, 0, 32; draw_string_vec4
    %concat/vec4; draw_string_vec4
    %store/vec4 v0x8fb10b660_0, 0, 64;
T_18.2 ;
    %load/vec4 v0x8fb1078e0_0;
    %flag_set/vec4 8;
    %jmp/0xz  T_18.4, 8;
    %pushi/vec4 0, 0, 32; draw_string_vec4
    %pushi/vec4 6971756, 0, 32; draw_string_vec4
    %concat/vec4; draw_string_vec4
    %store/vec4 v0x8fb10b660_0, 0, 64;
T_18.4 ;
    %load/vec4 v0x8fb107980_0;
    %flag_set/vec4 8;
    %jmp/0xz  T_18.6, 8;
    %pushi/vec4 0, 0, 32; draw_string_vec4
    %pushi/vec4 1784769650, 0, 32; draw_string_vec4
    %concat/vec4; draw_string_vec4
    %store/vec4 v0x8fb10b660_0, 0, 64;
T_18.6 ;
    %load/vec4 v0x8fb107340_0;
    %flag_set/vec4 8;
    %jmp/0xz  T_18.8, 8;
    %pushi/vec4 0, 0, 32; draw_string_vec4
    %pushi/vec4 6448497, 0, 32; draw_string_vec4
    %concat/vec4; draw_string_vec4
    %store/vec4 v0x8fb10b660_0, 0, 64;
T_18.8 ;
    %load/vec4 v0x8fb107660_0;
    %flag_set/vec4 8;
    %jmp/0xz  T_18.10, 8;
    %pushi/vec4 0, 0, 32; draw_string_vec4
    %pushi/vec4 6450789, 0, 32; draw_string_vec4
    %concat/vec4; draw_string_vec4
    %store/vec4 v0x8fb10b660_0, 0, 64;
T_18.10 ;
    %load/vec4 v0x8fb107520_0;
    %flag_set/vec4 8;
    %jmp/0xz  T_18.12, 8;
    %pushi/vec4 0, 0, 32; draw_string_vec4
    %pushi/vec4 6450292, 0, 32; draw_string_vec4
    %concat/vec4; draw_string_vec4
    %store/vec4 v0x8fb10b660_0, 0, 64;
T_18.12 ;
    %load/vec4 v0x8fb1073e0_0;
    %flag_set/vec4 8;
    %jmp/0xz  T_18.14, 8;
    %pushi/vec4 0, 0, 32; draw_string_vec4
    %pushi/vec4 6448997, 0, 32; draw_string_vec4
    %concat/vec4; draw_string_vec4
    %store/vec4 v0x8fb10b660_0, 0, 64;
T_18.14 ;
    %load/vec4 v0x8fb1075c0_0;
    %flag_set/vec4 8;
    %jmp/0xz  T_18.16, 8;
    %pushi/vec4 0, 0, 32; draw_string_vec4
    %pushi/vec4 1651274869, 0, 32; draw_string_vec4
    %concat/vec4; draw_string_vec4
    %store/vec4 v0x8fb10b660_0, 0, 64;
T_18.16 ;
    %load/vec4 v0x8fb107480_0;
    %flag_set/vec4 8;
    %jmp/0xz  T_18.18, 8;
    %pushi/vec4 0, 0, 32; draw_string_vec4
    %pushi/vec4 1650943349, 0, 32; draw_string_vec4
    %concat/vec4; draw_string_vec4
    %store/vec4 v0x8fb10b660_0, 0, 64;
T_18.18 ;
    %load/vec4 v0x8fb107a20_0;
    %flag_set/vec4 8;
    %jmp/0xz  T_18.20, 8;
    %pushi/vec4 0, 0, 32; draw_string_vec4
    %pushi/vec4 27746, 0, 32; draw_string_vec4
    %concat/vec4; draw_string_vec4
    %store/vec4 v0x8fb10b660_0, 0, 64;
T_18.20 ;
    %load/vec4 v0x8fb107b60_0;
    %flag_set/vec4 8;
    %jmp/0xz  T_18.22, 8;
    %pushi/vec4 0, 0, 32; draw_string_vec4
    %pushi/vec4 27752, 0, 32; draw_string_vec4
    %concat/vec4; draw_string_vec4
    %store/vec4 v0x8fb10b660_0, 0, 64;
T_18.22 ;
    %load/vec4 v0x8fb107d40_0;
    %flag_set/vec4 8;
    %jmp/0xz  T_18.24, 8;
    %pushi/vec4 0, 0, 32; draw_string_vec4
    %pushi/vec4 27767, 0, 32; draw_string_vec4
    %concat/vec4; draw_string_vec4
    %store/vec4 v0x8fb10b660_0, 0, 64;
T_18.24 ;
    %load/vec4 v0x8fb107ac0_0;
    %flag_set/vec4 8;
    %jmp/0xz  T_18.26, 8;
    %pushi/vec4 0, 0, 32; draw_string_vec4
    %pushi/vec4 7103093, 0, 32; draw_string_vec4
    %concat/vec4; draw_string_vec4
    %store/vec4 v0x8fb10b660_0, 0, 64;
T_18.26 ;
    %load/vec4 v0x8fb107c00_0;
    %flag_set/vec4 8;
    %jmp/0xz  T_18.28, 8;
    %pushi/vec4 0, 0, 32; draw_string_vec4
    %pushi/vec4 7104629, 0, 32; draw_string_vec4
    %concat/vec4; draw_string_vec4
    %store/vec4 v0x8fb10b660_0, 0, 64;
T_18.28 ;
    %load/vec4 v0x8fb108320_0;
    %flag_set/vec4 8;
    %jmp/0xz  T_18.30, 8;
    %pushi/vec4 0, 0, 32; draw_string_vec4
    %pushi/vec4 29538, 0, 32; draw_string_vec4
    %concat/vec4; draw_string_vec4
    %store/vec4 v0x8fb10b660_0, 0, 64;
T_18.30 ;
    %load/vec4 v0x8fb108460_0;
    %flag_set/vec4 8;
    %jmp/0xz  T_18.32, 8;
    %pushi/vec4 0, 0, 32; draw_string_vec4
    %pushi/vec4 29544, 0, 32; draw_string_vec4
    %concat/vec4; draw_string_vec4
    %store/vec4 v0x8fb10b660_0, 0, 64;
T_18.32 ;
    %load/vec4 v0x8fb108be0_0;
    %flag_set/vec4 8;
    %jmp/0xz  T_18.34, 8;
    %pushi/vec4 0, 0, 32; draw_string_vec4
    %pushi/vec4 29559, 0, 32; draw_string_vec4
    %concat/vec4; draw_string_vec4
    %store/vec4 v0x8fb10b660_0, 0, 64;
T_18.34 ;
    %load/vec4 v0x8fb1070c0_0;
    %flag_set/vec4 8;
    %jmp/0xz  T_18.36, 8;
    %pushi/vec4 0, 0, 32; draw_string_vec4
    %pushi/vec4 1633969257, 0, 32; draw_string_vec4
    %concat/vec4; draw_string_vec4
    %store/vec4 v0x8fb10b660_0, 0, 64;
T_18.36 ;
    %load/vec4 v0x8fb1086e0_0;
    %flag_set/vec4 8;
    %jmp/0xz  T_18.38, 8;
    %pushi/vec4 0, 0, 32; draw_string_vec4
    %pushi/vec4 1936487529, 0, 32; draw_string_vec4
    %concat/vec4; draw_string_vec4
    %store/vec4 v0x8fb10b660_0, 0, 64;
T_18.38 ;
    %load/vec4 v0x8fb108780_0;
    %flag_set/vec4 8;
    %jmp/0xz  T_18.40, 8;
    %pushi/vec4 115, 0, 32; draw_string_vec4
    %pushi/vec4 1819568501, 0, 32; draw_string_vec4
    %concat/vec4; draw_string_vec4
    %store/vec4 v0x8fb10b660_0, 0, 64;
T_18.40 ;
    %load/vec4 v0x8fb108f00_0;
    %flag_set/vec4 8;
    %jmp/0xz  T_18.42, 8;
    %pushi/vec4 0, 0, 32; draw_string_vec4
    %pushi/vec4 2020569705, 0, 32; draw_string_vec4
    %concat/vec4; draw_string_vec4
    %store/vec4 v0x8fb10b660_0, 0, 64;
T_18.42 ;
    %load/vec4 v0x8fb107f20_0;
    %flag_set/vec4 8;
    %jmp/0xz  T_18.44, 8;
    %pushi/vec4 0, 0, 32; draw_string_vec4
    %pushi/vec4 7303785, 0, 32; draw_string_vec4
    %concat/vec4; draw_string_vec4
    %store/vec4 v0x8fb10b660_0, 0, 64;
T_18.44 ;
    %load/vec4 v0x8fb107200_0;
    %flag_set/vec4 8;
    %jmp/0xz  T_18.46, 8;
    %pushi/vec4 0, 0, 32; draw_string_vec4
    %pushi/vec4 1634624617, 0, 32; draw_string_vec4
    %concat/vec4; draw_string_vec4
    %store/vec4 v0x8fb10b660_0, 0, 64;
T_18.46 ;
    %load/vec4 v0x8fb1085a0_0;
    %flag_set/vec4 8;
    %jmp/0xz  T_18.48, 8;
    %pushi/vec4 0, 0, 32; draw_string_vec4
    %pushi/vec4 1936485481, 0, 32; draw_string_vec4
    %concat/vec4; draw_string_vec4
    %store/vec4 v0x8fb10b660_0, 0, 64;
T_18.48 ;
    %load/vec4 v0x8fb108aa0_0;
    %flag_set/vec4 8;
    %jmp/0xz  T_18.50, 8;
    %pushi/vec4 0, 0, 32; draw_string_vec4
    %pushi/vec4 1936878697, 0, 32; draw_string_vec4
    %concat/vec4; draw_string_vec4
    %store/vec4 v0x8fb10b660_0, 0, 64;
T_18.50 ;
    %load/vec4 v0x8fb108960_0;
    %flag_set/vec4 8;
    %jmp/0xz  T_18.52, 8;
    %pushi/vec4 0, 0, 32; draw_string_vec4
    %pushi/vec4 1936875881, 0, 32; draw_string_vec4
    %concat/vec4; draw_string_vec4
    %store/vec4 v0x8fb10b660_0, 0, 64;
T_18.52 ;
    %load/vec4 v0x8fb107020_0;
    %flag_set/vec4 8;
    %jmp/0xz  T_18.54, 8;
    %pushi/vec4 0, 0, 32; draw_string_vec4
    %pushi/vec4 6382692, 0, 32; draw_string_vec4
    %concat/vec4; draw_string_vec4
    %store/vec4 v0x8fb10b660_0, 0, 64;
T_18.54 ;
    %load/vec4 v0x8fb108b40_0;
    %flag_set/vec4 8;
    %jmp/0xz  T_18.56, 8;
    %pushi/vec4 0, 0, 32; draw_string_vec4
    %pushi/vec4 7566690, 0, 32; draw_string_vec4
    %concat/vec4; draw_string_vec4
    %store/vec4 v0x8fb10b660_0, 0, 64;
T_18.56 ;
    %load/vec4 v0x8fb108500_0;
    %flag_set/vec4 8;
    %jmp/0xz  T_18.58, 8;
    %pushi/vec4 0, 0, 32; draw_string_vec4
    %pushi/vec4 7564396, 0, 32; draw_string_vec4
    %concat/vec4; draw_string_vec4
    %store/vec4 v0x8fb10b660_0, 0, 64;
T_18.58 ;
    %load/vec4 v0x8fb108640_0;
    %flag_set/vec4 8;
    %jmp/0xz  T_18.60, 8;
    %pushi/vec4 0, 0, 32; draw_string_vec4
    %pushi/vec4 7564404, 0, 32; draw_string_vec4
    %concat/vec4; draw_string_vec4
    %store/vec4 v0x8fb10b660_0, 0, 64;
T_18.60 ;
    %load/vec4 v0x8fb108820_0;
    %flag_set/vec4 8;
    %jmp/0xz  T_18.62, 8;
    %pushi/vec4 0, 0, 32; draw_string_vec4
    %pushi/vec4 1936487541, 0, 32; draw_string_vec4
    %concat/vec4; draw_string_vec4
    %store/vec4 v0x8fb10b660_0, 0, 64;
T_18.62 ;
    %load/vec4 v0x8fb108e60_0;
    %flag_set/vec4 8;
    %jmp/0xz  T_18.64, 8;
    %pushi/vec4 0, 0, 32; draw_string_vec4
    %pushi/vec4 7892850, 0, 32; draw_string_vec4
    %concat/vec4; draw_string_vec4
    %store/vec4 v0x8fb10b660_0, 0, 64;
T_18.64 ;
    %load/vec4 v0x8fb108a00_0;
    %flag_set/vec4 8;
    %jmp/0xz  T_18.66, 8;
    %pushi/vec4 0, 0, 32; draw_string_vec4
    %pushi/vec4 7565932, 0, 32; draw_string_vec4
    %concat/vec4; draw_string_vec4
    %store/vec4 v0x8fb10b660_0, 0, 64;
T_18.66 ;
    %load/vec4 v0x8fb1088c0_0;
    %flag_set/vec4 8;
    %jmp/0xz  T_18.68, 8;
    %pushi/vec4 0, 0, 32; draw_string_vec4
    %pushi/vec4 7565921, 0, 32; draw_string_vec4
    %concat/vec4; draw_string_vec4
    %store/vec4 v0x8fb10b660_0, 0, 64;
T_18.68 ;
    %load/vec4 v0x8fb107e80_0;
    %flag_set/vec4 8;
    %jmp/0xz  T_18.70, 8;
    %pushi/vec4 0, 0, 32; draw_string_vec4
    %pushi/vec4 28530, 0, 32; draw_string_vec4
    %concat/vec4; draw_string_vec4
    %store/vec4 v0x8fb10b660_0, 0, 64;
T_18.70 ;
    %load/vec4 v0x8fb107160_0;
    %flag_set/vec4 8;
    %jmp/0xz  T_18.72, 8;
    %pushi/vec4 0, 0, 32; draw_string_vec4
    %pushi/vec4 6385252, 0, 32; draw_string_vec4
    %concat/vec4; draw_string_vec4
    %store/vec4 v0x8fb10b660_0, 0, 64;
T_18.72 ;
    %load/vec4 v0x8fb108000_0;
    %flag_set/vec4 8;
    %jmp/0xz  T_18.74, 8;
    %pushi/vec4 7496803, 0, 32; draw_string_vec4
    %pushi/vec4 2036558949, 0, 32; draw_string_vec4
    %concat/vec4; draw_string_vec4
    %store/vec4 v0x8fb10b660_0, 0, 64;
T_18.74 ;
    %load/vec4 v0x8fb1080a0_0;
    %flag_set/vec4 8;
    %jmp/0xz  T_18.76, 8;
    %pushi/vec4 1919181689, 0, 32; draw_string_vec4
    %pushi/vec4 1668048232, 0, 32; draw_string_vec4
    %concat/vec4; draw_string_vec4
    %store/vec4 v0x8fb10b660_0, 0, 64;
T_18.76 ;
    %load/vec4 v0x8fb108140_0;
    %flag_set/vec4 8;
    %jmp/0xz  T_18.78, 8;
    %pushi/vec4 7496809, 0, 32; draw_string_vec4
    %pushi/vec4 1853060210, 0, 32; draw_string_vec4
    %concat/vec4; draw_string_vec4
    %store/vec4 v0x8fb10b660_0, 0, 64;
T_18.78 ;
    %load/vec4 v0x8fb1081e0_0;
    %flag_set/vec4 8;
    %jmp/0xz  T_18.80, 8;
    %pushi/vec4 1919183214, 0, 32; draw_string_vec4
    %pushi/vec4 1937011304, 0, 32; draw_string_vec4
    %concat/vec4; draw_string_vec4
    %store/vec4 v0x8fb10b660_0, 0, 64;
T_18.80 ;
    %load/vec4 v0x8fb1077a0_0;
    %flag_set/vec4 8;
    %jmp/0xz  T_18.82, 8;
    %pushi/vec4 102, 0, 32; draw_string_vec4
    %pushi/vec4 1701733221, 0, 32; draw_string_vec4
    %concat/vec4; draw_string_vec4
    %store/vec4 v0x8fb10b660_0, 0, 64;
T_18.82 ;
    %load/vec4 v0x8fb107840_0;
    %flag_set/vec4 8;
    %jmp/0xz  T_18.84, 8;
    %pushi/vec4 0, 0, 32; draw_string_vec4
    %pushi/vec4 1734702193, 0, 32; draw_string_vec4
    %concat/vec4; draw_string_vec4
    %store/vec4 v0x8fb10b660_0, 0, 64;
T_18.84 ;
    %load/vec4 v0x8fb1083c0_0;
    %flag_set/vec4 8;
    %jmp/0xz  T_18.86, 8;
    %pushi/vec4 0, 0, 32; draw_string_vec4
    %pushi/vec4 1936028785, 0, 32; draw_string_vec4
    %concat/vec4; draw_string_vec4
    %store/vec4 v0x8fb10b660_0, 0, 64;
T_18.86 ;
    %load/vec4 v0x8fb108280_0;
    %flag_set/vec4 8;
    %jmp/0xz  T_18.88, 8;
    %pushi/vec4 29285, 0, 32; draw_string_vec4
    %pushi/vec4 1953067633, 0, 32; draw_string_vec4
    %concat/vec4; draw_string_vec4
    %store/vec4 v0x8fb10b660_0, 0, 64;
T_18.88 ;
    %load/vec4 v0x8fb107de0_0;
    %flag_set/vec4 8;
    %jmp/0xz  T_18.90, 8;
    %pushi/vec4 7168371, 0, 32; draw_string_vec4
    %pushi/vec4 1802072689, 0, 32; draw_string_vec4
    %concat/vec4; draw_string_vec4
    %store/vec4 v0x8fb10b660_0, 0, 64;
T_18.90 ;
    %load/vec4 v0x8fb108dc0_0;
    %flag_set/vec4 8;
    %jmp/0xz  T_18.92, 8;
    %pushi/vec4 7823721, 0, 32; draw_string_vec4
    %pushi/vec4 1953067633, 0, 32; draw_string_vec4
    %concat/vec4; draw_string_vec4
    %store/vec4 v0x8fb10b660_0, 0, 64;
T_18.92 ;
    %load/vec4 v0x8fb108c80_0;
    %flag_set/vec4 8;
    %jmp/0xz  T_18.94, 8;
    %pushi/vec4 116, 0, 32; draw_string_vec4
    %pushi/vec4 1768777074, 0, 32; draw_string_vec4
    %concat/vec4; draw_string_vec4
    %store/vec4 v0x8fb10b660_0, 0, 64;
T_18.94 ;
    %jmp T_18;
    .thread T_18, $push;
    .scope S_0x8fa4d8180;
T_19 ;
    %wait E_0x8fb0d2640;
    %load/vec4 v0x8fb105b80_0;
    %assign/vec4 v0x8fb10c6e0_0, 0;
    %load/vec4 v0x8fb105d60_0;
    %assign/vec4 v0x8fb10c780_0, 0;
    %load/vec4 v0x8fb105e00_0;
    %assign/vec4 v0x8fb10c820_0, 0;
    %load/vec4 v0x8fb105f40_0;
    %assign/vec4 v0x8fb10c960_0, 0;
    %load/vec4 v0x8fb105fe0_0;
    %assign/vec4 v0x8fb10ca00_0, 0;
    %load/vec4 v0x8fb105ea0_0;
    %assign/vec4 v0x8fb10c8c0_0, 0;
    %load/vec4 v0x8fb10a300_0;
    %assign/vec4 v0x8fb1064e0_0, 0;
    %load/vec4 v0x8fb10ce60_0;
    %nor/r;
    %flag_set/vec4 8;
    %jmp/1 T_19.2, 8;
    %load/vec4 v0x8fb10d2c0_0;
    %flag_set/vec4 9;
    %flag_or 8, 9;
T_19.2;
    %jmp/0xz  T_19.0, 8;
    %pushi/vec4 0, 0, 1;
    %assign/vec4 v0x8fb106800_0, 0;
    %jmp T_19.1;
T_19.0 ;
    %load/vec4 v0x8fb10a300_0;
    %flag_set/vec4 8;
    %jmp/0xz  T_19.3, 8;
    %pushi/vec4 1, 0, 1;
    %assign/vec4 v0x8fb106800_0, 0;
T_19.3 ;
T_19.1 ;
    %load/vec4 v0x8fb106e40_0;
    %flag_set/vec4 8;
    %jmp/0xz  T_19.5, 8;
    %load/vec4 v0x8fb10b660_0;
    %assign/vec4 v0x8fb104fa0_0, 0;
    %load/vec4 v0x8fb1068a0_0;
    %assign/vec4 v0x8fb105040_0, 0;
    %load/vec4 v0x8fb10b700_0;
    %parti/s 2, 0, 2;
    %and/r;
    %flag_set/vec4 8;
    %jmp/0xz  T_19.7, 8;
    %load/vec4 v0x8fb10b700_0;
    %assign/vec4 v0x8fb1050e0_0, 0;
    %jmp T_19.8;
T_19.7 ;
    %pushi/vec4 0, 0, 16;
    %load/vec4 v0x8fb10b700_0;
    %parti/s 16, 0, 2;
    %concat/vec4; draw_concat_vec4
    %assign/vec4 v0x8fb1050e0_0, 0;
T_19.8 ;
    %load/vec4 v0x8fb106b20_0;
    %assign/vec4 v0x8fb105220_0, 0;
    %load/vec4 v0x8fb106bc0_0;
    %assign/vec4 v0x8fb1052c0_0, 0;
    %load/vec4 v0x8fb1069e0_0;
    %assign/vec4 v0x8fb105180_0, 0;
T_19.5 ;
    %load/vec4 v0x8fb10a300_0;
    %flag_set/vec4 8;
    %jmp/0xz  T_19.9, 8;
    %load/vec4 v0x8fb10b840_0;
    %assign/vec4 v0x8fb105cc0_0, 0;
T_19.9 ;
    %jmp T_19;
    .thread T_19;
    .scope S_0x8fa4d8180;
T_20 ;
    %wait E_0x8fb0d27c0;
    %load/vec4 v0x8fb10c6e0_0;
    %store/vec4 v0x8fb105b80_0, 0, 64;
    %load/vec4 v0x8fb10c780_0;
    %store/vec4 v0x8fb105d60_0, 0, 32;
    %load/vec4 v0x8fb10c820_0;
    %store/vec4 v0x8fb105e00_0, 0, 32;
    %load/vec4 v0x8fb10c960_0;
    %store/vec4 v0x8fb105f40_0, 0, 5;
    %load/vec4 v0x8fb10ca00_0;
    %store/vec4 v0x8fb105fe0_0, 0, 5;
    %load/vec4 v0x8fb10c8c0_0;
    %store/vec4 v0x8fb105ea0_0, 0, 5;
    %load/vec4 v0x8fb1064e0_0;
    %flag_set/vec4 8;
    %jmp/0xz  T_20.0, 8;
    %load/vec4 v0x8fb106d00_0;
    %flag_set/vec4 8;
    %jmp/0xz  T_20.2, 8;
    %load/vec4 v0x8fb104fa0_0;
    %store/vec4 v0x8fb105b80_0, 0, 64;
    %load/vec4 v0x8fb105040_0;
    %store/vec4 v0x8fb105d60_0, 0, 32;
    %load/vec4 v0x8fb1050e0_0;
    %store/vec4 v0x8fb105e00_0, 0, 32;
    %load/vec4 v0x8fb105220_0;
    %store/vec4 v0x8fb105f40_0, 0, 5;
    %load/vec4 v0x8fb1052c0_0;
    %store/vec4 v0x8fb105fe0_0, 0, 5;
    %load/vec4 v0x8fb105180_0;
    %store/vec4 v0x8fb105ea0_0, 0, 5;
    %jmp T_20.3;
T_20.2 ;
    %load/vec4 v0x8fb10b660_0;
    %store/vec4 v0x8fb105b80_0, 0, 64;
    %load/vec4 v0x8fb10b700_0;
    %parti/s 2, 0, 2;
    %and/r;
    %flag_set/vec4 8;
    %jmp/0xz  T_20.4, 8;
    %load/vec4 v0x8fb10b700_0;
    %store/vec4 v0x8fb105e00_0, 0, 32;
    %jmp T_20.5;
T_20.4 ;
    %pushi/vec4 0, 0, 16;
    %load/vec4 v0x8fb10b700_0;
    %parti/s 16, 0, 2;
    %concat/vec4; draw_concat_vec4
    %store/vec4 v0x8fb105e00_0, 0, 32;
T_20.5 ;
    %load/vec4 v0x8fb1068a0_0;
    %store/vec4 v0x8fb105d60_0, 0, 32;
    %load/vec4 v0x8fb106b20_0;
    %store/vec4 v0x8fb105f40_0, 0, 5;
    %load/vec4 v0x8fb106bc0_0;
    %store/vec4 v0x8fb105fe0_0, 0, 5;
    %load/vec4 v0x8fb1069e0_0;
    %store/vec4 v0x8fb105ea0_0, 0, 5;
T_20.3 ;
T_20.0 ;
    %jmp T_20;
    .thread T_20, $push;
    .scope S_0x8fa4d8180;
T_21 ;
    %wait E_0x8fb0d2640;
    %load/vec4 v0x8fb107ca0_0;
    %load/vec4 v0x8fb1072a0_0;
    %concat/vec4; draw_concat_vec4
    %load/vec4 v0x8fb1078e0_0;
    %concat/vec4; draw_concat_vec4
    %or/r;
    %assign/vec4 v0x8fb1097c0_0, 0;
    %load/vec4 v0x8fb107ca0_0;
    %load/vec4 v0x8fb1072a0_0;
    %concat/vec4; draw_concat_vec4
    %load/vec4 v0x8fb1078e0_0;
    %concat/vec4; draw_concat_vec4
    %load/vec4 v0x8fb107980_0;
    %concat/vec4; draw_concat_vec4
    %load/vec4 v0x8fb1070c0_0;
    %concat/vec4; draw_concat_vec4
    %load/vec4 v0x8fb107020_0;
    %concat/vec4; draw_concat_vec4
    %load/vec4 v0x8fb108b40_0;
    %concat/vec4; draw_concat_vec4
    %or/r;
    %assign/vec4 v0x8fb109860_0, 0;
    %load/vec4 v0x8fb1086e0_0;
    %load/vec4 v0x8fb107520_0;
    %concat/vec4; draw_concat_vec4
    %load/vec4 v0x8fb108640_0;
    %concat/vec4; draw_concat_vec4
    %or/r;
    %assign/vec4 v0x8fb109b80_0, 0;
    %load/vec4 v0x8fb108780_0;
    %load/vec4 v0x8fb1075c0_0;
    %concat/vec4; draw_concat_vec4
    %load/vec4 v0x8fb108820_0;
    %concat/vec4; draw_concat_vec4
    %or/r;
    %assign/vec4 v0x8fb109c20_0, 0;
    %load/vec4 v0x8fb107ac0_0;
    %load/vec4 v0x8fb107c00_0;
    %concat/vec4; draw_concat_vec4
    %load/vec4 v0x8fb107d40_0;
    %concat/vec4; draw_concat_vec4
    %or/r;
    %assign/vec4 v0x8fb109720_0, 0;
    %load/vec4 v0x8fb1094a0_0;
    %load/vec4 v0x8fb1086e0_0;
    %concat/vec4; draw_concat_vec4
    %load/vec4 v0x8fb108640_0;
    %concat/vec4; draw_concat_vec4
    %load/vec4 v0x8fb108780_0;
    %concat/vec4; draw_concat_vec4
    %load/vec4 v0x8fb108820_0;
    %concat/vec4; draw_concat_vec4
    %or/r;
    %assign/vec4 v0x8fb109540_0, 0;
    %load/vec4 v0x8fb10a620_0;
    %flag_set/vec4 9;
    %flag_get/vec4 9;
    %jmp/0 T_21.2, 9;
    %load/vec4 v0x8fb10a760_0;
    %and;
T_21.2;
    %flag_set/vec4 8;
    %jmp/0xz  T_21.0, 8;
    %load/vec4 v0x8fb10af80_0;
    %parti/s 7, 0, 2;
    %pushi/vec4 55, 0, 7;
    %cmp/e;
    %flag_get/vec4 4;
    %assign/vec4 v0x8fb107ca0_0, 0;
    %load/vec4 v0x8fb10af80_0;
    %parti/s 7, 0, 2;
    %pushi/vec4 23, 0, 7;
    %cmp/e;
    %flag_get/vec4 4;
    %assign/vec4 v0x8fb1072a0_0, 0;
    %load/vec4 v0x8fb10af80_0;
    %parti/s 7, 0, 2;
    %pushi/vec4 111, 0, 7;
    %cmp/e;
    %flag_get/vec4 4;
    %assign/vec4 v0x8fb1078e0_0, 0;
    %load/vec4 v0x8fb10af80_0;
    %parti/s 7, 0, 2;
    %cmpi/e 103, 0, 7;
    %flag_get/vec4 4;
    %jmp/0 T_21.3, 4;
    %load/vec4 v0x8fb10af80_0;
    %parti/s 3, 12, 5;
    %pushi/vec4 0, 0, 3;
    %cmp/e;
    %flag_get/vec4 4;
    %and;
T_21.3;
    %assign/vec4 v0x8fb107980_0, 0;
    %load/vec4 v0x8fb10af80_0;
    %parti/s 7, 0, 2;
    %cmpi/e 11, 0, 7;
    %flag_get/vec4 4;
    %jmp/0 T_21.5, 4;
    %load/vec4 v0x8fb10af80_0;
    %parti/s 7, 25, 6;
    %pushi/vec4 2, 0, 7;
    %cmp/e;
    %flag_get/vec4 4;
    %and;
T_21.5;
    %flag_set/vec4 8;
    %flag_get/vec4 8;
    %jmp/0 T_21.4, 8;
    %pushi/vec4 0, 0, 1;
    %and;
T_21.4;
    %assign/vec4 v0x8fb108280_0, 0;
    %load/vec4 v0x8fb10af80_0;
    %parti/s 7, 0, 2;
    %cmpi/e 11, 0, 7;
    %flag_get/vec4 4;
    %jmp/0 T_21.7, 4;
    %load/vec4 v0x8fb10af80_0;
    %parti/s 7, 25, 6;
    %pushi/vec4 4, 0, 7;
    %cmp/e;
    %flag_get/vec4 4;
    %and;
T_21.7;
    %flag_set/vec4 8;
    %flag_get/vec4 8;
    %jmp/0 T_21.6, 8;
    %pushi/vec4 0, 0, 1;
    %and;
T_21.6;
    %assign/vec4 v0x8fb108dc0_0, 0;
    %load/vec4 v0x8fb10af80_0;
    %parti/s 7, 0, 2;
    %pushi/vec4 99, 0, 7;
    %cmp/e;
    %flag_get/vec4 4;
    %assign/vec4 v0x8fb1094a0_0, 0;
    %load/vec4 v0x8fb10af80_0;
    %parti/s 7, 0, 2;
    %pushi/vec4 3, 0, 7;
    %cmp/e;
    %flag_get/vec4 4;
    %assign/vec4 v0x8fb109680_0, 0;
    %load/vec4 v0x8fb10af80_0;
    %parti/s 7, 0, 2;
    %pushi/vec4 35, 0, 7;
    %cmp/e;
    %flag_get/vec4 4;
    %assign/vec4 v0x8fb1099a0_0, 0;
    %load/vec4 v0x8fb10af80_0;
    %parti/s 7, 0, 2;
    %pushi/vec4 19, 0, 7;
    %cmp/e;
    %flag_get/vec4 4;
    %assign/vec4 v0x8fb109360_0, 0;
    %load/vec4 v0x8fb10af80_0;
    %parti/s 7, 0, 2;
    %pushi/vec4 51, 0, 7;
    %cmp/e;
    %flag_get/vec4 4;
    %assign/vec4 v0x8fb109400_0, 0;
    %load/vec4 v0x8fb10af80_0;
    %parti/s 20, 12, 5;
    %concati/vec4 0, 0, 1;
    %pad/s 32;
    %split/vec4 1;
    %ix/load 5, 0, 0;
    %ix/load 4, 0, 0;
    %flag_set/imm 4, 0;
    %assign/vec4/off/d v0x8fb106940_0, 4, 5;
    %split/vec4 8;
    %ix/load 5, 0, 0;
    %ix/load 4, 12, 0;
    %flag_set/imm 4, 0;
    %assign/vec4/off/d v0x8fb106940_0, 4, 5;
    %split/vec4 1;
    %ix/load 5, 0, 0;
    %ix/load 4, 11, 0;
    %flag_set/imm 4, 0;
    %assign/vec4/off/d v0x8fb106940_0, 4, 5;
    %split/vec4 10;
    %ix/load 5, 0, 0;
    %ix/load 4, 1, 0;
    %flag_set/imm 4, 0;
    %assign/vec4/off/d v0x8fb106940_0, 4, 5;
    %ix/load 5, 0, 0;
    %ix/load 4, 20, 0;
    %flag_set/imm 4, 0;
    %assign/vec4/off/d v0x8fb106940_0, 4, 5;
    %load/vec4 v0x8fb10af80_0;
    %parti/s 5, 7, 4;
    %assign/vec4 v0x8fb1069e0_0, 0;
    %load/vec4 v0x8fb10af80_0;
    %parti/s 5, 15, 5;
    %assign/vec4 v0x8fb106b20_0, 0;
    %load/vec4 v0x8fb10af80_0;
    %parti/s 5, 20, 6;
    %assign/vec4 v0x8fb106bc0_0, 0;
    %load/vec4 v0x8fb10af80_0;
    %parti/s 7, 0, 2;
    %cmpi/e 11, 0, 7;
    %flag_get/vec4 4;
    %jmp/0 T_21.12, 4;
    %load/vec4 v0x8fb10af80_0;
    %parti/s 7, 25, 6;
    %pushi/vec4 0, 0, 7;
    %cmp/e;
    %flag_get/vec4 4;
    %and;
T_21.12;
    %flag_set/vec4 10;
    %flag_get/vec4 10;
    %jmp/0 T_21.11, 10;
    %pushi/vec4 0, 0, 1;
    %and;
T_21.11;
    %flag_set/vec4 9;
    %flag_get/vec4 9;
    %jmp/0 T_21.10, 9;
    %pushi/vec4 1, 0, 1;
    %and;
T_21.10;
    %flag_set/vec4 8;
    %jmp/0xz  T_21.8, 8;
    %pushi/vec4 1, 0, 1;
    %ix/load 5, 0, 0;
    %ix/load 4, 4, 0;
    %flag_set/imm 4, 0;
    %assign/vec4/off/d v0x8fb106b20_0, 4, 5;
T_21.8 ;
    %load/vec4 v0x8fb10af80_0;
    %parti/s 7, 0, 2;
    %cmpi/e 11, 0, 7;
    %flag_get/vec4 4;
    %jmp/0 T_21.16, 4;
    %load/vec4 v0x8fb10af80_0;
    %parti/s 7, 25, 6;
    %pushi/vec4 2, 0, 7;
    %cmp/e;
    %flag_get/vec4 4;
    %and;
T_21.16;
    %flag_set/vec4 9;
    %flag_get/vec4 9;
    %jmp/0 T_21.15, 9;
    %pushi/vec4 0, 0, 1;
    %and;
T_21.15;
    %flag_set/vec4 8;
    %jmp/0xz  T_21.13, 8;
    %pushi/vec4 0, 0, 5;
    %assign/vec4 v0x8fb106b20_0, 0;
T_21.13 ;
    %pushi/vec4 0, 0, 1;
    %assign/vec4 v0x8fb105540_0, 0;
T_21.0 ;
    %load/vec4 v0x8fb106da0_0;
    %flag_set/vec4 9;
    %flag_get/vec4 9;
    %jmp/0 T_21.19, 9;
    %load/vec4 v0x8fb106c60_0;
    %nor/r;
    %and;
T_21.19;
    %flag_set/vec4 8;
    %jmp/0xz  T_21.17, 8;
    %pushi/vec4 4294967295, 4294967295, 32;
    %assign/vec4 v0x8fb10bb60_0, 0;
    %load/vec4 v0x8fb1094a0_0;
    %flag_set/vec4 8;
    %flag_get/vec4 8;
    %jmp/0 T_21.20, 8;
    %load/vec4 v0x8fb10b0c0_0;
    %parti/s 3, 12, 5;
    %pushi/vec4 0, 0, 3;
    %cmp/e;
    %flag_get/vec4 4;
    %and;
T_21.20;
    %assign/vec4 v0x8fb107340_0, 0;
    %load/vec4 v0x8fb1094a0_0;
    %flag_set/vec4 8;
    %flag_get/vec4 8;
    %jmp/0 T_21.21, 8;
    %load/vec4 v0x8fb10b0c0_0;
    %parti/s 3, 12, 5;
    %pushi/vec4 1, 0, 3;
    %cmp/e;
    %flag_get/vec4 4;
    %and;
T_21.21;
    %assign/vec4 v0x8fb107660_0, 0;
    %load/vec4 v0x8fb1094a0_0;
    %flag_set/vec4 8;
    %flag_get/vec4 8;
    %jmp/0 T_21.22, 8;
    %load/vec4 v0x8fb10b0c0_0;
    %parti/s 3, 12, 5;
    %pushi/vec4 4, 0, 3;
    %cmp/e;
    %flag_get/vec4 4;
    %and;
T_21.22;
    %assign/vec4 v0x8fb107520_0, 0;
    %load/vec4 v0x8fb1094a0_0;
    %flag_set/vec4 8;
    %flag_get/vec4 8;
    %jmp/0 T_21.23, 8;
    %load/vec4 v0x8fb10b0c0_0;
    %parti/s 3, 12, 5;
    %pushi/vec4 5, 0, 3;
    %cmp/e;
    %flag_get/vec4 4;
    %and;
T_21.23;
    %assign/vec4 v0x8fb1073e0_0, 0;
    %load/vec4 v0x8fb1094a0_0;
    %flag_set/vec4 8;
    %flag_get/vec4 8;
    %jmp/0 T_21.24, 8;
    %load/vec4 v0x8fb10b0c0_0;
    %parti/s 3, 12, 5;
    %pushi/vec4 6, 0, 3;
    %cmp/e;
    %flag_get/vec4 4;
    %and;
T_21.24;
    %assign/vec4 v0x8fb1075c0_0, 0;
    %load/vec4 v0x8fb1094a0_0;
    %flag_set/vec4 8;
    %flag_get/vec4 8;
    %jmp/0 T_21.25, 8;
    %load/vec4 v0x8fb10b0c0_0;
    %parti/s 3, 12, 5;
    %pushi/vec4 7, 0, 3;
    %cmp/e;
    %flag_get/vec4 4;
    %and;
T_21.25;
    %assign/vec4 v0x8fb107480_0, 0;
    %load/vec4 v0x8fb109680_0;
    %flag_set/vec4 8;
    %flag_get/vec4 8;
    %jmp/0 T_21.26, 8;
    %load/vec4 v0x8fb10b0c0_0;
    %parti/s 3, 12, 5;
    %pushi/vec4 0, 0, 3;
    %cmp/e;
    %flag_get/vec4 4;
    %and;
T_21.26;
    %assign/vec4 v0x8fb107a20_0, 0;
    %load/vec4 v0x8fb109680_0;
    %flag_set/vec4 8;
    %flag_get/vec4 8;
    %jmp/0 T_21.27, 8;
    %load/vec4 v0x8fb10b0c0_0;
    %parti/s 3, 12, 5;
    %pushi/vec4 1, 0, 3;
    %cmp/e;
    %flag_get/vec4 4;
    %and;
T_21.27;
    %assign/vec4 v0x8fb107b60_0, 0;
    %load/vec4 v0x8fb109680_0;
    %flag_set/vec4 8;
    %flag_get/vec4 8;
    %jmp/0 T_21.28, 8;
    %load/vec4 v0x8fb10b0c0_0;
    %parti/s 3, 12, 5;
    %pushi/vec4 2, 0, 3;
    %cmp/e;
    %flag_get/vec4 4;
    %and;
T_21.28;
    %assign/vec4 v0x8fb107d40_0, 0;
    %load/vec4 v0x8fb109680_0;
    %flag_set/vec4 8;
    %flag_get/vec4 8;
    %jmp/0 T_21.29, 8;
    %load/vec4 v0x8fb10b0c0_0;
    %parti/s 3, 12, 5;
    %pushi/vec4 4, 0, 3;
    %cmp/e;
    %flag_get/vec4 4;
    %and;
T_21.29;
    %assign/vec4 v0x8fb107ac0_0, 0;
    %load/vec4 v0x8fb109680_0;
    %flag_set/vec4 8;
    %flag_get/vec4 8;
    %jmp/0 T_21.30, 8;
    %load/vec4 v0x8fb10b0c0_0;
    %parti/s 3, 12, 5;
    %pushi/vec4 5, 0, 3;
    %cmp/e;
    %flag_get/vec4 4;
    %and;
T_21.30;
    %assign/vec4 v0x8fb107c00_0, 0;
    %load/vec4 v0x8fb1099a0_0;
    %flag_set/vec4 8;
    %flag_get/vec4 8;
    %jmp/0 T_21.31, 8;
    %load/vec4 v0x8fb10b0c0_0;
    %parti/s 3, 12, 5;
    %pushi/vec4 0, 0, 3;
    %cmp/e;
    %flag_get/vec4 4;
    %and;
T_21.31;
    %assign/vec4 v0x8fb108320_0, 0;
    %load/vec4 v0x8fb1099a0_0;
    %flag_set/vec4 8;
    %flag_get/vec4 8;
    %jmp/0 T_21.32, 8;
    %load/vec4 v0x8fb10b0c0_0;
    %parti/s 3, 12, 5;
    %pushi/vec4 1, 0, 3;
    %cmp/e;
    %flag_get/vec4 4;
    %and;
T_21.32;
    %assign/vec4 v0x8fb108460_0, 0;
    %load/vec4 v0x8fb1099a0_0;
    %flag_set/vec4 8;
    %flag_get/vec4 8;
    %jmp/0 T_21.33, 8;
    %load/vec4 v0x8fb10b0c0_0;
    %parti/s 3, 12, 5;
    %pushi/vec4 2, 0, 3;
    %cmp/e;
    %flag_get/vec4 4;
    %and;
T_21.33;
    %assign/vec4 v0x8fb108be0_0, 0;
    %load/vec4 v0x8fb109360_0;
    %flag_set/vec4 8;
    %flag_get/vec4 8;
    %jmp/0 T_21.34, 8;
    %load/vec4 v0x8fb10b0c0_0;
    %parti/s 3, 12, 5;
    %pushi/vec4 0, 0, 3;
    %cmp/e;
    %flag_get/vec4 4;
    %and;
T_21.34;
    %assign/vec4 v0x8fb1070c0_0, 0;
    %load/vec4 v0x8fb109360_0;
    %flag_set/vec4 8;
    %flag_get/vec4 8;
    %jmp/0 T_21.35, 8;
    %load/vec4 v0x8fb10b0c0_0;
    %parti/s 3, 12, 5;
    %pushi/vec4 2, 0, 3;
    %cmp/e;
    %flag_get/vec4 4;
    %and;
T_21.35;
    %assign/vec4 v0x8fb1086e0_0, 0;
    %load/vec4 v0x8fb109360_0;
    %flag_set/vec4 8;
    %flag_get/vec4 8;
    %jmp/0 T_21.36, 8;
    %load/vec4 v0x8fb10b0c0_0;
    %parti/s 3, 12, 5;
    %pushi/vec4 3, 0, 3;
    %cmp/e;
    %flag_get/vec4 4;
    %and;
T_21.36;
    %assign/vec4 v0x8fb108780_0, 0;
    %load/vec4 v0x8fb109360_0;
    %flag_set/vec4 8;
    %flag_get/vec4 8;
    %jmp/0 T_21.37, 8;
    %load/vec4 v0x8fb10b0c0_0;
    %parti/s 3, 12, 5;
    %pushi/vec4 4, 0, 3;
    %cmp/e;
    %flag_get/vec4 4;
    %and;
T_21.37;
    %assign/vec4 v0x8fb108f00_0, 0;
    %load/vec4 v0x8fb109360_0;
    %flag_set/vec4 8;
    %flag_get/vec4 8;
    %jmp/0 T_21.38, 8;
    %load/vec4 v0x8fb10b0c0_0;
    %parti/s 3, 12, 5;
    %pushi/vec4 6, 0, 3;
    %cmp/e;
    %flag_get/vec4 4;
    %and;
T_21.38;
    %assign/vec4 v0x8fb107f20_0, 0;
    %load/vec4 v0x8fb109360_0;
    %flag_set/vec4 8;
    %flag_get/vec4 8;
    %jmp/0 T_21.39, 8;
    %load/vec4 v0x8fb10b0c0_0;
    %parti/s 3, 12, 5;
    %pushi/vec4 7, 0, 3;
    %cmp/e;
    %flag_get/vec4 4;
    %and;
T_21.39;
    %assign/vec4 v0x8fb107200_0, 0;
    %load/vec4 v0x8fb109360_0;
    %flag_set/vec4 9;
    %flag_get/vec4 9;
    %jmp/0 T_21.41, 9;
    %load/vec4 v0x8fb10b0c0_0;
    %parti/s 3, 12, 5;
    %pushi/vec4 1, 0, 3;
    %cmp/e;
    %flag_get/vec4 4;
    %and;
T_21.41;
    %flag_set/vec4 8;
    %flag_get/vec4 8;
    %jmp/0 T_21.40, 8;
    %load/vec4 v0x8fb10b0c0_0;
    %parti/s 7, 25, 6;
    %pushi/vec4 0, 0, 7;
    %cmp/e;
    %flag_get/vec4 4;
    %and;
T_21.40;
    %assign/vec4 v0x8fb1085a0_0, 0;
    %load/vec4 v0x8fb109360_0;
    %flag_set/vec4 9;
    %flag_get/vec4 9;
    %jmp/0 T_21.43, 9;
    %load/vec4 v0x8fb10b0c0_0;
    %parti/s 3, 12, 5;
    %pushi/vec4 5, 0, 3;
    %cmp/e;
    %flag_get/vec4 4;
    %and;
T_21.43;
    %flag_set/vec4 8;
    %flag_get/vec4 8;
    %jmp/0 T_21.42, 8;
    %load/vec4 v0x8fb10b0c0_0;
    %parti/s 7, 25, 6;
    %pushi/vec4 0, 0, 7;
    %cmp/e;
    %flag_get/vec4 4;
    %and;
T_21.42;
    %assign/vec4 v0x8fb108aa0_0, 0;
    %load/vec4 v0x8fb109360_0;
    %flag_set/vec4 9;
    %flag_get/vec4 9;
    %jmp/0 T_21.45, 9;
    %load/vec4 v0x8fb10b0c0_0;
    %parti/s 3, 12, 5;
    %pushi/vec4 5, 0, 3;
    %cmp/e;
    %flag_get/vec4 4;
    %and;
T_21.45;
    %flag_set/vec4 8;
    %flag_get/vec4 8;
    %jmp/0 T_21.44, 8;
    %load/vec4 v0x8fb10b0c0_0;
    %parti/s 7, 25, 6;
    %pushi/vec4 32, 0, 7;
    %cmp/e;
    %flag_get/vec4 4;
    %and;
T_21.44;
    %assign/vec4 v0x8fb108960_0, 0;
    %load/vec4 v0x8fb109400_0;
    %flag_set/vec4 9;
    %flag_get/vec4 9;
    %jmp/0 T_21.47, 9;
    %load/vec4 v0x8fb10b0c0_0;
    %parti/s 3, 12, 5;
    %pushi/vec4 0, 0, 3;
    %cmp/e;
    %flag_get/vec4 4;
    %and;
T_21.47;
    %flag_set/vec4 8;
    %flag_get/vec4 8;
    %jmp/0 T_21.46, 8;
    %load/vec4 v0x8fb10b0c0_0;
    %parti/s 7, 25, 6;
    %pushi/vec4 0, 0, 7;
    %cmp/e;
    %flag_get/vec4 4;
    %and;
T_21.46;
    %assign/vec4 v0x8fb107020_0, 0;
    %load/vec4 v0x8fb109400_0;
    %flag_set/vec4 9;
    %flag_get/vec4 9;
    %jmp/0 T_21.49, 9;
    %load/vec4 v0x8fb10b0c0_0;
    %parti/s 3, 12, 5;
    %pushi/vec4 0, 0, 3;
    %cmp/e;
    %flag_get/vec4 4;
    %and;
T_21.49;
    %flag_set/vec4 8;
    %flag_get/vec4 8;
    %jmp/0 T_21.48, 8;
    %load/vec4 v0x8fb10b0c0_0;
    %parti/s 7, 25, 6;
    %pushi/vec4 32, 0, 7;
    %cmp/e;
    %flag_get/vec4 4;
    %and;
T_21.48;
    %assign/vec4 v0x8fb108b40_0, 0;
    %load/vec4 v0x8fb109400_0;
    %flag_set/vec4 9;
    %flag_get/vec4 9;
    %jmp/0 T_21.51, 9;
    %load/vec4 v0x8fb10b0c0_0;
    %parti/s 3, 12, 5;
    %pushi/vec4 1, 0, 3;
    %cmp/e;
    %flag_get/vec4 4;
    %and;
T_21.51;
    %flag_set/vec4 8;
    %flag_get/vec4 8;
    %jmp/0 T_21.50, 8;
    %load/vec4 v0x8fb10b0c0_0;
    %parti/s 7, 25, 6;
    %pushi/vec4 0, 0, 7;
    %cmp/e;
    %flag_get/vec4 4;
    %and;
T_21.50;
    %assign/vec4 v0x8fb108500_0, 0;
    %load/vec4 v0x8fb109400_0;
    %flag_set/vec4 9;
    %flag_get/vec4 9;
    %jmp/0 T_21.53, 9;
    %load/vec4 v0x8fb10b0c0_0;
    %parti/s 3, 12, 5;
    %pushi/vec4 2, 0, 3;
    %cmp/e;
    %flag_get/vec4 4;
    %and;
T_21.53;
    %flag_set/vec4 8;
    %flag_get/vec4 8;
    %jmp/0 T_21.52, 8;
    %load/vec4 v0x8fb10b0c0_0;
    %parti/s 7, 25, 6;
    %pushi/vec4 0, 0, 7;
    %cmp/e;
    %flag_get/vec4 4;
    %and;
T_21.52;
    %assign/vec4 v0x8fb108640_0, 0;
    %load/vec4 v0x8fb109400_0;
    %flag_set/vec4 9;
    %flag_get/vec4 9;
    %jmp/0 T_21.55, 9;
    %load/vec4 v0x8fb10b0c0_0;
    %parti/s 3, 12, 5;
    %pushi/vec4 3, 0, 3;
    %cmp/e;
    %flag_get/vec4 4;
    %and;
T_21.55;
    %flag_set/vec4 8;
    %flag_get/vec4 8;
    %jmp/0 T_21.54, 8;
    %load/vec4 v0x8fb10b0c0_0;
    %parti/s 7, 25, 6;
    %pushi/vec4 0, 0, 7;
    %cmp/e;
    %flag_get/vec4 4;
    %and;
T_21.54;
    %assign/vec4 v0x8fb108820_0, 0;
    %load/vec4 v0x8fb109400_0;
    %flag_set/vec4 9;
    %flag_get/vec4 9;
    %jmp/0 T_21.57, 9;
    %load/vec4 v0x8fb10b0c0_0;
    %parti/s 3, 12, 5;
    %pushi/vec4 4, 0, 3;
    %cmp/e;
    %flag_get/vec4 4;
    %and;
T_21.57;
    %flag_set/vec4 8;
    %flag_get/vec4 8;
    %jmp/0 T_21.56, 8;
    %load/vec4 v0x8fb10b0c0_0;
    %parti/s 7, 25, 6;
    %pushi/vec4 0, 0, 7;
    %cmp/e;
    %flag_get/vec4 4;
    %and;
T_21.56;
    %assign/vec4 v0x8fb108e60_0, 0;
    %load/vec4 v0x8fb109400_0;
    %flag_set/vec4 9;
    %flag_get/vec4 9;
    %jmp/0 T_21.59, 9;
    %load/vec4 v0x8fb10b0c0_0;
    %parti/s 3, 12, 5;
    %pushi/vec4 5, 0, 3;
    %cmp/e;
    %flag_get/vec4 4;
    %and;
T_21.59;
    %flag_set/vec4 8;
    %flag_get/vec4 8;
    %jmp/0 T_21.58, 8;
    %load/vec4 v0x8fb10b0c0_0;
    %parti/s 7, 25, 6;
    %pushi/vec4 0, 0, 7;
    %cmp/e;
    %flag_get/vec4 4;
    %and;
T_21.58;
    %assign/vec4 v0x8fb108a00_0, 0;
    %load/vec4 v0x8fb109400_0;
    %flag_set/vec4 9;
    %flag_get/vec4 9;
    %jmp/0 T_21.61, 9;
    %load/vec4 v0x8fb10b0c0_0;
    %parti/s 3, 12, 5;
    %pushi/vec4 5, 0, 3;
    %cmp/e;
    %flag_get/vec4 4;
    %and;
T_21.61;
    %flag_set/vec4 8;
    %flag_get/vec4 8;
    %jmp/0 T_21.60, 8;
    %load/vec4 v0x8fb10b0c0_0;
    %parti/s 7, 25, 6;
    %pushi/vec4 32, 0, 7;
    %cmp/e;
    %flag_get/vec4 4;
    %and;
T_21.60;
    %assign/vec4 v0x8fb1088c0_0, 0;
    %load/vec4 v0x8fb109400_0;
    %flag_set/vec4 9;
    %flag_get/vec4 9;
    %jmp/0 T_21.63, 9;
    %load/vec4 v0x8fb10b0c0_0;
    %parti/s 3, 12, 5;
    %pushi/vec4 6, 0, 3;
    %cmp/e;
    %flag_get/vec4 4;
    %and;
T_21.63;
    %flag_set/vec4 8;
    %flag_get/vec4 8;
    %jmp/0 T_21.62, 8;
    %load/vec4 v0x8fb10b0c0_0;
    %parti/s 7, 25, 6;
    %pushi/vec4 0, 0, 7;
    %cmp/e;
    %flag_get/vec4 4;
    %and;
T_21.62;
    %assign/vec4 v0x8fb107e80_0, 0;
    %load/vec4 v0x8fb109400_0;
    %flag_set/vec4 9;
    %flag_get/vec4 9;
    %jmp/0 T_21.65, 9;
    %load/vec4 v0x8fb10b0c0_0;
    %parti/s 3, 12, 5;
    %pushi/vec4 7, 0, 3;
    %cmp/e;
    %flag_get/vec4 4;
    %and;
T_21.65;
    %flag_set/vec4 8;
    %flag_get/vec4 8;
    %jmp/0 T_21.64, 8;
    %load/vec4 v0x8fb10b0c0_0;
    %parti/s 7, 25, 6;
    %pushi/vec4 0, 0, 7;
    %cmp/e;
    %flag_get/vec4 4;
    %and;
T_21.64;
    %assign/vec4 v0x8fb107160_0, 0;
    %load/vec4 v0x8fb10b0c0_0;
    %parti/s 7, 0, 2;
    %cmpi/e 115, 0, 7;
    %flag_get/vec4 4;
    %jmp/0 T_21.68, 4;
    %load/vec4 v0x8fb10b0c0_0;
    %parti/s 20, 12, 5;
    %pad/u 32;
    %pushi/vec4 786434, 0, 32;
    %cmp/e;
    %flag_get/vec4 4;
    %and;
T_21.68;
    %flag_set/vec4 8;
    %jmp/1 T_21.67, 8;
    %load/vec4 v0x8fb10b0c0_0;
    %parti/s 7, 0, 2;
    %cmpi/e 115, 0, 7;
    %flag_get/vec4 4;
    %jmp/0 T_21.69, 4;
    %load/vec4 v0x8fb10b0c0_0;
    %parti/s 20, 12, 5;
    %pad/u 32;
    %pushi/vec4 786690, 0, 32;
    %cmp/e;
    %flag_get/vec4 4;
    %and;
T_21.69;
    %flag_set/vec4 9;
    %flag_or 8, 9;
T_21.67;
    %flag_get/vec4 8;
    %jmp/0 T_21.66, 8;
    %pushi/vec4 1, 0, 1;
    %and;
T_21.66;
    %assign/vec4 v0x8fb108000_0, 0;
    %load/vec4 v0x8fb10b0c0_0;
    %parti/s 7, 0, 2;
    %cmpi/e 115, 0, 7;
    %flag_get/vec4 4;
    %jmp/0 T_21.73, 4;
    %load/vec4 v0x8fb10b0c0_0;
    %parti/s 20, 12, 5;
    %pad/u 32;
    %pushi/vec4 819202, 0, 32;
    %cmp/e;
    %flag_get/vec4 4;
    %and;
T_21.73;
    %flag_set/vec4 9;
    %jmp/1 T_21.72, 9;
    %load/vec4 v0x8fb10b0c0_0;
    %parti/s 7, 0, 2;
    %cmpi/e 115, 0, 7;
    %flag_get/vec4 4;
    %jmp/0 T_21.74, 4;
    %load/vec4 v0x8fb10b0c0_0;
    %parti/s 20, 12, 5;
    %pad/u 32;
    %pushi/vec4 819458, 0, 32;
    %cmp/e;
    %flag_get/vec4 4;
    %and;
T_21.74;
    %flag_set/vec4 10;
    %flag_or 9, 10;
T_21.72;
    %flag_get/vec4 9;
    %jmp/0 T_21.71, 9;
    %pushi/vec4 1, 0, 1;
    %and;
T_21.71;
    %flag_set/vec4 8;
    %flag_get/vec4 8;
    %jmp/0 T_21.70, 8;
    %pushi/vec4 1, 0, 1;
    %and;
T_21.70;
    %assign/vec4 v0x8fb1080a0_0, 0;
    %load/vec4 v0x8fb10b0c0_0;
    %parti/s 7, 0, 2;
    %cmpi/e 115, 0, 7;
    %flag_get/vec4 4;
    %jmp/0 T_21.76, 4;
    %load/vec4 v0x8fb10b0c0_0;
    %parti/s 20, 12, 5;
    %pad/u 32;
    %pushi/vec4 786946, 0, 32;
    %cmp/e;
    %flag_get/vec4 4;
    %and;
T_21.76;
    %flag_set/vec4 8;
    %flag_get/vec4 8;
    %jmp/0 T_21.75, 8;
    %pushi/vec4 1, 0, 1;
    %and;
T_21.75;
    %assign/vec4 v0x8fb108140_0, 0;
    %load/vec4 v0x8fb10b0c0_0;
    %parti/s 7, 0, 2;
    %cmpi/e 115, 0, 7;
    %flag_get/vec4 4;
    %jmp/0 T_21.79, 4;
    %load/vec4 v0x8fb10b0c0_0;
    %parti/s 20, 12, 5;
    %pad/u 32;
    %pushi/vec4 819714, 0, 32;
    %cmp/e;
    %flag_get/vec4 4;
    %and;
T_21.79;
    %flag_set/vec4 9;
    %flag_get/vec4 9;
    %jmp/0 T_21.78, 9;
    %pushi/vec4 1, 0, 1;
    %and;
T_21.78;
    %flag_set/vec4 8;
    %flag_get/vec4 8;
    %jmp/0 T_21.77, 8;
    %pushi/vec4 1, 0, 1;
    %and;
T_21.77;
    %assign/vec4 v0x8fb1081e0_0, 0;
    %load/vec4 v0x8fb10b0c0_0;
    %parti/s 7, 0, 2;
    %cmpi/e 115, 0, 7;
    %flag_get/vec4 4;
    %jmp/0 T_21.82, 4;
    %load/vec4 v0x8fb10b0c0_0;
    %parti/s 11, 21, 6;
    %nor/r;
    %and;
T_21.82;
    %flag_set/vec4 9;
    %flag_get/vec4 9;
    %jmp/0 T_21.81, 9;
    %load/vec4 v0x8fb10b0c0_0;
    %parti/s 13, 7, 4;
    %nor/r;
    %and;
T_21.81;
    %flag_set/vec4 8;
    %flag_get/vec4 8;
    %jmp/1 T_21.80, 8;
    %pushi/vec4 0, 0, 1;
    %or;
T_21.80;
    %assign/vec4 v0x8fb107700_0, 0;
    %load/vec4 v0x8fb10b0c0_0;
    %parti/s 7, 0, 2;
    %cmpi/e 15, 0, 7;
    %flag_get/vec4 4;
    %jmp/0 T_21.83, 4;
    %load/vec4 v0x8fb10b0c0_0;
    %parti/s 3, 12, 5;
    %nor/r;
    %and;
T_21.83;
    %assign/vec4 v0x8fb1077a0_0, 0;
    %load/vec4 v0x8fb10b0c0_0;
    %parti/s 7, 0, 2;
    %cmpi/e 11, 0, 7;
    %flag_get/vec4 4;
    %jmp/0 T_21.86, 4;
    %load/vec4 v0x8fb10b0c0_0;
    %parti/s 7, 25, 6;
    %pushi/vec4 0, 0, 7;
    %cmp/e;
    %flag_get/vec4 4;
    %and;
T_21.86;
    %flag_set/vec4 9;
    %flag_get/vec4 9;
    %jmp/0 T_21.85, 9;
    %pushi/vec4 0, 0, 1;
    %and;
T_21.85;
    %flag_set/vec4 8;
    %flag_get/vec4 8;
    %jmp/0 T_21.84, 8;
    %pushi/vec4 1, 0, 1;
    %and;
T_21.84;
    %assign/vec4 v0x8fb107840_0, 0;
    %load/vec4 v0x8fb10b0c0_0;
    %parti/s 7, 0, 2;
    %cmpi/e 11, 0, 7;
    %flag_get/vec4 4;
    %jmp/0 T_21.89, 4;
    %load/vec4 v0x8fb10b0c0_0;
    %parti/s 7, 25, 6;
    %pushi/vec4 1, 0, 7;
    %cmp/e;
    %flag_get/vec4 4;
    %and;
T_21.89;
    %flag_set/vec4 9;
    %flag_get/vec4 9;
    %jmp/0 T_21.88, 9;
    %pushi/vec4 0, 0, 1;
    %and;
T_21.88;
    %flag_set/vec4 8;
    %flag_get/vec4 8;
    %jmp/0 T_21.87, 8;
    %pushi/vec4 1, 0, 1;
    %and;
T_21.87;
    %assign/vec4 v0x8fb1083c0_0, 0;
    %load/vec4 v0x8fb10b0c0_0;
    %parti/s 7, 0, 2;
    %cmpi/e 11, 0, 7;
    %flag_get/vec4 4;
    %jmp/0 T_21.91, 4;
    %load/vec4 v0x8fb10b0c0_0;
    %parti/s 7, 25, 6;
    %pushi/vec4 3, 0, 7;
    %cmp/e;
    %flag_get/vec4 4;
    %and;
T_21.91;
    %flag_set/vec4 8;
    %flag_get/vec4 8;
    %jmp/0 T_21.90, 8;
    %pushi/vec4 0, 0, 1;
    %and;
T_21.90;
    %assign/vec4 v0x8fb107de0_0, 0;
    %load/vec4 v0x8fb10b0c0_0;
    %parti/s 7, 0, 2;
    %cmpi/e 11, 0, 7;
    %flag_get/vec4 4;
    %jmp/0 T_21.94, 4;
    %load/vec4 v0x8fb10b0c0_0;
    %parti/s 7, 25, 6;
    %pushi/vec4 5, 0, 7;
    %cmp/e;
    %flag_get/vec4 4;
    %and;
T_21.94;
    %flag_set/vec4 9;
    %flag_get/vec4 9;
    %jmp/0 T_21.93, 9;
    %pushi/vec4 0, 0, 1;
    %and;
T_21.93;
    %flag_set/vec4 8;
    %flag_get/vec4 8;
    %jmp/0 T_21.92, 8;
    %pushi/vec4 1, 0, 1;
    %and;
T_21.92;
    %assign/vec4 v0x8fb108c80_0, 0;
    %load/vec4 v0x8fb109360_0;
    %flag_set/vec4 8;
    %flag_get/vec4 8;
    %jmp/0 T_21.95, 8;
    %load/vec4 v0x8fb10b0c0_0;
    %parti/s 3, 12, 5;
    %cmpi/e 1, 0, 3;
    %flag_get/vec4 4;
    %jmp/0 T_21.96, 4;
    %load/vec4 v0x8fb10b0c0_0;
    %parti/s 7, 25, 6;
    %pushi/vec4 0, 0, 7;
    %cmp/e;
    %flag_get/vec4 4;
    %and;
T_21.96;
    %load/vec4 v0x8fb10b0c0_0;
    %parti/s 3, 12, 5;
    %cmpi/e 5, 0, 3;
    %flag_get/vec4 4;
    %jmp/0 T_21.97, 4;
    %load/vec4 v0x8fb10b0c0_0;
    %parti/s 7, 25, 6;
    %pushi/vec4 0, 0, 7;
    %cmp/e;
    %flag_get/vec4 4;
    %and;
T_21.97;
    %concat/vec4; draw_concat_vec4
    %load/vec4 v0x8fb10b0c0_0;
    %parti/s 3, 12, 5;
    %cmpi/e 5, 0, 3;
    %flag_get/vec4 4;
    %jmp/0 T_21.98, 4;
    %load/vec4 v0x8fb10b0c0_0;
    %parti/s 7, 25, 6;
    %pushi/vec4 32, 0, 7;
    %cmp/e;
    %flag_get/vec4 4;
    %and;
T_21.98;
    %concat/vec4; draw_concat_vec4
    %or/r;
    %and;
T_21.95;
    %assign/vec4 v0x8fb109ae0_0, 0;
    %load/vec4 v0x8fb107980_0;
    %flag_set/vec4 8;
    %flag_get/vec4 8;
    %jmp/1 T_21.99, 8;
    %load/vec4 v0x8fb109360_0;
    %flag_set/vec4 8;
    %flag_get/vec4 8;
    %jmp/0 T_21.100, 8;
    %load/vec4 v0x8fb10b0c0_0;
    %parti/s 3, 12, 5;
    %pushi/vec4 0, 0, 3;
    %cmp/e;
    %flag_get/vec4 4;
    %load/vec4 v0x8fb10b0c0_0;
    %parti/s 3, 12, 5;
    %pushi/vec4 2, 0, 3;
    %cmp/e;
    %flag_get/vec4 4;
    %concat/vec4; draw_concat_vec4
    %load/vec4 v0x8fb10b0c0_0;
    %parti/s 3, 12, 5;
    %pushi/vec4 3, 0, 3;
    %cmp/e;
    %flag_get/vec4 4;
    %concat/vec4; draw_concat_vec4
    %load/vec4 v0x8fb10b0c0_0;
    %parti/s 3, 12, 5;
    %pushi/vec4 4, 0, 3;
    %cmp/e;
    %flag_get/vec4 4;
    %concat/vec4; draw_concat_vec4
    %load/vec4 v0x8fb10b0c0_0;
    %parti/s 3, 12, 5;
    %pushi/vec4 6, 0, 3;
    %cmp/e;
    %flag_get/vec4 4;
    %concat/vec4; draw_concat_vec4
    %load/vec4 v0x8fb10b0c0_0;
    %parti/s 3, 12, 5;
    %pushi/vec4 7, 0, 3;
    %cmp/e;
    %flag_get/vec4 4;
    %concat/vec4; draw_concat_vec4
    %or/r;
    %and;
T_21.100;
    %or;
T_21.99;
    %assign/vec4 v0x8fb1095e0_0, 0;
    %load/vec4 v0x8fb109400_0;
    %flag_set/vec4 8;
    %flag_get/vec4 8;
    %jmp/0 T_21.101, 8;
    %load/vec4 v0x8fb10b0c0_0;
    %parti/s 3, 12, 5;
    %cmpi/e 1, 0, 3;
    %flag_get/vec4 4;
    %jmp/0 T_21.102, 4;
    %load/vec4 v0x8fb10b0c0_0;
    %parti/s 7, 25, 6;
    %pushi/vec4 0, 0, 7;
    %cmp/e;
    %flag_get/vec4 4;
    %and;
T_21.102;
    %load/vec4 v0x8fb10b0c0_0;
    %parti/s 3, 12, 5;
    %cmpi/e 5, 0, 3;
    %flag_get/vec4 4;
    %jmp/0 T_21.103, 4;
    %load/vec4 v0x8fb10b0c0_0;
    %parti/s 7, 25, 6;
    %pushi/vec4 0, 0, 7;
    %cmp/e;
    %flag_get/vec4 4;
    %and;
T_21.103;
    %concat/vec4; draw_concat_vec4
    %load/vec4 v0x8fb10b0c0_0;
    %parti/s 3, 12, 5;
    %cmpi/e 5, 0, 3;
    %flag_get/vec4 4;
    %jmp/0 T_21.104, 4;
    %load/vec4 v0x8fb10b0c0_0;
    %parti/s 7, 25, 6;
    %pushi/vec4 32, 0, 7;
    %cmp/e;
    %flag_get/vec4 4;
    %and;
T_21.104;
    %concat/vec4; draw_concat_vec4
    %or/r;
    %and;
T_21.101;
    %assign/vec4 v0x8fb109a40_0, 0;
    %pushi/vec4 0, 0, 1;
    %assign/vec4 v0x8fb109860_0, 0;
    %pushi/vec4 0, 0, 1;
    %assign/vec4 v0x8fb109540_0, 0;
    %pushi/vec4 1, 0, 1;
    %dup/vec4;
    %load/vec4 v0x8fb1078e0_0;
    %cmp/u;
    %jmp/1 T_21.105, 6;
    %dup/vec4;
    %load/vec4 v0x8fb107ca0_0;
    %load/vec4 v0x8fb1072a0_0;
    %concat/vec4; draw_concat_vec4
    %or/r;
    %cmp/u;
    %jmp/1 T_21.106, 6;
    %dup/vec4;
    %load/vec4 v0x8fb107980_0;
    %load/vec4 v0x8fb109680_0;
    %concat/vec4; draw_concat_vec4
    %load/vec4 v0x8fb109360_0;
    %concat/vec4; draw_concat_vec4
    %or/r;
    %cmp/u;
    %jmp/1 T_21.107, 6;
    %dup/vec4;
    %load/vec4 v0x8fb1094a0_0;
    %cmp/u;
    %jmp/1 T_21.108, 6;
    %dup/vec4;
    %load/vec4 v0x8fb1099a0_0;
    %cmp/u;
    %jmp/1 T_21.109, 6;
    %pushi/vec4 1, 1, 32;
    %assign/vec4 v0x8fb1068a0_0, 0;
    %jmp T_21.111;
T_21.105 ;
    %load/vec4 v0x8fb106940_0;
    %assign/vec4 v0x8fb1068a0_0, 0;
    %jmp T_21.111;
T_21.106 ;
    %load/vec4 v0x8fb10b0c0_0;
    %parti/s 20, 12, 5;
    %pad/u 32;
    %ix/load 4, 12, 0;
    %flag_set/imm 4, 0;
    %shiftl 4;
    %assign/vec4 v0x8fb1068a0_0, 0;
    %jmp T_21.111;
T_21.107 ;
    %load/vec4 v0x8fb10b0c0_0;
    %parti/s 12, 20, 6;
    %pad/s 32;
    %assign/vec4 v0x8fb1068a0_0, 0;
    %jmp T_21.111;
T_21.108 ;
    %load/vec4 v0x8fb10b0c0_0;
    %parti/s 1, 31, 6;
    %load/vec4 v0x8fb10b0c0_0;
    %parti/s 1, 7, 4;
    %concat/vec4; draw_concat_vec4
    %load/vec4 v0x8fb10b0c0_0;
    %parti/s 6, 25, 6;
    %concat/vec4; draw_concat_vec4
    %load/vec4 v0x8fb10b0c0_0;
    %parti/s 4, 8, 5;
    %concat/vec4; draw_concat_vec4
    %concati/vec4 0, 0, 1;
    %pad/s 32;
    %assign/vec4 v0x8fb1068a0_0, 0;
    %jmp T_21.111;
T_21.109 ;
    %load/vec4 v0x8fb10b0c0_0;
    %parti/s 7, 25, 6;
    %load/vec4 v0x8fb10b0c0_0;
    %parti/s 5, 7, 4;
    %concat/vec4; draw_concat_vec4
    %pad/s 32;
    %assign/vec4 v0x8fb1068a0_0, 0;
    %jmp T_21.111;
T_21.111 ;
    %pop/vec4 1;
T_21.17 ;
    %load/vec4 v0x8fb10ce60_0;
    %nor/r;
    %flag_set/vec4 8;
    %jmp/0xz  T_21.112, 8;
    %pushi/vec4 0, 0, 1;
    %assign/vec4 v0x8fb1094a0_0, 0;
    %pushi/vec4 0, 0, 1;
    %assign/vec4 v0x8fb109540_0, 0;
    %pushi/vec4 0, 0, 1;
    %assign/vec4 v0x8fb107340_0, 0;
    %pushi/vec4 0, 0, 1;
    %assign/vec4 v0x8fb107660_0, 0;
    %pushi/vec4 0, 0, 1;
    %assign/vec4 v0x8fb107520_0, 0;
    %pushi/vec4 0, 0, 1;
    %assign/vec4 v0x8fb1073e0_0, 0;
    %pushi/vec4 0, 0, 1;
    %assign/vec4 v0x8fb1075c0_0, 0;
    %pushi/vec4 0, 0, 1;
    %assign/vec4 v0x8fb107480_0, 0;
    %pushi/vec4 0, 0, 1;
    %assign/vec4 v0x8fb1070c0_0, 0;
    %pushi/vec4 0, 0, 1;
    %assign/vec4 v0x8fb1086e0_0, 0;
    %pushi/vec4 0, 0, 1;
    %assign/vec4 v0x8fb108780_0, 0;
    %pushi/vec4 0, 0, 1;
    %assign/vec4 v0x8fb108f00_0, 0;
    %pushi/vec4 0, 0, 1;
    %assign/vec4 v0x8fb107f20_0, 0;
    %pushi/vec4 0, 0, 1;
    %assign/vec4 v0x8fb107200_0, 0;
    %pushi/vec4 0, 0, 1;
    %assign/vec4 v0x8fb107020_0, 0;
    %pushi/vec4 0, 0, 1;
    %assign/vec4 v0x8fb108b40_0, 0;
    %pushi/vec4 0, 0, 1;
    %assign/vec4 v0x8fb108500_0, 0;
    %pushi/vec4 0, 0, 1;
    %assign/vec4 v0x8fb108640_0, 0;
    %pushi/vec4 0, 0, 1;
    %assign/vec4 v0x8fb108820_0, 0;
    %pushi/vec4 0, 0, 1;
    %assign/vec4 v0x8fb108e60_0, 0;
    %pushi/vec4 0, 0, 1;
    %assign/vec4 v0x8fb108a00_0, 0;
    %pushi/vec4 0, 0, 1;
    %assign/vec4 v0x8fb1088c0_0, 0;
    %pushi/vec4 0, 0, 1;
    %assign/vec4 v0x8fb107e80_0, 0;
    %pushi/vec4 0, 0, 1;
    %assign/vec4 v0x8fb107160_0, 0;
    %pushi/vec4 0, 0, 1;
    %assign/vec4 v0x8fb1077a0_0, 0;
T_21.112 ;
    %jmp T_21;
    .thread T_21;
    .scope S_0x8fa4d8180;
T_22 ;
    %wait E_0x8fb0d2780;
    %pushi/vec4 0, 0, 32; draw_string_vec4
    %pushi/vec4 0, 0, 32; draw_string_vec4
    %concat/vec4; draw_string_vec4
    %pushi/vec4 0, 0, 32; draw_string_vec4
    %concat/vec4; draw_string_vec4
    %pushi/vec4 0, 0, 32; draw_string_vec4
    %concat/vec4; draw_string_vec4
    %store/vec4 v0x8fb105c20_0, 0, 128;
    %load/vec4 v0x8fb105720_0;
    %cmpi/e 128, 0, 8;
    %jmp/0xz  T_22.0, 4;
    %pushi/vec4 0, 0, 32; draw_string_vec4
    %pushi/vec4 0, 0, 32; draw_string_vec4
    %concat/vec4; draw_string_vec4
    %pushi/vec4 0, 0, 32; draw_string_vec4
    %concat/vec4; draw_string_vec4
    %pushi/vec4 1953653104, 0, 32; draw_string_vec4
    %concat/vec4; draw_string_vec4
    %store/vec4 v0x8fb105c20_0, 0, 128;
T_22.0 ;
    %load/vec4 v0x8fb105720_0;
    %cmpi/e 64, 0, 8;
    %jmp/0xz  T_22.2, 4;
    %pushi/vec4 0, 0, 32; draw_string_vec4
    %pushi/vec4 0, 0, 32; draw_string_vec4
    %concat/vec4; draw_string_vec4
    %pushi/vec4 102, 0, 32; draw_string_vec4
    %concat/vec4; draw_string_vec4
    %pushi/vec4 1702126440, 0, 32; draw_string_vec4
    %concat/vec4; draw_string_vec4
    %store/vec4 v0x8fb105c20_0, 0, 128;
T_22.2 ;
    %load/vec4 v0x8fb105720_0;
    %cmpi/e 32, 0, 8;
    %jmp/0xz  T_22.4, 4;
    %pushi/vec4 0, 0, 32; draw_string_vec4
    %pushi/vec4 0, 0, 32; draw_string_vec4
    %concat/vec4; draw_string_vec4
    %pushi/vec4 27748, 0, 32; draw_string_vec4
    %concat/vec4; draw_string_vec4
    %pushi/vec4 1601336113, 0, 32; draw_string_vec4
    %concat/vec4; draw_string_vec4
    %store/vec4 v0x8fb105c20_0, 0, 128;
T_22.4 ;
    %load/vec4 v0x8fb105720_0;
    %cmpi/e 16, 0, 8;
    %jmp/0xz  T_22.6, 4;
    %pushi/vec4 0, 0, 32; draw_string_vec4
    %pushi/vec4 0, 0, 32; draw_string_vec4
    %concat/vec4; draw_string_vec4
    %pushi/vec4 27748, 0, 32; draw_string_vec4
    %concat/vec4; draw_string_vec4
    %pushi/vec4 1601336114, 0, 32; draw_string_vec4
    %concat/vec4; draw_string_vec4
    %store/vec4 v0x8fb105c20_0, 0, 128;
T_22.6 ;
    %load/vec4 v0x8fb105720_0;
    %cmpi/e 8, 0, 8;
    %jmp/0xz  T_22.8, 4;
    %pushi/vec4 0, 0, 32; draw_string_vec4
    %pushi/vec4 0, 0, 32; draw_string_vec4
    %concat/vec4; draw_string_vec4
    %pushi/vec4 0, 0, 32; draw_string_vec4
    %concat/vec4; draw_string_vec4
    %pushi/vec4 1702389091, 0, 32; draw_string_vec4
    %concat/vec4; draw_string_vec4
    %store/vec4 v0x8fb105c20_0, 0, 128;
T_22.8 ;
    %load/vec4 v0x8fb105720_0;
    %cmpi/e 4, 0, 8;
    %jmp/0xz  T_22.10, 4;
    %pushi/vec4 0, 0, 32; draw_string_vec4
    %pushi/vec4 0, 0, 32; draw_string_vec4
    %concat/vec4; draw_string_vec4
    %pushi/vec4 115, 0, 32; draw_string_vec4
    %concat/vec4; draw_string_vec4
    %pushi/vec4 1751737972, 0, 32; draw_string_vec4
    %concat/vec4; draw_string_vec4
    %store/vec4 v0x8fb105c20_0, 0, 128;
T_22.10 ;
    %load/vec4 v0x8fb105720_0;
    %cmpi/e 2, 0, 8;
    %jmp/0xz  T_22.12, 4;
    %pushi/vec4 0, 0, 32; draw_string_vec4
    %pushi/vec4 0, 0, 32; draw_string_vec4
    %concat/vec4; draw_string_vec4
    %pushi/vec4 115, 0, 32; draw_string_vec4
    %concat/vec4; draw_string_vec4
    %pushi/vec4 1953326445, 0, 32; draw_string_vec4
    %concat/vec4; draw_string_vec4
    %store/vec4 v0x8fb105c20_0, 0, 128;
T_22.12 ;
    %load/vec4 v0x8fb105720_0;
    %cmpi/e 1, 0, 8;
    %jmp/0xz  T_22.14, 4;
    %pushi/vec4 0, 0, 32; draw_string_vec4
    %pushi/vec4 0, 0, 32; draw_string_vec4
    %concat/vec4; draw_string_vec4
    %pushi/vec4 108, 0, 32; draw_string_vec4
    %concat/vec4; draw_string_vec4
    %pushi/vec4 1684890989, 0, 32; draw_string_vec4
    %concat/vec4; draw_string_vec4
    %store/vec4 v0x8fb105c20_0, 0, 128;
T_22.14 ;
    %jmp T_22;
    .thread T_22, $push;
    .scope S_0x8fa4d8180;
T_23 ;
    %wait E_0x8fb0d2740;
    %pushi/vec4 1, 1, 1;
    %store/vec4 v0x8fb104b40_0, 0, 1;
    %pushi/vec4 1, 0, 1;
    %dup/vec4;
    %load/vec4 v0x8fb107340_0;
    %cmp/u;
    %jmp/1 T_23.0, 6;
    %dup/vec4;
    %load/vec4 v0x8fb107660_0;
    %cmp/u;
    %jmp/1 T_23.1, 6;
    %dup/vec4;
    %load/vec4 v0x8fb1073e0_0;
    %cmp/u;
    %jmp/1 T_23.2, 6;
    %dup/vec4;
    %load/vec4 v0x8fb107480_0;
    %cmp/u;
    %jmp/1 T_23.3, 6;
    %dup/vec4;
    %load/vec4 v0x8fb109b80_0;
    %flag_set/vec4 8;
    %flag_get/vec4 8;
    %jmp/0 T_23.7, 8;
    %pushi/vec4 1, 0, 1;
    %and;
T_23.7;
    %cmp/u;
    %jmp/1 T_23.4, 6;
    %dup/vec4;
    %load/vec4 v0x8fb109c20_0;
    %flag_set/vec4 8;
    %flag_get/vec4 8;
    %jmp/0 T_23.8, 8;
    %pushi/vec4 1, 0, 1;
    %and;
T_23.8;
    %cmp/u;
    %jmp/1 T_23.5, 6;
    %jmp T_23.6;
T_23.0 ;
    %load/vec4 v0x8fb1048c0_0;
    %store/vec4 v0x8fb104b40_0, 0, 1;
    %jmp T_23.6;
T_23.1 ;
    %load/vec4 v0x8fb1048c0_0;
    %nor/r;
    %store/vec4 v0x8fb104b40_0, 0, 1;
    %jmp T_23.6;
T_23.2 ;
    %load/vec4 v0x8fb104960_0;
    %nor/r;
    %store/vec4 v0x8fb104b40_0, 0, 1;
    %jmp T_23.6;
T_23.3 ;
    %load/vec4 v0x8fb104a00_0;
    %nor/r;
    %store/vec4 v0x8fb104b40_0, 0, 1;
    %jmp T_23.6;
T_23.4 ;
    %load/vec4 v0x8fb104960_0;
    %store/vec4 v0x8fb104b40_0, 0, 1;
    %jmp T_23.6;
T_23.5 ;
    %load/vec4 v0x8fb104a00_0;
    %store/vec4 v0x8fb104b40_0, 0, 1;
    %jmp T_23.6;
T_23.6 ;
    %pop/vec4 1;
    %pushi/vec4 4294967295, 4294967295, 32;
    %store/vec4 v0x8fb104aa0_0, 0, 32;
    %pushi/vec4 1, 0, 1;
    %dup/vec4;
    %load/vec4 v0x8fb109860_0;
    %cmp/u;
    %jmp/1 T_23.9, 6;
    %dup/vec4;
    %load/vec4 v0x8fb109540_0;
    %cmp/u;
    %jmp/1 T_23.10, 6;
    %dup/vec4;
    %load/vec4 v0x8fb108f00_0;
    %flag_set/vec4 8;
    %flag_get/vec4 8;
    %jmp/1 T_23.17, 8;
    %load/vec4 v0x8fb108e60_0;
    %or;
T_23.17;
    %cmp/u;
    %jmp/1 T_23.11, 6;
    %dup/vec4;
    %load/vec4 v0x8fb107f20_0;
    %flag_set/vec4 8;
    %flag_get/vec4 8;
    %jmp/1 T_23.18, 8;
    %load/vec4 v0x8fb107e80_0;
    %or;
T_23.18;
    %cmp/u;
    %jmp/1 T_23.12, 6;
    %dup/vec4;
    %load/vec4 v0x8fb107200_0;
    %flag_set/vec4 8;
    %flag_get/vec4 8;
    %jmp/1 T_23.19, 8;
    %load/vec4 v0x8fb107160_0;
    %or;
T_23.19;
    %cmp/u;
    %jmp/1 T_23.13, 6;
    %dup/vec4;
    %pushi/vec4 0, 0, 1;
    %cmp/u;
    %jmp/1 T_23.14, 6;
    %dup/vec4;
    %pushi/vec4 0, 0, 1;
    %cmp/u;
    %jmp/1 T_23.15, 6;
    %jmp T_23.16;
T_23.9 ;
    %load/vec4 v0x8fb104820_0;
    %store/vec4 v0x8fb104aa0_0, 0, 32;
    %jmp T_23.16;
T_23.10 ;
    %load/vec4 v0x8fb104b40_0;
    %pad/u 32;
    %store/vec4 v0x8fb104aa0_0, 0, 32;
    %jmp T_23.16;
T_23.11 ;
    %load/vec4 v0x8fb10cb40_0;
    %load/vec4 v0x8fb10cbe0_0;
    %xor;
    %store/vec4 v0x8fb104aa0_0, 0, 32;
    %jmp T_23.16;
T_23.12 ;
    %load/vec4 v0x8fb10cb40_0;
    %load/vec4 v0x8fb10cbe0_0;
    %or;
    %store/vec4 v0x8fb104aa0_0, 0, 32;
    %jmp T_23.16;
T_23.13 ;
    %load/vec4 v0x8fb10cb40_0;
    %load/vec4 v0x8fb10cbe0_0;
    %and;
    %store/vec4 v0x8fb104aa0_0, 0, 32;
    %jmp T_23.16;
T_23.14 ;
    %load/vec4 v0x8fb104d20_0;
    %store/vec4 v0x8fb104aa0_0, 0, 32;
    %jmp T_23.16;
T_23.15 ;
    %load/vec4 v0x8fb104dc0_0;
    %store/vec4 v0x8fb104aa0_0, 0, 32;
    %jmp T_23.16;
T_23.16 ;
    %pop/vec4 1;
    %jmp T_23;
    .thread T_23, $push;
    .scope S_0x8fa4d8180;
T_24 ;
    %wait E_0x8fb0d2640;
    %load/vec4 v0x8fb105360_0;
    %assign/vec4 v0x8fb105400_0, 0;
    %jmp T_24;
    .thread T_24;
    .scope S_0x8fa4d8180;
T_25 ;
    %wait E_0x8fb0d2700;
    %load/vec4 v0x8fb105400_0;
    %store/vec4 v0x8fb105360_0, 0, 1;
    %load/vec4 v0x8fb10c640_0;
    %nor/r;
    %flag_set/vec4 8;
    %jmp/0xz  T_25.0, 8;
    %pushi/vec4 0, 0, 1;
    %store/vec4 v0x8fb105360_0, 0, 1;
T_25.0 ;
    %load/vec4 v0x8fb109d60_0;
    %flag_set/vec4 8;
    %jmp/1 T_25.5, 8;
    %load/vec4 v0x8fb1092c0_0;
    %cmpi/ne 0, 0, 2;
    %flag_or 8, 4;
T_25.5;
    %jmp/1 T_25.4, 8;
    %load/vec4 v0x8fb10ce60_0;
    %nor/r;
    %flag_set/vec4 9;
    %flag_or 8, 9;
T_25.4;
    %jmp/0xz  T_25.2, 8;
    %pushi/vec4 0, 0, 1;
    %store/vec4 v0x8fb105360_0, 0, 1;
T_25.2 ;
    %jmp T_25;
    .thread T_25, $push;
    .scope S_0x8fa4d8180;
T_26 ;
    %wait E_0x8fb0d2600;
    %pushi/vec4 0, 0, 1;
    %store/vec4 v0x8fb105a40_0, 0, 1;
    %pushi/vec4 4294967295, 4294967295, 32;
    %store/vec4 v0x8fb1059a0_0, 0, 32;
    %load/vec4 v0x8fb105720_0;
    %cmpi/e 64, 0, 8;
    %jmp/0xz  T_26.0, 4;
    %pushi/vec4 1, 0, 1;
    %dup/vec4;
    %load/vec4 v0x8fb109d60_0;
    %cmp/u;
    %jmp/1 T_26.2, 6;
    %dup/vec4;
    %load/vec4 v0x8fb10a1c0_0;
    %flag_set/vec4 8;
    %flag_get/vec4 8;
    %jmp/0 T_26.7, 8;
    %load/vec4 v0x8fb109d60_0;
    %nor/r;
    %and;
T_26.7;
    %cmp/u;
    %jmp/1 T_26.3, 6;
    %dup/vec4;
    %pushi/vec4 0, 0, 1;
    %cmp/u;
    %jmp/1 T_26.4, 6;
    %dup/vec4;
    %pushi/vec4 0, 0, 1;
    %cmp/u;
    %jmp/1 T_26.5, 6;
    %jmp T_26.6;
T_26.2 ;
    %load/vec4 v0x8fb10cd20_0;
    %load/vec4 v0x8fb109e00_0;
    %flag_set/vec4 8;
    %jmp/0 T_26.8, 8;
    %pushi/vec4 2, 0, 32;
    %jmp/1 T_26.9, 8;
T_26.8 ; End of true expr.
    %pushi/vec4 4, 0, 32;
    %jmp/0 T_26.9, 8;
 ; End of false expr.
    %blend;
T_26.9;
    %add;
    %store/vec4 v0x8fb1059a0_0, 0, 32;
    %pushi/vec4 1, 0, 1;
    %store/vec4 v0x8fb105a40_0, 0, 1;
    %jmp T_26.6;
T_26.3 ;
    %load/vec4 v0x8fb10a120_0;
    %flag_set/vec4 8;
    %jmp/0 T_26.10, 8;
    %load/vec4 v0x8fb104c80_0;
    %jmp/1 T_26.11, 8;
T_26.10 ; End of true expr.
    %load/vec4 v0x8fb10cc80_0;
    %jmp/0 T_26.11, 8;
 ; End of false expr.
    %blend;
T_26.11;
    %store/vec4 v0x8fb1059a0_0, 0, 32;
    %pushi/vec4 1, 0, 1;
    %store/vec4 v0x8fb105a40_0, 0, 1;
    %jmp T_26.6;
T_26.4 ;
    %load/vec4 v0x8fb10caa0_0;
    %load/vec4 v0x8fb109e00_0;
    %pad/u 32;
    %or;
    %store/vec4 v0x8fb1059a0_0, 0, 32;
    %pushi/vec4 1, 0, 1;
    %store/vec4 v0x8fb105a40_0, 0, 1;
    %jmp T_26.6;
T_26.5 ;
    %load/vec4 v0x8fb109220_0;
    %load/vec4 v0x8fb109180_0;
    %inv;
    %and;
    %store/vec4 v0x8fb1059a0_0, 0, 32;
    %pushi/vec4 1, 0, 1;
    %store/vec4 v0x8fb105a40_0, 0, 1;
    %jmp T_26.6;
T_26.6 ;
    %pop/vec4 1;
T_26.0 ;
    %jmp T_26;
    .thread T_26, $push;
    .scope S_0x8fa4d8180;
T_27 ;
    %wait E_0x8fb0d2640;
    %load/vec4 v0x8fb10ce60_0;
    %flag_set/vec4 10;
    %flag_get/vec4 10;
    %jmp/0 T_27.3, 10;
    %load/vec4 v0x8fb105a40_0;
    %and;
T_27.3;
    %flag_set/vec4 9;
    %flag_get/vec4 9;
    %jmp/0 T_27.2, 9;
    %load/vec4 v0x8fb10a080_0;
    %pushi/vec4 0, 0, 5;
    %cmp/ne;
    %flag_get/vec4 4;
    %and;
T_27.2;
    %flag_set/vec4 8;
    %jmp/0xz  T_27.0, 8;
    %load/vec4 v0x8fb1059a0_0;
    %load/vec4 v0x8fb10a080_0;
    %pad/u 7;
    %ix/vec4 3;
    %ix/load 4, 0, 0; Constant delay
    %assign/vec4/a/d v0x8fb1057c0, 0, 4;
T_27.0 ;
    %jmp T_27;
    .thread T_27;
    .scope S_0x8fa4d8180;
T_28 ;
    %wait E_0x8fb0d26c0;
    %pushi/vec4 31, 31, 5;
    %store/vec4 v0x8fb106a80_0, 0, 5;
    %load/vec4 v0x8fb106b20_0;
    %cmpi/ne 0, 0, 5;
    %flag_mov 8, 4;
    %jmp/0 T_28.0, 8;
    %load/vec4 v0x8fb106b20_0;
    %pad/u 7;
    %ix/vec4 4;
    %load/vec4a v0x8fb1057c0, 4;
    %jmp/1 T_28.1, 8;
T_28.0 ; End of true expr.
    %pushi/vec4 0, 0, 32;
    %jmp/0 T_28.1, 8;
 ; End of false expr.
    %blend;
T_28.1;
    %store/vec4 v0x8fb105860_0, 0, 32;
    %load/vec4 v0x8fb106bc0_0;
    %cmpi/ne 0, 0, 5;
    %flag_mov 8, 4;
    %jmp/0 T_28.2, 8;
    %load/vec4 v0x8fb106bc0_0;
    %pad/u 7;
    %ix/vec4 4;
    %load/vec4a v0x8fb1057c0, 4;
    %jmp/1 T_28.3, 8;
T_28.2 ; End of true expr.
    %pushi/vec4 0, 0, 32;
    %jmp/0 T_28.3, 8;
 ; End of false expr.
    %blend;
T_28.3;
    %store/vec4 v0x8fb105900_0, 0, 32;
    %jmp T_28;
    .thread T_28, $push;
    .scope S_0x8fa4d8180;
T_29 ;
    %wait E_0x8fb0d2640;
    %pushi/vec4 0, 0, 1;
    %assign/vec4 v0x8fb10d2c0_0, 0;
    %pushi/vec4 31, 31, 5;
    %assign/vec4 v0x8fb10cdc0_0, 0;
    %pushi/vec4 4294967295, 4294967295, 32;
    %assign/vec4 v0x8fb10cc80_0, 0;
    %pushi/vec4 0, 0, 1;
    %store/vec4 v0x8fb10cfa0_0, 0, 1;
    %pushi/vec4 0, 0, 1;
    %store/vec4 v0x8fb10cf00_0, 0, 1;
    %pushi/vec4 0, 0, 1;
    %store/vec4 v0x8fb10d040_0, 0, 1;
    %load/vec4 v0x8fb104b40_0;
    %assign/vec4 v0x8fb104be0_0, 0;
    %load/vec4 v0x8fb104aa0_0;
    %assign/vec4 v0x8fb104c80_0, 0;
    %pushi/vec4 0, 0, 1;
    %assign/vec4 v0x8fb104e60_0, 0;
    %pushi/vec4 0, 0, 1;
    %assign/vec4 v0x8fb104f00_0, 0;
    %load/vec4 v0x8fb10a300_0;
    %flag_set/vec4 8;
    %jmp/0xz  T_29.0, 8;
    %pushi/vec4 4294967295, 4294967295, 32;
    %assign/vec4 v0x8fb106580_0, 0;
    %pushi/vec4 4294967295, 4294967295, 32;
    %assign/vec4 v0x8fb1066c0_0, 0;
    %pushi/vec4 0, 0, 1;
    %assign/vec4 v0x8fb106620_0, 0;
    %pushi/vec4 0, 0, 1;
    %assign/vec4 v0x8fb106760_0, 0;
T_29.0 ;
    %load/vec4 v0x8fb10ce60_0;
    %flag_set/vec4 8;
    %jmp/0 T_29.2, 8;
    %load/vec4 v0x8fb1055e0_0;
    %addi 1, 0, 64;
    %jmp/1 T_29.3, 8;
T_29.2 ; End of true expr.
    %pushi/vec4 0, 0, 64;
    %jmp/0 T_29.3, 8;
 ; End of false expr.
    %blend;
T_29.3;
    %assign/vec4 v0x8fb1055e0_0, 0;
    %pushi/vec4 4294967295, 4294967295, 32;
    %store/vec4 v0x8fb10b7a0_0, 0, 32;
    %load/vec4 v0x8fb10a620_0;
    %flag_set/vec4 8;
    %flag_get/vec4 8;
    %jmp/0 T_29.4, 8;
    %load/vec4 v0x8fb10a760_0;
    %and;
T_29.4;
    %assign/vec4 v0x8fb106da0_0, 0;
    %load/vec4 v0x8fb106da0_0;
    %assign/vec4 v0x8fb106e40_0, 0;
    %pushi/vec4 0, 0, 1;
    %assign/vec4 v0x8fb106c60_0, 0;
    %load/vec4 v0x8fb106c60_0;
    %assign/vec4 v0x8fb106d00_0, 0;
    %pushi/vec4 0, 0, 1;
    %assign/vec4 v0x8fb106ee0_0, 0;
    %pushi/vec4 0, 0, 1;
    %assign/vec4 v0x8fb10d220_0, 0;
    %pushi/vec4 4294967295, 4294967295, 32;
    %concati/vec4 15, 15, 4;
    %assign/vec4 v0x8fb10d180_0, 0;
    %load/vec4 v0x8fb10ce60_0;
    %nor/r;
    %flag_set/vec4 8;
    %jmp/0xz  T_29.5, 8;
    %pushi/vec4 0, 0, 32;
    %assign/vec4 v0x8fb10cd20_0, 0;
    %pushi/vec4 0, 0, 32;
    %assign/vec4 v0x8fb10caa0_0, 0;
    %pushi/vec4 0, 0, 64;
    %assign/vec4 v0x8fb105680_0, 0;
    %pushi/vec4 0, 0, 1;
    %assign/vec4 v0x8fb10a1c0_0, 0;
    %pushi/vec4 0, 0, 1;
    %assign/vec4 v0x8fb10a120_0, 0;
    %pushi/vec4 0, 0, 1;
    %assign/vec4 v0x8fb109d60_0, 0;
    %pushi/vec4 0, 0, 1;
    %assign/vec4 v0x8fb10a260_0, 0;
    %pushi/vec4 0, 0, 1;
    %assign/vec4 v0x8fb109fe0_0, 0;
    %pushi/vec4 0, 0, 1;
    %assign/vec4 v0x8fb109f40_0, 0;
    %pushi/vec4 0, 0, 1;
    %assign/vec4 v0x8fb109ea0_0, 0;
    %pushi/vec4 0, 0, 1;
    %assign/vec4 v0x8fb10c460_0, 0;
    %pushi/vec4 0, 0, 1;
    %assign/vec4 v0x8fb10c3c0_0, 0;
    %pushi/vec4 0, 0, 1;
    %assign/vec4 v0x8fb109040_0, 0;
    %pushi/vec4 0, 0, 1;
    %assign/vec4 v0x8fb1090e0_0, 0;
    %pushi/vec4 4294967295, 0, 32;
    %assign/vec4 v0x8fb109180_0, 0;
    %pushi/vec4 0, 0, 32;
    %store/vec4 v0x8fb10b7a0_0, 0, 32;
    %pushi/vec4 0, 0, 2;
    %assign/vec4 v0x8fb1092c0_0, 0;
    %pushi/vec4 0, 0, 32;
    %assign/vec4 v0x8fb106f80_0, 0;
    %pushi/vec4 0, 0, 32;
    %assign/vec4 v0x8fb10d0e0_0, 0;
    %pushi/vec4 64, 0, 8;
    %assign/vec4 v0x8fb105720_0, 0;
    %jmp T_29.6;
T_29.5 ;
    %load/vec4 v0x8fb105720_0;
    %dup/vec4;
    %pushi/vec4 128, 0, 8;
    %cmp/u;
    %jmp/1 T_29.7, 6;
    %dup/vec4;
    %pushi/vec4 64, 0, 8;
    %cmp/u;
    %jmp/1 T_29.8, 6;
    %dup/vec4;
    %pushi/vec4 32, 0, 8;
    %cmp/u;
    %jmp/1 T_29.9, 6;
    %dup/vec4;
    %pushi/vec4 16, 0, 8;
    %cmp/u;
    %jmp/1 T_29.10, 6;
    %dup/vec4;
    %pushi/vec4 8, 0, 8;
    %cmp/u;
    %jmp/1 T_29.11, 6;
    %dup/vec4;
    %pushi/vec4 4, 0, 8;
    %cmp/u;
    %jmp/1 T_29.12, 6;
    %dup/vec4;
    %pushi/vec4 2, 0, 8;
    %cmp/u;
    %jmp/1 T_29.13, 6;
    %dup/vec4;
    %pushi/vec4 1, 0, 8;
    %cmp/u;
    %jmp/1 T_29.14, 6;
    %jmp T_29.15;
T_29.7 ;
    %pushi/vec4 1, 0, 1;
    %assign/vec4 v0x8fb10d2c0_0, 0;
    %jmp T_29.15;
T_29.8 ;
    %load/vec4 v0x8fb106da0_0;
    %nor/r;
    %flag_set/vec4 8;
    %flag_get/vec4 8;
    %jmp/0 T_29.16, 8;
    %load/vec4 v0x8fb106ee0_0;
    %nor/r;
    %and;
T_29.16;
    %assign/vec4 v0x8fb10a620_0, 0;
    %pushi/vec4 0, 0, 2;
    %assign/vec4 v0x8fb10b480_0, 0;
    %load/vec4 v0x8fb10caa0_0;
    %store/vec4 v0x8fb105ae0_0, 0, 32;
    %pushi/vec4 1, 0, 1;
    %dup/vec4;
    %load/vec4 v0x8fb109d60_0;
    %cmp/u;
    %jmp/1 T_29.17, 6;
    %dup/vec4;
    %load/vec4 v0x8fb10a1c0_0;
    %flag_set/vec4 8;
    %flag_get/vec4 8;
    %jmp/0 T_29.22, 8;
    %load/vec4 v0x8fb109d60_0;
    %nor/r;
    %and;
T_29.22;
    %cmp/u;
    %jmp/1 T_29.18, 6;
    %dup/vec4;
    %pushi/vec4 0, 0, 1;
    %cmp/u;
    %jmp/1 T_29.19, 6;
    %dup/vec4;
    %pushi/vec4 0, 0, 1;
    %cmp/u;
    %jmp/1 T_29.20, 6;
    %jmp T_29.21;
T_29.17 ;
    %load/vec4 v0x8fb10a1c0_0;
    %flag_set/vec4 8;
    %jmp/0 T_29.23, 8;
    %load/vec4 v0x8fb10a120_0;
    %flag_set/vec4 9;
    %jmp/0 T_29.25, 9;
    %load/vec4 v0x8fb104c80_0;
    %jmp/1 T_29.26, 9;
T_29.25 ; End of true expr.
    %load/vec4 v0x8fb10cc80_0;
    %jmp/0 T_29.26, 9;
 ; End of false expr.
    %blend;
T_29.26;
    %pushi/vec4 4294967294, 0, 32;
    %and;
    %jmp/1 T_29.24, 8;
T_29.23 ; End of true expr.
    %load/vec4 v0x8fb10caa0_0;
    %jmp/0 T_29.24, 8;
 ; End of false expr.
    %blend;
T_29.24;
    %store/vec4 v0x8fb105ae0_0, 0, 32;
    %jmp T_29.21;
T_29.18 ;
    %jmp T_29.21;
T_29.19 ;
    %pushi/vec4 16, 0, 32;
    %store/vec4 v0x8fb105ae0_0, 0, 32;
    %pushi/vec4 1, 0, 1;
    %assign/vec4 v0x8fb109040_0, 0;
    %pushi/vec4 1, 0, 1;
    %assign/vec4 v0x8fb10a620_0, 0;
    %jmp T_29.21;
T_29.20 ;
    %load/vec4 v0x8fb109220_0;
    %load/vec4 v0x8fb109180_0;
    %inv;
    %and;
    %assign/vec4 v0x8fb106f80_0, 0;
    %load/vec4 v0x8fb10b7a0_0;
    %load/vec4 v0x8fb109180_0;
    %and;
    %store/vec4 v0x8fb10b7a0_0, 0, 32;
    %jmp T_29.21;
T_29.21 ;
    %pop/vec4 1;
    %load/vec4 v0x8fb105ae0_0;
    %assign/vec4 v0x8fb10cd20_0, 0;
    %load/vec4 v0x8fb105ae0_0;
    %assign/vec4 v0x8fb10caa0_0, 0;
    %pushi/vec4 0, 0, 1;
    %assign/vec4 v0x8fb10a1c0_0, 0;
    %pushi/vec4 0, 0, 1;
    %assign/vec4 v0x8fb10a120_0, 0;
    %pushi/vec4 0, 0, 1;
    %assign/vec4 v0x8fb109d60_0, 0;
    %pushi/vec4 0, 0, 1;
    %assign/vec4 v0x8fb109fe0_0, 0;
    %pushi/vec4 0, 0, 1;
    %assign/vec4 v0x8fb109f40_0, 0;
    %pushi/vec4 0, 0, 1;
    %assign/vec4 v0x8fb109ea0_0, 0;
    %load/vec4 v0x8fb1069e0_0;
    %assign/vec4 v0x8fb10a080_0, 0;
    %load/vec4 v0x8fb105540_0;
    %assign/vec4 v0x8fb109e00_0, 0;
    %load/vec4 v0x8fb106da0_0;
    %flag_set/vec4 8;
    %jmp/0xz  T_29.27, 8;
    %load/vec4 v0x8fb109040_0;
    %assign/vec4 v0x8fb1090e0_0, 0;
    %load/vec4 v0x8fb105ae0_0;
    %load/vec4 v0x8fb105540_0;
    %flag_set/vec4 8;
    %jmp/0 T_29.29, 8;
    %pushi/vec4 2, 0, 32;
    %jmp/1 T_29.30, 8;
T_29.29 ; End of true expr.
    %pushi/vec4 4, 0, 32;
    %jmp/0 T_29.30, 8;
 ; End of false expr.
    %blend;
T_29.30;
    %add;
    %assign/vec4 v0x8fb10caa0_0, 0;
    %load/vec4 v0x8fb105680_0;
    %addi 1, 0, 64;
    %assign/vec4 v0x8fb105680_0, 0;
    %load/vec4 v0x8fb1078e0_0;
    %flag_set/vec4 8;
    %jmp/0xz  T_29.31, 8;
    %pushi/vec4 1, 0, 1;
    %assign/vec4 v0x8fb10a620_0, 0;
    %load/vec4 v0x8fb105ae0_0;
    %load/vec4 v0x8fb106940_0;
    %add;
    %assign/vec4 v0x8fb10caa0_0, 0;
    %pushi/vec4 1, 0, 1;
    %assign/vec4 v0x8fb109d60_0, 0;
    %jmp T_29.32;
T_29.31 ;
    %pushi/vec4 0, 0, 1;
    %assign/vec4 v0x8fb10a620_0, 0;
    %load/vec4 v0x8fb107980_0;
    %nor/r;
    %flag_set/vec4 8;
    %flag_get/vec4 8;
    %jmp/0 T_29.33, 8;
    %load/vec4 v0x8fb108280_0;
    %nor/r;
    %and;
T_29.33;
    %assign/vec4 v0x8fb10a4e0_0, 0;
    %pushi/vec4 32, 0, 8;
    %assign/vec4 v0x8fb105720_0, 0;
T_29.32 ;
T_29.27 ;
    %jmp T_29.15;
T_29.9 ;
    %pushi/vec4 4294967295, 4294967295, 32;
    %assign/vec4 v0x8fb10cb40_0, 0;
    %pushi/vec4 4294967295, 4294967295, 32;
    %assign/vec4 v0x8fb10cbe0_0, 0;
    %pushi/vec4 1, 0, 1;
    %dup/vec4;
    %pushi/vec4 1, 0, 1;
    %flag_set/vec4 8;
    %flag_get/vec4 8;
    %jmp/0 T_29.48, 8;
    %load/vec4 v0x8fb108d20_0;
    %and;
T_29.48;
    %cmp/u;
    %jmp/1 T_29.34, 6;
    %dup/vec4;
    %pushi/vec4 1, 0, 1;
    %flag_set/vec4 8;
    %flag_get/vec4 8;
    %jmp/0 T_29.49, 8;
    %load/vec4 v0x8fb109900_0;
    %and;
T_29.49;
    %cmp/u;
    %jmp/1 T_29.35, 6;
    %dup/vec4;
    %load/vec4 v0x8fb1097c0_0;
    %cmp/u;
    %jmp/1 T_29.36, 6;
    %dup/vec4;
    %pushi/vec4 0, 0, 1;
    %cmp/u;
    %jmp/1 T_29.37, 6;
    %dup/vec4;
    %pushi/vec4 0, 0, 1;
    %cmp/u;
    %jmp/1 T_29.38, 6;
    %dup/vec4;
    %pushi/vec4 0, 0, 1;
    %cmp/u;
    %jmp/1 T_29.39, 6;
    %dup/vec4;
    %pushi/vec4 0, 0, 1;
    %cmp/u;
    %jmp/1 T_29.40, 6;
    %dup/vec4;
    %pushi/vec4 0, 0, 1;
    %cmp/u;
    %jmp/1 T_29.41, 6;
    %dup/vec4;
    %load/vec4 v0x8fb109680_0;
    %flag_set/vec4 8;
    %flag_get/vec4 8;
    %jmp/0 T_29.50, 8;
    %load/vec4 v0x8fb108d20_0;
    %nor/r;
    %and;
T_29.50;
    %cmp/u;
    %jmp/1 T_29.42, 6;
    %dup/vec4;
    %load/vec4 v0x8fb109ae0_0;
    %flag_set/vec4 8;
    %flag_get/vec4 8;
    %jmp/0 T_29.51, 8;
    %pushi/vec4 1, 0, 1;
    %and;
T_29.51;
    %cmp/u;
    %jmp/1 T_29.43, 6;
    %dup/vec4;
    %load/vec4 v0x8fb1095e0_0;
    %cmp/u;
    %jmp/1 T_29.44, 6;
    %dup/vec4;
    %load/vec4 v0x8fb109ae0_0;
    %flag_set/vec4 8;
    %flag_get/vec4 8;
    %jmp/0 T_29.52, 8;
    %pushi/vec4 0, 0, 1;
    %and;
T_29.52;
    %cmp/u;
    %jmp/1 T_29.45, 6;
    %load/vec4 v0x8fb105860_0;
    %assign/vec4 v0x8fb10cb40_0, 0;
    %load/vec4 v0x8fb105860_0;
    %assign/vec4 v0x8fb106580_0, 0;
    %pushi/vec4 1, 0, 1;
    %assign/vec4 v0x8fb106620_0, 0;
    %load/vec4 v0x8fb105900_0;
    %pad/u 5;
    %assign/vec4 v0x8fb10cdc0_0, 0;
    %load/vec4 v0x8fb105900_0;
    %assign/vec4 v0x8fb10cbe0_0, 0;
    %load/vec4 v0x8fb105900_0;
    %assign/vec4 v0x8fb1066c0_0, 0;
    %pushi/vec4 1, 0, 1;
    %assign/vec4 v0x8fb106760_0, 0;
    %pushi/vec4 1, 0, 1;
    %dup/vec4;
    %load/vec4 v0x8fb1099a0_0;
    %cmp/u;
    %jmp/1 T_29.53, 6;
    %dup/vec4;
    %load/vec4 v0x8fb109a40_0;
    %flag_set/vec4 8;
    %flag_get/vec4 8;
    %jmp/0 T_29.57, 8;
    %pushi/vec4 1, 0, 1;
    %and;
T_29.57;
    %cmp/u;
    %jmp/1 T_29.54, 6;
    %load/vec4 v0x8fb10a4e0_0;
    %assign/vec4 v0x8fb10a620_0, 0;
    %pushi/vec4 8, 0, 8;
    %assign/vec4 v0x8fb105720_0, 0;
    %jmp T_29.56;
T_29.53 ;
    %pushi/vec4 2, 0, 8;
    %assign/vec4 v0x8fb105720_0, 0;
    %pushi/vec4 1, 0, 1;
    %assign/vec4 v0x8fb10a620_0, 0;
    %jmp T_29.56;
T_29.54 ;
    %pushi/vec4 4, 0, 8;
    %assign/vec4 v0x8fb105720_0, 0;
    %jmp T_29.56;
T_29.56 ;
    %pop/vec4 1;
    %jmp T_29.47;
T_29.34 ;
    %pushi/vec4 128, 0, 8;
    %assign/vec4 v0x8fb105720_0, 0;
    %jmp T_29.47;
T_29.35 ;
    %pushi/vec4 1, 0, 1;
    %dup/vec4;
    %load/vec4 v0x8fb108000_0;
    %cmp/u;
    %jmp/1 T_29.58, 6;
    %dup/vec4;
    %load/vec4 v0x8fb1080a0_0;
    %flag_set/vec4 8;
    %flag_get/vec4 8;
    %jmp/0 T_29.63, 8;
    %pushi/vec4 1, 0, 1;
    %and;
T_29.63;
    %cmp/u;
    %jmp/1 T_29.59, 6;
    %dup/vec4;
    %load/vec4 v0x8fb108140_0;
    %cmp/u;
    %jmp/1 T_29.60, 6;
    %dup/vec4;
    %load/vec4 v0x8fb1081e0_0;
    %flag_set/vec4 8;
    %flag_get/vec4 8;
    %jmp/0 T_29.64, 8;
    %pushi/vec4 1, 0, 1;
    %and;
T_29.64;
    %cmp/u;
    %jmp/1 T_29.61, 6;
    %jmp T_29.62;
T_29.58 ;
    %load/vec4 v0x8fb1055e0_0;
    %parti/s 32, 0, 2;
    %assign/vec4 v0x8fb10cc80_0, 0;
    %jmp T_29.62;
T_29.59 ;
    %load/vec4 v0x8fb1055e0_0;
    %parti/s 32, 32, 7;
    %assign/vec4 v0x8fb10cc80_0, 0;
    %jmp T_29.62;
T_29.60 ;
    %load/vec4 v0x8fb105680_0;
    %parti/s 32, 0, 2;
    %assign/vec4 v0x8fb10cc80_0, 0;
    %jmp T_29.62;
T_29.61 ;
    %load/vec4 v0x8fb105680_0;
    %parti/s 32, 32, 7;
    %assign/vec4 v0x8fb10cc80_0, 0;
    %jmp T_29.62;
T_29.62 ;
    %pop/vec4 1;
    %pushi/vec4 1, 0, 1;
    %assign/vec4 v0x8fb10a1c0_0, 0;
    %pushi/vec4 64, 0, 8;
    %assign/vec4 v0x8fb105720_0, 0;
    %jmp T_29.47;
T_29.36 ;
    %load/vec4 v0x8fb107ca0_0;
    %flag_set/vec4 8;
    %jmp/0 T_29.65, 8;
    %pushi/vec4 0, 0, 32;
    %jmp/1 T_29.66, 8;
T_29.65 ; End of true expr.
    %load/vec4 v0x8fb10cd20_0;
    %jmp/0 T_29.66, 8;
 ; End of false expr.
    %blend;
T_29.66;
    %assign/vec4 v0x8fb10cb40_0, 0;
    %load/vec4 v0x8fb1068a0_0;
    %assign/vec4 v0x8fb10cbe0_0, 0;
    %load/vec4 v0x8fb10a4e0_0;
    %assign/vec4 v0x8fb10a620_0, 0;
    %pushi/vec4 8, 0, 8;
    %assign/vec4 v0x8fb105720_0, 0;
    %jmp T_29.47;
T_29.37 ;
    %load/vec4 v0x8fb105860_0;
    %assign/vec4 v0x8fb10cc80_0, 0;
    %load/vec4 v0x8fb105860_0;
    %assign/vec4 v0x8fb106580_0, 0;
    %pushi/vec4 1, 0, 1;
    %assign/vec4 v0x8fb106620_0, 0;
    %pushi/vec4 1, 0, 1;
    %assign/vec4 v0x8fb10a1c0_0, 0;
    %pushi/vec4 64, 0, 8;
    %assign/vec4 v0x8fb105720_0, 0;
    %jmp T_29.47;
T_29.38 ;
    %load/vec4 v0x8fb105860_0;
    %assign/vec4 v0x8fb10cc80_0, 0;
    %load/vec4 v0x8fb105860_0;
    %assign/vec4 v0x8fb106580_0, 0;
    %pushi/vec4 1, 0, 1;
    %assign/vec4 v0x8fb106620_0, 0;
    %load/vec4 v0x8fb10a080_0;
    %pad/u 32;
    %pushi/vec4 32, 0, 32;
    %or;
    %pad/u 5;
    %assign/vec4 v0x8fb10a080_0, 0;
    %pushi/vec4 1, 0, 1;
    %assign/vec4 v0x8fb10a1c0_0, 0;
    %pushi/vec4 64, 0, 8;
    %assign/vec4 v0x8fb105720_0, 0;
    %jmp T_29.47;
T_29.39 ;
    %pushi/vec4 0, 0, 32;
    %assign/vec4 v0x8fb106f80_0, 0;
    %pushi/vec4 0, 0, 1;
    %assign/vec4 v0x8fb109040_0, 0;
    %pushi/vec4 1, 0, 1;
    %assign/vec4 v0x8fb109d60_0, 0;
    %pushi/vec4 1, 0, 1;
    %assign/vec4 v0x8fb10a1c0_0, 0;
    %load/vec4 v0x8fb105860_0;
    %pushi/vec4 4294967294, 0, 32;
    %and;
    %assign/vec4 v0x8fb10cc80_0, 0;
    %load/vec4 v0x8fb105860_0;
    %assign/vec4 v0x8fb106580_0, 0;
    %pushi/vec4 1, 0, 1;
    %assign/vec4 v0x8fb106620_0, 0;
    %pushi/vec4 64, 0, 8;
    %assign/vec4 v0x8fb105720_0, 0;
    %jmp T_29.47;
T_29.40 ;
    %pushi/vec4 1, 0, 1;
    %assign/vec4 v0x8fb10a1c0_0, 0;
    %load/vec4 v0x8fb109180_0;
    %assign/vec4 v0x8fb10cc80_0, 0;
    %load/vec4 v0x8fb105860_0;
    %pushi/vec4 0, 0, 32;
    %or;
    %assign/vec4 v0x8fb109180_0, 0;
    %load/vec4 v0x8fb105860_0;
    %assign/vec4 v0x8fb106580_0, 0;
    %pushi/vec4 1, 0, 1;
    %assign/vec4 v0x8fb106620_0, 0;
    %pushi/vec4 64, 0, 8;
    %assign/vec4 v0x8fb105720_0, 0;
    %jmp T_29.47;
T_29.41 ;
    %pushi/vec4 1, 0, 1;
    %assign/vec4 v0x8fb10a1c0_0, 0;
    %load/vec4 v0x8fb10d0e0_0;
    %assign/vec4 v0x8fb10cc80_0, 0;
    %load/vec4 v0x8fb105860_0;
    %assign/vec4 v0x8fb10d0e0_0, 0;
    %load/vec4 v0x8fb105860_0;
    %assign/vec4 v0x8fb106580_0, 0;
    %pushi/vec4 1, 0, 1;
    %assign/vec4 v0x8fb106620_0, 0;
    %pushi/vec4 64, 0, 8;
    %assign/vec4 v0x8fb105720_0, 0;
    %jmp T_29.47;
T_29.42 ;
    %load/vec4 v0x8fb105860_0;
    %assign/vec4 v0x8fb10cb40_0, 0;
    %load/vec4 v0x8fb105860_0;
    %assign/vec4 v0x8fb106580_0, 0;
    %pushi/vec4 1, 0, 1;
    %assign/vec4 v0x8fb106620_0, 0;
    %pushi/vec4 1, 0, 8;
    %assign/vec4 v0x8fb105720_0, 0;
    %pushi/vec4 1, 0, 1;
    %assign/vec4 v0x8fb10a620_0, 0;
    %jmp T_29.47;
T_29.43 ;
    %load/vec4 v0x8fb105860_0;
    %assign/vec4 v0x8fb10cb40_0, 0;
    %load/vec4 v0x8fb105860_0;
    %assign/vec4 v0x8fb106580_0, 0;
    %pushi/vec4 1, 0, 1;
    %assign/vec4 v0x8fb106620_0, 0;
    %load/vec4 v0x8fb106bc0_0;
    %assign/vec4 v0x8fb10cdc0_0, 0;
    %pushi/vec4 4, 0, 8;
    %assign/vec4 v0x8fb105720_0, 0;
    %jmp T_29.47;
T_29.44 ;
    %load/vec4 v0x8fb105860_0;
    %assign/vec4 v0x8fb10cb40_0, 0;
    %load/vec4 v0x8fb105860_0;
    %assign/vec4 v0x8fb106580_0, 0;
    %pushi/vec4 1, 0, 1;
    %assign/vec4 v0x8fb106620_0, 0;
    %load/vec4 v0x8fb109ae0_0;
    %flag_set/vec4 9;
    %flag_get/vec4 9;
    %jmp/0 T_29.69, 9;
    %pushi/vec4 0, 0, 1;
    %and;
T_29.69;
    %flag_set/vec4 8;
    %jmp/0 T_29.67, 8;
    %load/vec4 v0x8fb106bc0_0;
    %pad/u 32;
    %jmp/1 T_29.68, 8;
T_29.67 ; End of true expr.
    %load/vec4 v0x8fb1068a0_0;
    %jmp/0 T_29.68, 8;
 ; End of false expr.
    %blend;
T_29.68;
    %assign/vec4 v0x8fb10cbe0_0, 0;
    %load/vec4 v0x8fb10a4e0_0;
    %assign/vec4 v0x8fb10a620_0, 0;
    %pushi/vec4 8, 0, 8;
    %assign/vec4 v0x8fb105720_0, 0;
    %jmp T_29.47;
T_29.45 ;
    %load/vec4 v0x8fb105860_0;
    %assign/vec4 v0x8fb10cb40_0, 0;
    %load/vec4 v0x8fb105860_0;
    %assign/vec4 v0x8fb106580_0, 0;
    %pushi/vec4 1, 0, 1;
    %assign/vec4 v0x8fb106620_0, 0;
    %load/vec4 v0x8fb109ae0_0;
    %flag_set/vec4 9;
    %flag_get/vec4 9;
    %jmp/0 T_29.72, 9;
    %pushi/vec4 0, 0, 1;
    %and;
T_29.72;
    %flag_set/vec4 8;
    %jmp/0 T_29.70, 8;
    %load/vec4 v0x8fb106bc0_0;
    %pad/u 32;
    %jmp/1 T_29.71, 8;
T_29.70 ; End of true expr.
    %load/vec4 v0x8fb1068a0_0;
    %jmp/0 T_29.71, 8;
 ; End of false expr.
    %blend;
T_29.71;
    %assign/vec4 v0x8fb10cbe0_0, 0;
    %load/vec4 v0x8fb10a4e0_0;
    %assign/vec4 v0x8fb10a620_0, 0;
    %pushi/vec4 8, 0, 8;
    %assign/vec4 v0x8fb105720_0, 0;
    %jmp T_29.47;
T_29.47 ;
    %pop/vec4 1;
    %jmp T_29.15;
T_29.10 ;
    %load/vec4 v0x8fb105900_0;
    %pad/u 5;
    %assign/vec4 v0x8fb10cdc0_0, 0;
    %load/vec4 v0x8fb105900_0;
    %assign/vec4 v0x8fb10cbe0_0, 0;
    %load/vec4 v0x8fb105900_0;
    %assign/vec4 v0x8fb1066c0_0, 0;
    %pushi/vec4 1, 0, 1;
    %assign/vec4 v0x8fb106760_0, 0;
    %pushi/vec4 1, 0, 1;
    %dup/vec4;
    %pushi/vec4 0, 0, 1;
    %cmp/u;
    %jmp/1 T_29.73, 6;
    %dup/vec4;
    %load/vec4 v0x8fb1099a0_0;
    %cmp/u;
    %jmp/1 T_29.74, 6;
    %dup/vec4;
    %load/vec4 v0x8fb109a40_0;
    %flag_set/vec4 8;
    %flag_get/vec4 8;
    %jmp/0 T_29.78, 8;
    %pushi/vec4 1, 0, 1;
    %and;
T_29.78;
    %cmp/u;
    %jmp/1 T_29.75, 6;
    %load/vec4 v0x8fb10a4e0_0;
    %assign/vec4 v0x8fb10a620_0, 0;
    %pushi/vec4 8, 0, 8;
    %assign/vec4 v0x8fb105720_0, 0;
    %jmp T_29.77;
T_29.73 ;
    %pushi/vec4 1, 0, 1;
    %assign/vec4 v0x8fb10c460_0, 0;
    %load/vec4 v0x8fb10bca0_0;
    %flag_set/vec4 8;
    %jmp/0xz  T_29.79, 8;
    %pushi/vec4 1, 0, 1;
    %assign/vec4 v0x8fb10a620_0, 0;
    %pushi/vec4 0, 0, 1;
    %assign/vec4 v0x8fb10c460_0, 0;
    %load/vec4 v0x8fb10bc00_0;
    %assign/vec4 v0x8fb10cc80_0, 0;
    %load/vec4 v0x8fb10bde0_0;
    %assign/vec4 v0x8fb10a1c0_0, 0;
    %pushi/vec4 64, 0, 8;
    %assign/vec4 v0x8fb105720_0, 0;
    %jmp T_29.80;
T_29.79 ;
    %pushi/vec4 1, 0, 1;
    %flag_set/vec4 9;
    %flag_get/vec4 9;
    %jmp/0 T_29.83, 9;
    %load/vec4 v0x8fb10c3c0_0;
    %flag_set/vec4 9;
    %flag_get/vec4 9;
    %jmp/1 T_29.84, 9;
    %load/vec4 v0x8fb107700_0;
    %or;
T_29.84;
    %and;
T_29.83;
    %flag_set/vec4 8;
    %jmp/0xz  T_29.81, 8;
    %pushi/vec4 0, 0, 1;
    %assign/vec4 v0x8fb10c460_0, 0;
    %pushi/vec4 128, 0, 8;
    %assign/vec4 v0x8fb105720_0, 0;
T_29.81 ;
T_29.80 ;
    %jmp T_29.77;
T_29.74 ;
    %pushi/vec4 2, 0, 8;
    %assign/vec4 v0x8fb105720_0, 0;
    %pushi/vec4 1, 0, 1;
    %assign/vec4 v0x8fb10a620_0, 0;
    %jmp T_29.77;
T_29.75 ;
    %pushi/vec4 4, 0, 8;
    %assign/vec4 v0x8fb105720_0, 0;
    %jmp T_29.77;
T_29.77 ;
    %pop/vec4 1;
    %jmp T_29.15;
T_29.11 ;
    %load/vec4 v0x8fb10cd20_0;
    %load/vec4 v0x8fb1068a0_0;
    %add;
    %assign/vec4 v0x8fb10cc80_0, 0;
    %load/vec4 v0x8fb1094a0_0;
    %flag_set/vec4 8;
    %jmp/0xz  T_29.85, 8;
    %pushi/vec4 0, 0, 5;
    %assign/vec4 v0x8fb10a080_0, 0;
    %load/vec4 v0x8fb104b40_0;
    %assign/vec4 v0x8fb10a1c0_0, 0;
    %load/vec4 v0x8fb104b40_0;
    %assign/vec4 v0x8fb109d60_0, 0;
    %load/vec4 v0x8fb10a760_0;
    %flag_set/vec4 8;
    %jmp/0xz  T_29.87, 8;
    %pushi/vec4 64, 0, 8;
    %assign/vec4 v0x8fb105720_0, 0;
T_29.87 ;
    %load/vec4 v0x8fb104b40_0;
    %flag_set/vec4 8;
    %jmp/0xz  T_29.89, 8;
    %pushi/vec4 0, 0, 1;
    %assign/vec4 v0x8fb106da0_0, 0;
    %pushi/vec4 1, 0, 1;
    %store/vec4 v0x8fb10cfa0_0, 0, 1;
T_29.89 ;
    %jmp T_29.86;
T_29.85 ;
    %load/vec4 v0x8fb107980_0;
    %assign/vec4 v0x8fb109d60_0, 0;
    %pushi/vec4 1, 0, 1;
    %assign/vec4 v0x8fb10a1c0_0, 0;
    %pushi/vec4 1, 0, 1;
    %assign/vec4 v0x8fb10a120_0, 0;
    %pushi/vec4 64, 0, 8;
    %assign/vec4 v0x8fb105720_0, 0;
T_29.86 ;
    %jmp T_29.15;
T_29.12 ;
    %pushi/vec4 1, 0, 1;
    %assign/vec4 v0x8fb10a1c0_0, 0;
    %load/vec4 v0x8fb10cdc0_0;
    %pad/u 32;
    %cmpi/e 0, 0, 32;
    %jmp/0xz  T_29.91, 4;
    %load/vec4 v0x8fb10cb40_0;
    %assign/vec4 v0x8fb10cc80_0, 0;
    %load/vec4 v0x8fb10a4e0_0;
    %assign/vec4 v0x8fb10a620_0, 0;
    %pushi/vec4 64, 0, 8;
    %assign/vec4 v0x8fb105720_0, 0;
    %jmp T_29.92;
T_29.91 ;
    %pushi/vec4 1, 0, 1;
    %flag_set/vec4 9;
    %flag_get/vec4 9;
    %jmp/0 T_29.95, 9;
    %pushi/vec4 4, 0, 32;
    %load/vec4 v0x8fb10cdc0_0;
    %pad/u 32;
    %cmp/u;
    %flag_get/vec4 4;
    %flag_get/vec4 5;
    %or;
    %and;
T_29.95;
    %flag_set/vec4 8;
    %jmp/0xz  T_29.93, 8;
    %pushi/vec4 1, 0, 1;
    %dup/vec4;
    %load/vec4 v0x8fb1085a0_0;
    %flag_set/vec4 8;
    %flag_get/vec4 8;
    %jmp/1 T_29.100, 8;
    %load/vec4 v0x8fb108500_0;
    %or;
T_29.100;
    %cmp/u;
    %jmp/1 T_29.96, 6;
    %dup/vec4;
    %load/vec4 v0x8fb108aa0_0;
    %flag_set/vec4 8;
    %flag_get/vec4 8;
    %jmp/1 T_29.101, 8;
    %load/vec4 v0x8fb108a00_0;
    %or;
T_29.101;
    %cmp/u;
    %jmp/1 T_29.97, 6;
    %dup/vec4;
    %load/vec4 v0x8fb108960_0;
    %flag_set/vec4 8;
    %flag_get/vec4 8;
    %jmp/1 T_29.102, 8;
    %load/vec4 v0x8fb1088c0_0;
    %or;
T_29.102;
    %cmp/u;
    %jmp/1 T_29.98, 6;
    %jmp T_29.99;
T_29.96 ;
    %load/vec4 v0x8fb10cb40_0;
    %ix/load 4, 4, 0;
    %flag_set/imm 4, 0;
    %shiftl 4;
    %assign/vec4 v0x8fb10cb40_0, 0;
    %jmp T_29.99;
T_29.97 ;
    %load/vec4 v0x8fb10cb40_0;
    %ix/load 4, 4, 0;
    %flag_set/imm 4, 0;
    %shiftr 4;
    %assign/vec4 v0x8fb10cb40_0, 0;
    %jmp T_29.99;
T_29.98 ;
    %load/vec4 v0x8fb10cb40_0;
    %ix/load 4, 4, 0;
    %flag_set/imm 4, 0;
    %shiftr/s 4;
    %assign/vec4 v0x8fb10cb40_0, 0;
    %jmp T_29.99;
T_29.99 ;
    %pop/vec4 1;
    %load/vec4 v0x8fb10cdc0_0;
    %subi 4, 0, 5;
    %assign/vec4 v0x8fb10cdc0_0, 0;
    %jmp T_29.94;
T_29.93 ;
    %pushi/vec4 1, 0, 1;
    %dup/vec4;
    %load/vec4 v0x8fb1085a0_0;
    %flag_set/vec4 8;
    %flag_get/vec4 8;
    %jmp/1 T_29.107, 8;
    %load/vec4 v0x8fb108500_0;
    %or;
T_29.107;
    %cmp/u;
    %jmp/1 T_29.103, 6;
    %dup/vec4;
    %load/vec4 v0x8fb108aa0_0;
    %flag_set/vec4 8;
    %flag_get/vec4 8;
    %jmp/1 T_29.108, 8;
    %load/vec4 v0x8fb108a00_0;
    %or;
T_29.108;
    %cmp/u;
    %jmp/1 T_29.104, 6;
    %dup/vec4;
    %load/vec4 v0x8fb108960_0;
    %flag_set/vec4 8;
    %flag_get/vec4 8;
    %jmp/1 T_29.109, 8;
    %load/vec4 v0x8fb1088c0_0;
    %or;
T_29.109;
    %cmp/u;
    %jmp/1 T_29.105, 6;
    %jmp T_29.106;
T_29.103 ;
    %load/vec4 v0x8fb10cb40_0;
    %ix/load 4, 1, 0;
    %flag_set/imm 4, 0;
    %shiftl 4;
    %assign/vec4 v0x8fb10cb40_0, 0;
    %jmp T_29.106;
T_29.104 ;
    %load/vec4 v0x8fb10cb40_0;
    %ix/load 4, 1, 0;
    %flag_set/imm 4, 0;
    %shiftr 4;
    %assign/vec4 v0x8fb10cb40_0, 0;
    %jmp T_29.106;
T_29.105 ;
    %load/vec4 v0x8fb10cb40_0;
    %ix/load 4, 1, 0;
    %flag_set/imm 4, 0;
    %shiftr/s 4;
    %assign/vec4 v0x8fb10cb40_0, 0;
    %jmp T_29.106;
T_29.106 ;
    %pop/vec4 1;
    %load/vec4 v0x8fb10cdc0_0;
    %subi 1, 0, 5;
    %assign/vec4 v0x8fb10cdc0_0, 0;
T_29.94 ;
T_29.92 ;
    %jmp T_29.15;
T_29.13 ;
    %load/vec4 v0x8fb10a4e0_0;
    %nor/r;
    %flag_set/vec4 8;
    %jmp/1 T_29.112, 8;
    %load/vec4 v0x8fb10a760_0;
    %flag_set/vec4 9;
    %flag_or 8, 9;
T_29.112;
    %jmp/0xz  T_29.110, 8;
    %load/vec4 v0x8fb10a6c0_0;
    %nor/r;
    %flag_set/vec4 8;
    %jmp/0xz  T_29.113, 8;
    %pushi/vec4 1, 0, 1;
    %dup/vec4;
    %load/vec4 v0x8fb108320_0;
    %cmp/u;
    %jmp/1 T_29.115, 6;
    %dup/vec4;
    %load/vec4 v0x8fb108460_0;
    %cmp/u;
    %jmp/1 T_29.116, 6;
    %dup/vec4;
    %load/vec4 v0x8fb108be0_0;
    %cmp/u;
    %jmp/1 T_29.117, 6;
    %jmp T_29.118;
T_29.115 ;
    %pushi/vec4 2, 0, 2;
    %assign/vec4 v0x8fb10b480_0, 0;
    %jmp T_29.118;
T_29.116 ;
    %pushi/vec4 1, 0, 2;
    %assign/vec4 v0x8fb10b480_0, 0;
    %jmp T_29.118;
T_29.117 ;
    %pushi/vec4 0, 0, 2;
    %assign/vec4 v0x8fb10b480_0, 0;
    %jmp T_29.118;
T_29.118 ;
    %pop/vec4 1;
    %load/vec4 v0x8fb10cb40_0;
    %load/vec4 v0x8fb1068a0_0;
    %add;
    %assign/vec4 v0x8fb10cb40_0, 0;
    %pushi/vec4 1, 0, 1;
    %store/vec4 v0x8fb10d040_0, 0, 1;
T_29.113 ;
    %load/vec4 v0x8fb10a4e0_0;
    %nor/r;
    %flag_set/vec4 9;
    %flag_get/vec4 9;
    %jmp/0 T_29.121, 9;
    %load/vec4 v0x8fb10a760_0;
    %and;
T_29.121;
    %flag_set/vec4 8;
    %jmp/0xz  T_29.119, 8;
    %pushi/vec4 64, 0, 8;
    %assign/vec4 v0x8fb105720_0, 0;
    %pushi/vec4 1, 0, 1;
    %assign/vec4 v0x8fb106da0_0, 0;
    %pushi/vec4 1, 0, 1;
    %assign/vec4 v0x8fb106c60_0, 0;
T_29.119 ;
T_29.110 ;
    %jmp T_29.15;
T_29.14 ;
    %pushi/vec4 1, 0, 1;
    %assign/vec4 v0x8fb10a1c0_0, 0;
    %load/vec4 v0x8fb10a4e0_0;
    %nor/r;
    %flag_set/vec4 8;
    %jmp/1 T_29.124, 8;
    %load/vec4 v0x8fb10a760_0;
    %flag_set/vec4 9;
    %flag_or 8, 9;
T_29.124;
    %jmp/0xz  T_29.122, 8;
    %load/vec4 v0x8fb10a580_0;
    %nor/r;
    %flag_set/vec4 8;
    %jmp/0xz  T_29.125, 8;
    %pushi/vec4 1, 0, 1;
    %dup/vec4;
    %load/vec4 v0x8fb107a20_0;
    %flag_set/vec4 8;
    %flag_get/vec4 8;
    %jmp/1 T_29.131, 8;
    %load/vec4 v0x8fb107ac0_0;
    %or;
T_29.131;
    %cmp/u;
    %jmp/1 T_29.127, 6;
    %dup/vec4;
    %load/vec4 v0x8fb107b60_0;
    %flag_set/vec4 8;
    %flag_get/vec4 8;
    %jmp/1 T_29.132, 8;
    %load/vec4 v0x8fb107c00_0;
    %or;
T_29.132;
    %cmp/u;
    %jmp/1 T_29.128, 6;
    %dup/vec4;
    %load/vec4 v0x8fb107d40_0;
    %cmp/u;
    %jmp/1 T_29.129, 6;
    %jmp T_29.130;
T_29.127 ;
    %pushi/vec4 2, 0, 2;
    %assign/vec4 v0x8fb10b480_0, 0;
    %jmp T_29.130;
T_29.128 ;
    %pushi/vec4 1, 0, 2;
    %assign/vec4 v0x8fb10b480_0, 0;
    %jmp T_29.130;
T_29.129 ;
    %pushi/vec4 0, 0, 2;
    %assign/vec4 v0x8fb10b480_0, 0;
    %jmp T_29.130;
T_29.130 ;
    %pop/vec4 1;
    %load/vec4 v0x8fb109720_0;
    %assign/vec4 v0x8fb109fe0_0, 0;
    %load/vec4 v0x8fb107b60_0;
    %assign/vec4 v0x8fb109f40_0, 0;
    %load/vec4 v0x8fb107a20_0;
    %assign/vec4 v0x8fb109ea0_0, 0;
    %load/vec4 v0x8fb10cb40_0;
    %load/vec4 v0x8fb1068a0_0;
    %add;
    %assign/vec4 v0x8fb10cb40_0, 0;
    %pushi/vec4 1, 0, 1;
    %store/vec4 v0x8fb10cf00_0, 0, 1;
T_29.125 ;
    %load/vec4 v0x8fb10a4e0_0;
    %nor/r;
    %flag_set/vec4 9;
    %flag_get/vec4 9;
    %jmp/0 T_29.135, 9;
    %load/vec4 v0x8fb10a760_0;
    %and;
T_29.135;
    %flag_set/vec4 8;
    %jmp/0xz  T_29.133, 8;
    %pushi/vec4 1, 0, 1;
    %dup/vec4;
    %load/vec4 v0x8fb109fe0_0;
    %cmp/u;
    %jmp/1 T_29.136, 6;
    %dup/vec4;
    %load/vec4 v0x8fb109f40_0;
    %cmp/u;
    %jmp/1 T_29.137, 6;
    %dup/vec4;
    %load/vec4 v0x8fb109ea0_0;
    %cmp/u;
    %jmp/1 T_29.138, 6;
    %jmp T_29.139;
T_29.136 ;
    %load/vec4 v0x8fb10b160_0;
    %assign/vec4 v0x8fb10cc80_0, 0;
    %jmp T_29.139;
T_29.137 ;
    %load/vec4 v0x8fb10b160_0;
    %parti/s 16, 0, 2;
    %pad/s 32;
    %assign/vec4 v0x8fb10cc80_0, 0;
    %jmp T_29.139;
T_29.138 ;
    %load/vec4 v0x8fb10b160_0;
    %parti/s 8, 0, 2;
    %pad/s 32;
    %assign/vec4 v0x8fb10cc80_0, 0;
    %jmp T_29.139;
T_29.139 ;
    %pop/vec4 1;
    %pushi/vec4 1, 0, 1;
    %assign/vec4 v0x8fb106da0_0, 0;
    %pushi/vec4 1, 0, 1;
    %assign/vec4 v0x8fb106c60_0, 0;
    %pushi/vec4 64, 0, 8;
    %assign/vec4 v0x8fb105720_0, 0;
T_29.133 ;
T_29.122 ;
    %jmp T_29.15;
T_29.15 ;
    %pop/vec4 1;
T_29.6 ;
    %pushi/vec4 1, 0, 1;
    %flag_set/vec4 10;
    %flag_get/vec4 10;
    %jmp/0 T_29.143, 10;
    %load/vec4 v0x8fb10ce60_0;
    %and;
T_29.143;
    %flag_set/vec4 9;
    %flag_get/vec4 9;
    %jmp/0 T_29.142, 9;
    %load/vec4 v0x8fb10a580_0;
    %flag_set/vec4 9;
    %flag_get/vec4 9;
    %jmp/1 T_29.144, 9;
    %load/vec4 v0x8fb10a6c0_0;
    %or;
T_29.144;
    %and;
T_29.142;
    %flag_set/vec4 8;
    %jmp/0xz  T_29.140, 8;
    %load/vec4 v0x8fb10b480_0;
    %pad/u 32;
    %cmpi/e 0, 0, 32;
    %flag_get/vec4 4;
    %jmp/0 T_29.147, 4;
    %load/vec4 v0x8fb10cb40_0;
    %parti/s 2, 0, 2;
    %pad/u 32;
    %pushi/vec4 0, 0, 32;
    %cmp/ne;
    %flag_get/vec4 4;
    %and;
T_29.147;
    %flag_set/vec4 8;
    %jmp/0xz  T_29.145, 8;
    %pushi/vec4 128, 0, 8;
    %assign/vec4 v0x8fb105720_0, 0;
T_29.145 ;
    %load/vec4 v0x8fb10b480_0;
    %pad/u 32;
    %cmpi/e 1, 0, 32;
    %flag_get/vec4 4;
    %jmp/0 T_29.150, 4;
    %load/vec4 v0x8fb10cb40_0;
    %parti/s 1, 0, 2;
    %pad/u 32;
    %pushi/vec4 0, 0, 32;
    %cmp/ne;
    %flag_get/vec4 4;
    %and;
T_29.150;
    %flag_set/vec4 8;
    %jmp/0xz  T_29.148, 8;
    %pushi/vec4 128, 0, 8;
    %assign/vec4 v0x8fb105720_0, 0;
T_29.148 ;
T_29.140 ;
    %pushi/vec4 1, 0, 1;
    %flag_set/vec4 11;
    %flag_get/vec4 11;
    %jmp/0 T_29.155, 11;
    %load/vec4 v0x8fb10ce60_0;
    %and;
T_29.155;
    %flag_set/vec4 10;
    %flag_get/vec4 10;
    %jmp/0 T_29.154, 10;
    %load/vec4 v0x8fb10a620_0;
    %and;
T_29.154;
    %flag_set/vec4 9;
    %flag_get/vec4 9;
    %jmp/0 T_29.153, 9;
    %load/vec4 v0x8fb10cd20_0;
    %parti/s 2, 0, 2;
    %or/r;
    %and;
T_29.153;
    %flag_set/vec4 8;
    %jmp/0xz  T_29.151, 8;
    %pushi/vec4 128, 0, 8;
    %assign/vec4 v0x8fb105720_0, 0;
T_29.151 ;
    %load/vec4 v0x8fb10ce60_0;
    %nor/r;
    %flag_set/vec4 8;
    %jmp/1 T_29.158, 8;
    %load/vec4 v0x8fb10a760_0;
    %flag_set/vec4 9;
    %flag_or 8, 9;
T_29.158;
    %jmp/0xz  T_29.156, 8;
    %pushi/vec4 0, 0, 1;
    %assign/vec4 v0x8fb10a4e0_0, 0;
    %pushi/vec4 0, 0, 1;
    %assign/vec4 v0x8fb10a620_0, 0;
    %pushi/vec4 0, 0, 1;
    %assign/vec4 v0x8fb10a580_0, 0;
    %pushi/vec4 0, 0, 1;
    %assign/vec4 v0x8fb10a6c0_0, 0;
T_29.156 ;
    %load/vec4 v0x8fb10cfa0_0;
    %flag_set/vec4 8;
    %jmp/0xz  T_29.159, 8;
    %pushi/vec4 1, 0, 1;
    %assign/vec4 v0x8fb10a620_0, 0;
T_29.159 ;
    %load/vec4 v0x8fb10cf00_0;
    %flag_set/vec4 8;
    %jmp/0xz  T_29.161, 8;
    %pushi/vec4 1, 0, 1;
    %assign/vec4 v0x8fb10a580_0, 0;
T_29.161 ;
    %load/vec4 v0x8fb10d040_0;
    %flag_set/vec4 8;
    %jmp/0xz  T_29.163, 8;
    %pushi/vec4 1, 0, 1;
    %assign/vec4 v0x8fb10a6c0_0, 0;
T_29.163 ;
    %load/vec4 v0x8fb10b7a0_0;
    %pushi/vec4 4294967295, 0, 32;
    %and;
    %assign/vec4 v0x8fb109220_0, 0;
    %pushi/vec4 4294967295, 4294967295, 32;
    %store/vec4 v0x8fb105ae0_0, 0, 32;
    %jmp T_29;
    .thread T_29;
    .scope S_0x104e04a00;
T_30 ;
    %wait E_0x8fb0d2900;
    %load/vec4 v0x8fb10f700_0;
    %flag_set/vec4 8;
    %jmp/0xz  T_30.0, 8;
    %load/vec4 v0x8fb10f660_0;
    %load/vec4 v0x8fb10f5c0_0;
    %parti/s 5, 0, 2;
    %inv;
    %pad/u 7;
    %ix/vec4 3;
    %ix/load 4, 0, 0; Constant delay
    %assign/vec4/a/d v0x8fb10f520, 0, 4;
T_30.0 ;
    %jmp T_30;
    .thread T_30;
    .scope S_0x8fa4d8f00;
T_31 ;
    %wait E_0x8fb0d2c00;
    %load/vec4 v0x8fb1159a0_0;
    %flag_set/vec4 8;
    %jmp/0 T_31.0, 8;
    %load/vec4 v0x8fb1199a0_0;
    %load/vec4 v0x8fb119a40_0;
    %sub;
    %jmp/1 T_31.1, 8;
T_31.0 ; End of true expr.
    %load/vec4 v0x8fb1199a0_0;
    %load/vec4 v0x8fb119a40_0;
    %add;
    %jmp/0 T_31.1, 8;
 ; End of false expr.
    %blend;
T_31.1;
    %store/vec4 v0x8fb111680_0, 0, 32;
    %load/vec4 v0x8fb1199a0_0;
    %load/vec4 v0x8fb119a40_0;
    %cmp/e;
    %flag_get/vec4 4;
    %store/vec4 v0x8fb111720_0, 0, 1;
    %load/vec4 v0x8fb1199a0_0;
    %load/vec4 v0x8fb119a40_0;
    %cmp/s;
    %flag_get/vec4 5;
    %store/vec4 v0x8fb1117c0_0, 0, 1;
    %load/vec4 v0x8fb1199a0_0;
    %load/vec4 v0x8fb119a40_0;
    %cmp/u;
    %flag_get/vec4 5;
    %store/vec4 v0x8fb111860_0, 0, 1;
    %load/vec4 v0x8fb1199a0_0;
    %load/vec4 v0x8fb119a40_0;
    %parti/s 5, 0, 2;
    %ix/vec4 4;
    %shiftl 4;
    %store/vec4 v0x8fb111b80_0, 0, 32;
    %load/vec4 v0x8fb115720_0;
    %flag_set/vec4 8;
    %jmp/1 T_31.4, 8;
    %load/vec4 v0x8fb1157c0_0;
    %flag_set/vec4 9;
    %flag_or 8, 9;
T_31.4;
    %jmp/0 T_31.2, 8;
    %load/vec4 v0x8fb1199a0_0;
    %parti/s 1, 31, 6;
    %jmp/1 T_31.3, 8;
T_31.2 ; End of true expr.
    %pushi/vec4 0, 0, 1;
    %jmp/0 T_31.3, 8;
 ; End of false expr.
    %blend;
T_31.3;
    %load/vec4 v0x8fb1199a0_0;
    %concat/vec4; draw_concat_vec4
    %load/vec4 v0x8fb119a40_0;
    %parti/s 5, 0, 2;
    %ix/vec4 4;
    %shiftr/s 4;
    %pad/s 32;
    %store/vec4 v0x8fb111c20_0, 0, 32;
    %jmp T_31;
    .thread T_31, $push;
    .scope S_0x8fa4d8900;
T_32 ;
    %end;
    .thread T_32;
    .scope S_0x8fa4d8900;
T_33 ;
    %wait E_0x8fb0d2bc0;
    %pushi/vec4 0, 0, 1;
    %store/vec4 v0x8fb118c80_0, 0, 1;
    %pushi/vec4 4294967295, 4294967295, 32;
    %store/vec4 v0x8fb118aa0_0, 0, 32;
    %pushi/vec4 0, 0, 1;
    %store/vec4 v0x8fb118be0_0, 0, 1;
    %pushi/vec4 0, 0, 1;
    %store/vec4 v0x8fb118b40_0, 0, 1;
    %pushi/vec4 1, 0, 1;
    %dup/vec4;
    %pushi/vec4 0, 0, 1;
    %cmp/u;
    %jmp/1 T_33.0, 6;
    %dup/vec4;
    %pushi/vec4 0, 0, 1;
    %cmp/u;
    %jmp/1 T_33.1, 6;
    %dup/vec4;
    %pushi/vec4 0, 0, 1;
    %cmp/u;
    %jmp/1 T_33.2, 6;
    %jmp T_33.3;
T_33.0 ;
    %pushi/vec4 0, 0, 1;
    %store/vec4 v0x8fb118c80_0, 0, 1;
    %pushi/vec4 0, 0, 32;
    %store/vec4 v0x8fb118aa0_0, 0, 32;
    %jmp T_33.3;
T_33.1 ;
    %load/vec4 v0x8fb118f00_0;
    %store/vec4 v0x8fb118c80_0, 0, 1;
    %load/vec4 v0x8fb118d20_0;
    %store/vec4 v0x8fb118aa0_0, 0, 32;
    %jmp T_33.3;
T_33.2 ;
    %load/vec4 v0x8fb118960_0;
    %store/vec4 v0x8fb118c80_0, 0, 1;
    %load/vec4 v0x8fb118780_0;
    %store/vec4 v0x8fb118aa0_0, 0, 32;
    %jmp T_33.3;
T_33.3 ;
    %pop/vec4 1;
    %jmp T_33;
    .thread T_33, $push;
    .scope S_0x8fa4d8900;
T_34 ;
    %wait E_0x8fb0d2980;
    %load/vec4 v0x8fb119cc0_0;
    %nor/r;
    %flag_set/vec4 8;
    %jmp/0xz  T_34.0, 8;
    %pushi/vec4 0, 0, 1;
    %assign/vec4 v0x8fb117840_0, 0;
    %pushi/vec4 0, 0, 1;
    %assign/vec4 v0x8fb116b20_0, 0;
    %jmp T_34.1;
T_34.0 ;
    %load/vec4 v0x8fb116b20_0;
    %nor/r;
    %flag_set/vec4 8;
    %jmp/0xz  T_34.2, 8;
    %load/vec4 v0x8fb1177a0_0;
    %assign/vec4 v0x8fb117840_0, 0;
T_34.2 ;
    %load/vec4 v0x8fb1181e0_0;
    %flag_set/vec4 8;
    %flag_get/vec4 8;
    %jmp/0 T_34.4, 8;
    %load/vec4 v0x8fb1180a0_0;
    %nor/r;
    %and;
T_34.4;
    %assign/vec4 v0x8fb116b20_0, 0;
T_34.1 ;
    %jmp T_34;
    .thread T_34;
    .scope S_0x8fa4d8900;
T_35 ;
    %wait E_0x8fb0d2b80;
    %load/vec4 v0x8fb118320_0;
    %dup/vec4;
    %pushi/vec4 0, 0, 2;
    %cmp/u;
    %jmp/1 T_35.0, 6;
    %dup/vec4;
    %pushi/vec4 1, 0, 2;
    %cmp/u;
    %jmp/1 T_35.1, 6;
    %dup/vec4;
    %pushi/vec4 2, 0, 2;
    %cmp/u;
    %jmp/1 T_35.2, 6;
    %jmp T_35.3;
T_35.0 ;
    %load/vec4 v0x8fb119a40_0;
    %store/vec4 v0x8fb117b60_0, 0, 32;
    %pushi/vec4 15, 0, 4;
    %store/vec4 v0x8fb117ca0_0, 0, 4;
    %load/vec4 v0x8fb117d40_0;
    %store/vec4 v0x8fb118000_0, 0, 32;
    %jmp T_35.3;
T_35.1 ;
    %load/vec4 v0x8fb119a40_0;
    %parti/s 16, 0, 2;
    %replicate 2;
    %store/vec4 v0x8fb117b60_0, 0, 32;
    %load/vec4 v0x8fb1199a0_0;
    %parti/s 1, 1, 2;
    %flag_set/vec4 8;
    %jmp/0 T_35.4, 8;
    %pushi/vec4 12, 0, 4;
    %jmp/1 T_35.5, 8;
T_35.4 ; End of true expr.
    %pushi/vec4 3, 0, 4;
    %jmp/0 T_35.5, 8;
 ; End of false expr.
    %blend;
T_35.5;
    %store/vec4 v0x8fb117ca0_0, 0, 4;
    %load/vec4 v0x8fb1199a0_0;
    %parti/s 1, 1, 2;
    %dup/vec4;
    %pushi/vec4 0, 0, 1;
    %cmp/u;
    %jmp/1 T_35.6, 6;
    %dup/vec4;
    %pushi/vec4 1, 0, 1;
    %cmp/u;
    %jmp/1 T_35.7, 6;
    %jmp T_35.8;
T_35.6 ;
    %pushi/vec4 0, 0, 16;
    %load/vec4 v0x8fb117d40_0;
    %parti/s 16, 0, 2;
    %concat/vec4; draw_concat_vec4
    %store/vec4 v0x8fb118000_0, 0, 32;
    %jmp T_35.8;
T_35.7 ;
    %pushi/vec4 0, 0, 16;
    %load/vec4 v0x8fb117d40_0;
    %parti/s 16, 16, 6;
    %concat/vec4; draw_concat_vec4
    %store/vec4 v0x8fb118000_0, 0, 32;
    %jmp T_35.8;
T_35.8 ;
    %pop/vec4 1;
    %jmp T_35.3;
T_35.2 ;
    %load/vec4 v0x8fb119a40_0;
    %parti/s 8, 0, 2;
    %replicate 4;
    %store/vec4 v0x8fb117b60_0, 0, 32;
    %pushi/vec4 1, 0, 4;
    %load/vec4 v0x8fb1199a0_0;
    %parti/s 2, 0, 2;
    %ix/vec4 4;
    %shiftl 4;
    %store/vec4 v0x8fb117ca0_0, 0, 4;
    %load/vec4 v0x8fb1199a0_0;
    %parti/s 2, 0, 2;
    %dup/vec4;
    %pushi/vec4 0, 0, 2;
    %cmp/u;
    %jmp/1 T_35.9, 6;
    %dup/vec4;
    %pushi/vec4 1, 0, 2;
    %cmp/u;
    %jmp/1 T_35.10, 6;
    %dup/vec4;
    %pushi/vec4 2, 0, 2;
    %cmp/u;
    %jmp/1 T_35.11, 6;
    %dup/vec4;
    %pushi/vec4 3, 0, 2;
    %cmp/u;
    %jmp/1 T_35.12, 6;
    %jmp T_35.13;
T_35.9 ;
    %pushi/vec4 0, 0, 24;
    %load/vec4 v0x8fb117d40_0;
    %parti/s 8, 0, 2;
    %concat/vec4; draw_concat_vec4
    %store/vec4 v0x8fb118000_0, 0, 32;
    %jmp T_35.13;
T_35.10 ;
    %pushi/vec4 0, 0, 24;
    %load/vec4 v0x8fb117d40_0;
    %parti/s 8, 8, 5;
    %concat/vec4; draw_concat_vec4
    %store/vec4 v0x8fb118000_0, 0, 32;
    %jmp T_35.13;
T_35.11 ;
    %pushi/vec4 0, 0, 24;
    %load/vec4 v0x8fb117d40_0;
    %parti/s 8, 16, 6;
    %concat/vec4; draw_concat_vec4
    %store/vec4 v0x8fb118000_0, 0, 32;
    %jmp T_35.13;
T_35.12 ;
    %pushi/vec4 0, 0, 24;
    %load/vec4 v0x8fb117d40_0;
    %parti/s 8, 24, 6;
    %concat/vec4; draw_concat_vec4
    %store/vec4 v0x8fb118000_0, 0, 32;
    %jmp T_35.13;
T_35.13 ;
    %pop/vec4 1;
    %jmp T_35.3;
T_35.3 ;
    %pop/vec4 1;
    %jmp T_35;
    .thread T_35, $push;
    .scope S_0x8fa4d8900;
T_36 ;
    %wait E_0x8fb0d2980;
    %load/vec4 v0x8fb118460_0;
    %flag_set/vec4 8;
    %jmp/0xz  T_36.0, 8;
    %load/vec4 v0x8fb117d40_0;
    %assign/vec4 v0x8fb117f20_0, 0;
    %load/vec4 v0x8fb117d40_0;
    %assign/vec4 v0x8fb1185a0_0, 0;
T_36.0 ;
    %jmp T_36;
    .thread T_36;
    .scope S_0x8fa4d8900;
T_37 ;
    %wait E_0x8fb0d2980;
    %load/vec4 v0x8fb119cc0_0;
    %flag_set/vec4 9;
    %flag_get/vec4 9;
    %jmp/0 T_37.2, 9;
    %load/vec4 v0x8fb11a120_0;
    %nor/r;
    %and;
T_37.2;
    %flag_set/vec4 8;
    %jmp/0xz  T_37.0, 8;
    %load/vec4 v0x8fb117340_0;
    %flag_set/vec4 8;
    %jmp/1 T_37.6, 8;
    %load/vec4 v0x8fb117480_0;
    %flag_set/vec4 9;
    %flag_or 8, 9;
T_37.6;
    %jmp/1 T_37.5, 8;
    %load/vec4 v0x8fb1173e0_0;
    %flag_set/vec4 9;
    %flag_or 8, 9;
T_37.5;
    %jmp/0xz  T_37.3, 8;
    %fork TD_picorv32_wb.picorv32_core.empty_statement, S_0x8fa4d8a80;
    %join;
T_37.3 ;
    %load/vec4 v0x8fb117340_0;
    %flag_set/vec4 8;
    %jmp/1 T_37.9, 8;
    %load/vec4 v0x8fb117480_0;
    %flag_set/vec4 9;
    %flag_or 8, 9;
T_37.9;
    %jmp/0xz  T_37.7, 8;
    %fork TD_picorv32_wb.picorv32_core.empty_statement, S_0x8fa4d8a80;
    %join;
T_37.7 ;
    %load/vec4 v0x8fb1173e0_0;
    %flag_set/vec4 8;
    %jmp/0xz  T_37.10, 8;
    %fork TD_picorv32_wb.picorv32_core.empty_statement, S_0x8fa4d8a80;
    %join;
T_37.10 ;
    %load/vec4 v0x8fb117520_0;
    %flag_set/vec4 8;
    %jmp/0xz  T_37.12, 8;
    %fork TD_picorv32_wb.picorv32_core.empty_statement, S_0x8fa4d8a80;
    %join;
T_37.12 ;
    %load/vec4 v0x8fb118140_0;
    %pad/u 32;
    %cmpi/e 2, 0, 32;
    %jmp/1 T_37.16, 4;
    %flag_mov 8, 4;
    %load/vec4 v0x8fb118140_0;
    %pad/u 32;
    %cmpi/e 3, 0, 32;
    %flag_or 4, 8;
T_37.16;
    %jmp/0xz  T_37.14, 4;
    %fork TD_picorv32_wb.picorv32_core.empty_statement, S_0x8fa4d8a80;
    %join;
T_37.14 ;
T_37.0 ;
    %jmp T_37;
    .thread T_37;
    .scope S_0x8fa4d8900;
T_38 ;
    %wait E_0x8fb0d2980;
    %load/vec4 v0x8fb119cc0_0;
    %nor/r;
    %flag_set/vec4 8;
    %jmp/1 T_38.2, 8;
    %load/vec4 v0x8fb11a120_0;
    %flag_set/vec4 9;
    %flag_or 8, 9;
T_38.2;
    %jmp/0xz  T_38.0, 8;
    %load/vec4 v0x8fb119cc0_0;
    %nor/r;
    %flag_set/vec4 8;
    %jmp/0xz  T_38.3, 8;
    %pushi/vec4 0, 0, 2;
    %assign/vec4 v0x8fb118140_0, 0;
T_38.3 ;
    %load/vec4 v0x8fb119cc0_0;
    %nor/r;
    %flag_set/vec4 8;
    %jmp/1 T_38.7, 8;
    %load/vec4 v0x8fb1180a0_0;
    %flag_set/vec4 9;
    %flag_or 8, 9;
T_38.7;
    %jmp/0xz  T_38.5, 8;
    %pushi/vec4 0, 0, 1;
    %assign/vec4 v0x8fb1181e0_0, 0;
T_38.5 ;
    %pushi/vec4 0, 0, 1;
    %assign/vec4 v0x8fb117a20_0, 0;
    %pushi/vec4 0, 0, 1;
    %assign/vec4 v0x8fb1194a0_0, 0;
    %jmp T_38.1;
T_38.0 ;
    %load/vec4 v0x8fb117980_0;
    %flag_set/vec4 8;
    %jmp/1 T_38.10, 8;
    %load/vec4 v0x8fb117c00_0;
    %flag_set/vec4 9;
    %flag_or 8, 9;
T_38.10;
    %jmp/0xz  T_38.8, 8;
    %load/vec4 v0x8fb117700_0;
    %assign/vec4 v0x8fb117200_0, 0;
    %load/vec4 v0x8fb117ca0_0;
    %load/vec4 v0x8fb117c00_0;
    %replicate 4;
    %and;
    %assign/vec4 v0x8fb1183c0_0, 0;
T_38.8 ;
    %load/vec4 v0x8fb117c00_0;
    %flag_set/vec4 8;
    %jmp/0xz  T_38.11, 8;
    %load/vec4 v0x8fb117b60_0;
    %assign/vec4 v0x8fb118280_0, 0;
T_38.11 ;
    %load/vec4 v0x8fb118140_0;
    %dup/vec4;
    %pushi/vec4 0, 0, 2;
    %cmp/u;
    %jmp/1 T_38.13, 6;
    %dup/vec4;
    %pushi/vec4 1, 0, 2;
    %cmp/u;
    %jmp/1 T_38.14, 6;
    %dup/vec4;
    %pushi/vec4 2, 0, 2;
    %cmp/u;
    %jmp/1 T_38.15, 6;
    %dup/vec4;
    %pushi/vec4 3, 0, 2;
    %cmp/u;
    %jmp/1 T_38.16, 6;
    %jmp T_38.17;
T_38.13 ;
    %load/vec4 v0x8fb117340_0;
    %flag_set/vec4 8;
    %jmp/1 T_38.21, 8;
    %load/vec4 v0x8fb117480_0;
    %flag_set/vec4 9;
    %flag_or 8, 9;
T_38.21;
    %jmp/1 T_38.20, 8;
    %load/vec4 v0x8fb1173e0_0;
    %flag_set/vec4 9;
    %flag_or 8, 9;
T_38.20;
    %jmp/0xz  T_38.18, 8;
    %load/vec4 v0x8fb117ac0_0;
    %nor/r;
    %assign/vec4 v0x8fb1181e0_0, 0;
    %load/vec4 v0x8fb117340_0;
    %flag_set/vec4 8;
    %flag_get/vec4 8;
    %jmp/1 T_38.22, 8;
    %load/vec4 v0x8fb117480_0;
    %or;
T_38.22;
    %assign/vec4 v0x8fb117660_0, 0;
    %pushi/vec4 0, 0, 4;
    %assign/vec4 v0x8fb1183c0_0, 0;
    %pushi/vec4 1, 0, 2;
    %assign/vec4 v0x8fb118140_0, 0;
T_38.18 ;
    %load/vec4 v0x8fb117520_0;
    %flag_set/vec4 8;
    %jmp/0xz  T_38.23, 8;
    %pushi/vec4 1, 0, 1;
    %assign/vec4 v0x8fb1181e0_0, 0;
    %pushi/vec4 0, 0, 1;
    %assign/vec4 v0x8fb117660_0, 0;
    %pushi/vec4 2, 0, 2;
    %assign/vec4 v0x8fb118140_0, 0;
T_38.23 ;
    %jmp T_38.17;
T_38.14 ;
    %fork TD_picorv32_wb.picorv32_core.empty_statement, S_0x8fa4d8a80;
    %join;
    %fork TD_picorv32_wb.picorv32_core.empty_statement, S_0x8fa4d8a80;
    %join;
    %fork TD_picorv32_wb.picorv32_core.empty_statement, S_0x8fa4d8a80;
    %join;
    %fork TD_picorv32_wb.picorv32_core.empty_statement, S_0x8fa4d8a80;
    %join;
    %load/vec4 v0x8fb118460_0;
    %flag_set/vec4 8;
    %jmp/0xz  T_38.25, 8;
    %pushi/vec4 0, 0, 1;
    %assign/vec4 v0x8fb1181e0_0, 0;
    %pushi/vec4 0, 0, 1;
    %assign/vec4 v0x8fb117a20_0, 0;
    %load/vec4 v0x8fb117480_0;
    %flag_set/vec4 8;
    %jmp/1 T_38.29, 8;
    %load/vec4 v0x8fb1173e0_0;
    %flag_set/vec4 9;
    %flag_or 8, 9;
T_38.29;
    %jmp/0 T_38.27, 8;
    %pushi/vec4 0, 0, 3;
    %jmp/1 T_38.28, 8;
T_38.27 ; End of true expr.
    %pushi/vec4 3, 0, 3;
    %jmp/0 T_38.28, 8;
 ; End of false expr.
    %blend;
T_38.28;
    %pad/s 2;
    %assign/vec4 v0x8fb118140_0, 0;
T_38.25 ;
    %jmp T_38.17;
T_38.15 ;
    %fork TD_picorv32_wb.picorv32_core.empty_statement, S_0x8fa4d8a80;
    %join;
    %fork TD_picorv32_wb.picorv32_core.empty_statement, S_0x8fa4d8a80;
    %join;
    %load/vec4 v0x8fb118460_0;
    %flag_set/vec4 8;
    %jmp/0xz  T_38.30, 8;
    %pushi/vec4 0, 0, 1;
    %assign/vec4 v0x8fb1181e0_0, 0;
    %pushi/vec4 0, 0, 2;
    %assign/vec4 v0x8fb118140_0, 0;
T_38.30 ;
    %jmp T_38.17;
T_38.16 ;
    %fork TD_picorv32_wb.picorv32_core.empty_statement, S_0x8fa4d8a80;
    %join;
    %fork TD_picorv32_wb.picorv32_core.empty_statement, S_0x8fa4d8a80;
    %join;
    %load/vec4 v0x8fb117480_0;
    %flag_set/vec4 8;
    %jmp/0xz  T_38.32, 8;
    %pushi/vec4 0, 0, 2;
    %assign/vec4 v0x8fb118140_0, 0;
T_38.32 ;
    %jmp T_38.17;
T_38.17 ;
    %pop/vec4 1;
T_38.1 ;
    %load/vec4 v0x8fb1121c0_0;
    %flag_set/vec4 8;
    %jmp/0xz  T_38.34, 8;
    %pushi/vec4 0, 0, 1;
    %assign/vec4 v0x8fb1194a0_0, 0;
T_38.34 ;
    %jmp T_38;
    .thread T_38;
    .scope S_0x8fa4d8900;
T_39 ;
    %wait E_0x8fb0d2b40;
    %pushi/vec4 0, 0, 32; draw_string_vec4
    %pushi/vec4 0, 0, 32; draw_string_vec4
    %concat/vec4; draw_string_vec4
    %store/vec4 v0x8fb118500_0, 0, 64;
    %load/vec4 v0x8fb114b40_0;
    %flag_set/vec4 8;
    %jmp/0xz  T_39.0, 8;
    %pushi/vec4 0, 0, 32; draw_string_vec4
    %pushi/vec4 7107945, 0, 32; draw_string_vec4
    %concat/vec4; draw_string_vec4
    %store/vec4 v0x8fb118500_0, 0, 64;
T_39.0 ;
    %load/vec4 v0x8fb114140_0;
    %flag_set/vec4 8;
    %jmp/0xz  T_39.2, 8;
    %pushi/vec4 97, 0, 32; draw_string_vec4
    %pushi/vec4 1969844323, 0, 32; draw_string_vec4
    %concat/vec4; draw_string_vec4
    %store/vec4 v0x8fb118500_0, 0, 64;
T_39.2 ;
    %load/vec4 v0x8fb114780_0;
    %flag_set/vec4 8;
    %jmp/0xz  T_39.4, 8;
    %pushi/vec4 0, 0, 32; draw_string_vec4
    %pushi/vec4 6971756, 0, 32; draw_string_vec4
    %concat/vec4; draw_string_vec4
    %store/vec4 v0x8fb118500_0, 0, 64;
T_39.4 ;
    %load/vec4 v0x8fb114820_0;
    %flag_set/vec4 8;
    %jmp/0xz  T_39.6, 8;
    %pushi/vec4 0, 0, 32; draw_string_vec4
    %pushi/vec4 1784769650, 0, 32; draw_string_vec4
    %concat/vec4; draw_string_vec4
    %store/vec4 v0x8fb118500_0, 0, 64;
T_39.6 ;
    %load/vec4 v0x8fb1141e0_0;
    %flag_set/vec4 8;
    %jmp/0xz  T_39.8, 8;
    %pushi/vec4 0, 0, 32; draw_string_vec4
    %pushi/vec4 6448497, 0, 32; draw_string_vec4
    %concat/vec4; draw_string_vec4
    %store/vec4 v0x8fb118500_0, 0, 64;
T_39.8 ;
    %load/vec4 v0x8fb114500_0;
    %flag_set/vec4 8;
    %jmp/0xz  T_39.10, 8;
    %pushi/vec4 0, 0, 32; draw_string_vec4
    %pushi/vec4 6450789, 0, 32; draw_string_vec4
    %concat/vec4; draw_string_vec4
    %store/vec4 v0x8fb118500_0, 0, 64;
T_39.10 ;
    %load/vec4 v0x8fb1143c0_0;
    %flag_set/vec4 8;
    %jmp/0xz  T_39.12, 8;
    %pushi/vec4 0, 0, 32; draw_string_vec4
    %pushi/vec4 6450292, 0, 32; draw_string_vec4
    %concat/vec4; draw_string_vec4
    %store/vec4 v0x8fb118500_0, 0, 64;
T_39.12 ;
    %load/vec4 v0x8fb114280_0;
    %flag_set/vec4 8;
    %jmp/0xz  T_39.14, 8;
    %pushi/vec4 0, 0, 32; draw_string_vec4
    %pushi/vec4 6448997, 0, 32; draw_string_vec4
    %concat/vec4; draw_string_vec4
    %store/vec4 v0x8fb118500_0, 0, 64;
T_39.14 ;
    %load/vec4 v0x8fb114460_0;
    %flag_set/vec4 8;
    %jmp/0xz  T_39.16, 8;
    %pushi/vec4 0, 0, 32; draw_string_vec4
    %pushi/vec4 1651274869, 0, 32; draw_string_vec4
    %concat/vec4; draw_string_vec4
    %store/vec4 v0x8fb118500_0, 0, 64;
T_39.16 ;
    %load/vec4 v0x8fb114320_0;
    %flag_set/vec4 8;
    %jmp/0xz  T_39.18, 8;
    %pushi/vec4 0, 0, 32; draw_string_vec4
    %pushi/vec4 1650943349, 0, 32; draw_string_vec4
    %concat/vec4; draw_string_vec4
    %store/vec4 v0x8fb118500_0, 0, 64;
T_39.18 ;
    %load/vec4 v0x8fb1148c0_0;
    %flag_set/vec4 8;
    %jmp/0xz  T_39.20, 8;
    %pushi/vec4 0, 0, 32; draw_string_vec4
    %pushi/vec4 27746, 0, 32; draw_string_vec4
    %concat/vec4; draw_string_vec4
    %store/vec4 v0x8fb118500_0, 0, 64;
T_39.20 ;
    %load/vec4 v0x8fb114a00_0;
    %flag_set/vec4 8;
    %jmp/0xz  T_39.22, 8;
    %pushi/vec4 0, 0, 32; draw_string_vec4
    %pushi/vec4 27752, 0, 32; draw_string_vec4
    %concat/vec4; draw_string_vec4
    %store/vec4 v0x8fb118500_0, 0, 64;
T_39.22 ;
    %load/vec4 v0x8fb114be0_0;
    %flag_set/vec4 8;
    %jmp/0xz  T_39.24, 8;
    %pushi/vec4 0, 0, 32; draw_string_vec4
    %pushi/vec4 27767, 0, 32; draw_string_vec4
    %concat/vec4; draw_string_vec4
    %store/vec4 v0x8fb118500_0, 0, 64;
T_39.24 ;
    %load/vec4 v0x8fb114960_0;
    %flag_set/vec4 8;
    %jmp/0xz  T_39.26, 8;
    %pushi/vec4 0, 0, 32; draw_string_vec4
    %pushi/vec4 7103093, 0, 32; draw_string_vec4
    %concat/vec4; draw_string_vec4
    %store/vec4 v0x8fb118500_0, 0, 64;
T_39.26 ;
    %load/vec4 v0x8fb114aa0_0;
    %flag_set/vec4 8;
    %jmp/0xz  T_39.28, 8;
    %pushi/vec4 0, 0, 32; draw_string_vec4
    %pushi/vec4 7104629, 0, 32; draw_string_vec4
    %concat/vec4; draw_string_vec4
    %store/vec4 v0x8fb118500_0, 0, 64;
T_39.28 ;
    %load/vec4 v0x8fb115180_0;
    %flag_set/vec4 8;
    %jmp/0xz  T_39.30, 8;
    %pushi/vec4 0, 0, 32; draw_string_vec4
    %pushi/vec4 29538, 0, 32; draw_string_vec4
    %concat/vec4; draw_string_vec4
    %store/vec4 v0x8fb118500_0, 0, 64;
T_39.30 ;
    %load/vec4 v0x8fb1152c0_0;
    %flag_set/vec4 8;
    %jmp/0xz  T_39.32, 8;
    %pushi/vec4 0, 0, 32; draw_string_vec4
    %pushi/vec4 29544, 0, 32; draw_string_vec4
    %concat/vec4; draw_string_vec4
    %store/vec4 v0x8fb118500_0, 0, 64;
T_39.32 ;
    %load/vec4 v0x8fb115a40_0;
    %flag_set/vec4 8;
    %jmp/0xz  T_39.34, 8;
    %pushi/vec4 0, 0, 32; draw_string_vec4
    %pushi/vec4 29559, 0, 32; draw_string_vec4
    %concat/vec4; draw_string_vec4
    %store/vec4 v0x8fb118500_0, 0, 64;
T_39.34 ;
    %load/vec4 v0x8fb113f20_0;
    %flag_set/vec4 8;
    %jmp/0xz  T_39.36, 8;
    %pushi/vec4 0, 0, 32; draw_string_vec4
    %pushi/vec4 1633969257, 0, 32; draw_string_vec4
    %concat/vec4; draw_string_vec4
    %store/vec4 v0x8fb118500_0, 0, 64;
T_39.36 ;
    %load/vec4 v0x8fb115540_0;
    %flag_set/vec4 8;
    %jmp/0xz  T_39.38, 8;
    %pushi/vec4 0, 0, 32; draw_string_vec4
    %pushi/vec4 1936487529, 0, 32; draw_string_vec4
    %concat/vec4; draw_string_vec4
    %store/vec4 v0x8fb118500_0, 0, 64;
T_39.38 ;
    %load/vec4 v0x8fb1155e0_0;
    %flag_set/vec4 8;
    %jmp/0xz  T_39.40, 8;
    %pushi/vec4 115, 0, 32; draw_string_vec4
    %pushi/vec4 1819568501, 0, 32; draw_string_vec4
    %concat/vec4; draw_string_vec4
    %store/vec4 v0x8fb118500_0, 0, 64;
T_39.40 ;
    %load/vec4 v0x8fb115d60_0;
    %flag_set/vec4 8;
    %jmp/0xz  T_39.42, 8;
    %pushi/vec4 0, 0, 32; draw_string_vec4
    %pushi/vec4 2020569705, 0, 32; draw_string_vec4
    %concat/vec4; draw_string_vec4
    %store/vec4 v0x8fb118500_0, 0, 64;
T_39.42 ;
    %load/vec4 v0x8fb114dc0_0;
    %flag_set/vec4 8;
    %jmp/0xz  T_39.44, 8;
    %pushi/vec4 0, 0, 32; draw_string_vec4
    %pushi/vec4 7303785, 0, 32; draw_string_vec4
    %concat/vec4; draw_string_vec4
    %store/vec4 v0x8fb118500_0, 0, 64;
T_39.44 ;
    %load/vec4 v0x8fb1140a0_0;
    %flag_set/vec4 8;
    %jmp/0xz  T_39.46, 8;
    %pushi/vec4 0, 0, 32; draw_string_vec4
    %pushi/vec4 1634624617, 0, 32; draw_string_vec4
    %concat/vec4; draw_string_vec4
    %store/vec4 v0x8fb118500_0, 0, 64;
T_39.46 ;
    %load/vec4 v0x8fb115400_0;
    %flag_set/vec4 8;
    %jmp/0xz  T_39.48, 8;
    %pushi/vec4 0, 0, 32; draw_string_vec4
    %pushi/vec4 1936485481, 0, 32; draw_string_vec4
    %concat/vec4; draw_string_vec4
    %store/vec4 v0x8fb118500_0, 0, 64;
T_39.48 ;
    %load/vec4 v0x8fb115900_0;
    %flag_set/vec4 8;
    %jmp/0xz  T_39.50, 8;
    %pushi/vec4 0, 0, 32; draw_string_vec4
    %pushi/vec4 1936878697, 0, 32; draw_string_vec4
    %concat/vec4; draw_string_vec4
    %store/vec4 v0x8fb118500_0, 0, 64;
T_39.50 ;
    %load/vec4 v0x8fb1157c0_0;
    %flag_set/vec4 8;
    %jmp/0xz  T_39.52, 8;
    %pushi/vec4 0, 0, 32; draw_string_vec4
    %pushi/vec4 1936875881, 0, 32; draw_string_vec4
    %concat/vec4; draw_string_vec4
    %store/vec4 v0x8fb118500_0, 0, 64;
T_39.52 ;
    %load/vec4 v0x8fb113e80_0;
    %flag_set/vec4 8;
    %jmp/0xz  T_39.54, 8;
    %pushi/vec4 0, 0, 32; draw_string_vec4
    %pushi/vec4 6382692, 0, 32; draw_string_vec4
    %concat/vec4; draw_string_vec4
    %store/vec4 v0x8fb118500_0, 0, 64;
T_39.54 ;
    %load/vec4 v0x8fb1159a0_0;
    %flag_set/vec4 8;
    %jmp/0xz  T_39.56, 8;
    %pushi/vec4 0, 0, 32; draw_string_vec4
    %pushi/vec4 7566690, 0, 32; draw_string_vec4
    %concat/vec4; draw_string_vec4
    %store/vec4 v0x8fb118500_0, 0, 64;
T_39.56 ;
    %load/vec4 v0x8fb115360_0;
    %flag_set/vec4 8;
    %jmp/0xz  T_39.58, 8;
    %pushi/vec4 0, 0, 32; draw_string_vec4
    %pushi/vec4 7564396, 0, 32; draw_string_vec4
    %concat/vec4; draw_string_vec4
    %store/vec4 v0x8fb118500_0, 0, 64;
T_39.58 ;
    %load/vec4 v0x8fb1154a0_0;
    %flag_set/vec4 8;
    %jmp/0xz  T_39.60, 8;
    %pushi/vec4 0, 0, 32; draw_string_vec4
    %pushi/vec4 7564404, 0, 32; draw_string_vec4
    %concat/vec4; draw_string_vec4
    %store/vec4 v0x8fb118500_0, 0, 64;
T_39.60 ;
    %load/vec4 v0x8fb115680_0;
    %flag_set/vec4 8;
    %jmp/0xz  T_39.62, 8;
    %pushi/vec4 0, 0, 32; draw_string_vec4
    %pushi/vec4 1936487541, 0, 32; draw_string_vec4
    %concat/vec4; draw_string_vec4
    %store/vec4 v0x8fb118500_0, 0, 64;
T_39.62 ;
    %load/vec4 v0x8fb115cc0_0;
    %flag_set/vec4 8;
    %jmp/0xz  T_39.64, 8;
    %pushi/vec4 0, 0, 32; draw_string_vec4
    %pushi/vec4 7892850, 0, 32; draw_string_vec4
    %concat/vec4; draw_string_vec4
    %store/vec4 v0x8fb118500_0, 0, 64;
T_39.64 ;
    %load/vec4 v0x8fb115860_0;
    %flag_set/vec4 8;
    %jmp/0xz  T_39.66, 8;
    %pushi/vec4 0, 0, 32; draw_string_vec4
    %pushi/vec4 7565932, 0, 32; draw_string_vec4
    %concat/vec4; draw_string_vec4
    %store/vec4 v0x8fb118500_0, 0, 64;
T_39.66 ;
    %load/vec4 v0x8fb115720_0;
    %flag_set/vec4 8;
    %jmp/0xz  T_39.68, 8;
    %pushi/vec4 0, 0, 32; draw_string_vec4
    %pushi/vec4 7565921, 0, 32; draw_string_vec4
    %concat/vec4; draw_string_vec4
    %store/vec4 v0x8fb118500_0, 0, 64;
T_39.68 ;
    %load/vec4 v0x8fb114d20_0;
    %flag_set/vec4 8;
    %jmp/0xz  T_39.70, 8;
    %pushi/vec4 0, 0, 32; draw_string_vec4
    %pushi/vec4 28530, 0, 32; draw_string_vec4
    %concat/vec4; draw_string_vec4
    %store/vec4 v0x8fb118500_0, 0, 64;
T_39.70 ;
    %load/vec4 v0x8fb114000_0;
    %flag_set/vec4 8;
    %jmp/0xz  T_39.72, 8;
    %pushi/vec4 0, 0, 32; draw_string_vec4
    %pushi/vec4 6385252, 0, 32; draw_string_vec4
    %concat/vec4; draw_string_vec4
    %store/vec4 v0x8fb118500_0, 0, 64;
T_39.72 ;
    %load/vec4 v0x8fb114e60_0;
    %flag_set/vec4 8;
    %jmp/0xz  T_39.74, 8;
    %pushi/vec4 7496803, 0, 32; draw_string_vec4
    %pushi/vec4 2036558949, 0, 32; draw_string_vec4
    %concat/vec4; draw_string_vec4
    %store/vec4 v0x8fb118500_0, 0, 64;
T_39.74 ;
    %load/vec4 v0x8fb114f00_0;
    %flag_set/vec4 8;
    %jmp/0xz  T_39.76, 8;
    %pushi/vec4 1919181689, 0, 32; draw_string_vec4
    %pushi/vec4 1668048232, 0, 32; draw_string_vec4
    %concat/vec4; draw_string_vec4
    %store/vec4 v0x8fb118500_0, 0, 64;
T_39.76 ;
    %load/vec4 v0x8fb114fa0_0;
    %flag_set/vec4 8;
    %jmp/0xz  T_39.78, 8;
    %pushi/vec4 7496809, 0, 32; draw_string_vec4
    %pushi/vec4 1853060210, 0, 32; draw_string_vec4
    %concat/vec4; draw_string_vec4
    %store/vec4 v0x8fb118500_0, 0, 64;
T_39.78 ;
    %load/vec4 v0x8fb115040_0;
    %flag_set/vec4 8;
    %jmp/0xz  T_39.80, 8;
    %pushi/vec4 1919183214, 0, 32; draw_string_vec4
    %pushi/vec4 1937011304, 0, 32; draw_string_vec4
    %concat/vec4; draw_string_vec4
    %store/vec4 v0x8fb118500_0, 0, 64;
T_39.80 ;
    %load/vec4 v0x8fb114640_0;
    %flag_set/vec4 8;
    %jmp/0xz  T_39.82, 8;
    %pushi/vec4 102, 0, 32; draw_string_vec4
    %pushi/vec4 1701733221, 0, 32; draw_string_vec4
    %concat/vec4; draw_string_vec4
    %store/vec4 v0x8fb118500_0, 0, 64;
T_39.82 ;
    %load/vec4 v0x8fb1146e0_0;
    %flag_set/vec4 8;
    %jmp/0xz  T_39.84, 8;
    %pushi/vec4 0, 0, 32; draw_string_vec4
    %pushi/vec4 1734702193, 0, 32; draw_string_vec4
    %concat/vec4; draw_string_vec4
    %store/vec4 v0x8fb118500_0, 0, 64;
T_39.84 ;
    %load/vec4 v0x8fb115220_0;
    %flag_set/vec4 8;
    %jmp/0xz  T_39.86, 8;
    %pushi/vec4 0, 0, 32; draw_string_vec4
    %pushi/vec4 1936028785, 0, 32; draw_string_vec4
    %concat/vec4; draw_string_vec4
    %store/vec4 v0x8fb118500_0, 0, 64;
T_39.86 ;
    %load/vec4 v0x8fb1150e0_0;
    %flag_set/vec4 8;
    %jmp/0xz  T_39.88, 8;
    %pushi/vec4 29285, 0, 32; draw_string_vec4
    %pushi/vec4 1953067633, 0, 32; draw_string_vec4
    %concat/vec4; draw_string_vec4
    %store/vec4 v0x8fb118500_0, 0, 64;
T_39.88 ;
    %load/vec4 v0x8fb114c80_0;
    %flag_set/vec4 8;
    %jmp/0xz  T_39.90, 8;
    %pushi/vec4 7168371, 0, 32; draw_string_vec4
    %pushi/vec4 1802072689, 0, 32; draw_string_vec4
    %concat/vec4; draw_string_vec4
    %store/vec4 v0x8fb118500_0, 0, 64;
T_39.90 ;
    %load/vec4 v0x8fb115c20_0;
    %flag_set/vec4 8;
    %jmp/0xz  T_39.92, 8;
    %pushi/vec4 7823721, 0, 32; draw_string_vec4
    %pushi/vec4 1953067633, 0, 32; draw_string_vec4
    %concat/vec4; draw_string_vec4
    %store/vec4 v0x8fb118500_0, 0, 64;
T_39.92 ;
    %load/vec4 v0x8fb115ae0_0;
    %flag_set/vec4 8;
    %jmp/0xz  T_39.94, 8;
    %pushi/vec4 116, 0, 32; draw_string_vec4
    %pushi/vec4 1768777074, 0, 32; draw_string_vec4
    %concat/vec4; draw_string_vec4
    %store/vec4 v0x8fb118500_0, 0, 64;
T_39.94 ;
    %jmp T_39;
    .thread T_39, $push;
    .scope S_0x8fa4d8900;
T_40 ;
    %wait E_0x8fb0d2980;
    %load/vec4 v0x8fb1129e0_0;
    %assign/vec4 v0x8fb119540_0, 0;
    %load/vec4 v0x8fb112bc0_0;
    %assign/vec4 v0x8fb1195e0_0, 0;
    %load/vec4 v0x8fb112c60_0;
    %assign/vec4 v0x8fb119680_0, 0;
    %load/vec4 v0x8fb112da0_0;
    %assign/vec4 v0x8fb1197c0_0, 0;
    %load/vec4 v0x8fb112e40_0;
    %assign/vec4 v0x8fb119860_0, 0;
    %load/vec4 v0x8fb112d00_0;
    %assign/vec4 v0x8fb119720_0, 0;
    %load/vec4 v0x8fb117160_0;
    %assign/vec4 v0x8fb113340_0, 0;
    %load/vec4 v0x8fb119cc0_0;
    %nor/r;
    %flag_set/vec4 8;
    %jmp/1 T_40.2, 8;
    %load/vec4 v0x8fb11a120_0;
    %flag_set/vec4 9;
    %flag_or 8, 9;
T_40.2;
    %jmp/0xz  T_40.0, 8;
    %pushi/vec4 0, 0, 1;
    %assign/vec4 v0x8fb113660_0, 0;
    %jmp T_40.1;
T_40.0 ;
    %load/vec4 v0x8fb117160_0;
    %flag_set/vec4 8;
    %jmp/0xz  T_40.3, 8;
    %pushi/vec4 1, 0, 1;
    %assign/vec4 v0x8fb113660_0, 0;
T_40.3 ;
T_40.1 ;
    %load/vec4 v0x8fb113ca0_0;
    %flag_set/vec4 8;
    %jmp/0xz  T_40.5, 8;
    %load/vec4 v0x8fb118500_0;
    %assign/vec4 v0x8fb111e00_0, 0;
    %load/vec4 v0x8fb113700_0;
    %assign/vec4 v0x8fb111ea0_0, 0;
    %load/vec4 v0x8fb1185a0_0;
    %parti/s 2, 0, 2;
    %and/r;
    %flag_set/vec4 8;
    %jmp/0xz  T_40.7, 8;
    %load/vec4 v0x8fb1185a0_0;
    %assign/vec4 v0x8fb111f40_0, 0;
    %jmp T_40.8;
T_40.7 ;
    %pushi/vec4 0, 0, 16;
    %load/vec4 v0x8fb1185a0_0;
    %parti/s 16, 0, 2;
    %concat/vec4; draw_concat_vec4
    %assign/vec4 v0x8fb111f40_0, 0;
T_40.8 ;
    %load/vec4 v0x8fb113980_0;
    %assign/vec4 v0x8fb112080_0, 0;
    %load/vec4 v0x8fb113a20_0;
    %assign/vec4 v0x8fb112120_0, 0;
    %load/vec4 v0x8fb113840_0;
    %assign/vec4 v0x8fb111fe0_0, 0;
T_40.5 ;
    %load/vec4 v0x8fb117160_0;
    %flag_set/vec4 8;
    %jmp/0xz  T_40.9, 8;
    %load/vec4 v0x8fb1186e0_0;
    %assign/vec4 v0x8fb112b20_0, 0;
T_40.9 ;
    %jmp T_40;
    .thread T_40;
    .scope S_0x8fa4d8900;
T_41 ;
    %wait E_0x8fb0d2b00;
    %load/vec4 v0x8fb119540_0;
    %store/vec4 v0x8fb1129e0_0, 0, 64;
    %load/vec4 v0x8fb1195e0_0;
    %store/vec4 v0x8fb112bc0_0, 0, 32;
    %load/vec4 v0x8fb119680_0;
    %store/vec4 v0x8fb112c60_0, 0, 32;
    %load/vec4 v0x8fb1197c0_0;
    %store/vec4 v0x8fb112da0_0, 0, 5;
    %load/vec4 v0x8fb119860_0;
    %store/vec4 v0x8fb112e40_0, 0, 5;
    %load/vec4 v0x8fb119720_0;
    %store/vec4 v0x8fb112d00_0, 0, 5;
    %load/vec4 v0x8fb113340_0;
    %flag_set/vec4 8;
    %jmp/0xz  T_41.0, 8;
    %load/vec4 v0x8fb113b60_0;
    %flag_set/vec4 8;
    %jmp/0xz  T_41.2, 8;
    %load/vec4 v0x8fb111e00_0;
    %store/vec4 v0x8fb1129e0_0, 0, 64;
    %load/vec4 v0x8fb111ea0_0;
    %store/vec4 v0x8fb112bc0_0, 0, 32;
    %load/vec4 v0x8fb111f40_0;
    %store/vec4 v0x8fb112c60_0, 0, 32;
    %load/vec4 v0x8fb112080_0;
    %store/vec4 v0x8fb112da0_0, 0, 5;
    %load/vec4 v0x8fb112120_0;
    %store/vec4 v0x8fb112e40_0, 0, 5;
    %load/vec4 v0x8fb111fe0_0;
    %store/vec4 v0x8fb112d00_0, 0, 5;
    %jmp T_41.3;
T_41.2 ;
    %load/vec4 v0x8fb118500_0;
    %store/vec4 v0x8fb1129e0_0, 0, 64;
    %load/vec4 v0x8fb1185a0_0;
    %parti/s 2, 0, 2;
    %and/r;
    %flag_set/vec4 8;
    %jmp/0xz  T_41.4, 8;
    %load/vec4 v0x8fb1185a0_0;
    %store/vec4 v0x8fb112c60_0, 0, 32;
    %jmp T_41.5;
T_41.4 ;
    %pushi/vec4 0, 0, 16;
    %load/vec4 v0x8fb1185a0_0;
    %parti/s 16, 0, 2;
    %concat/vec4; draw_concat_vec4
    %store/vec4 v0x8fb112c60_0, 0, 32;
T_41.5 ;
    %load/vec4 v0x8fb113700_0;
    %store/vec4 v0x8fb112bc0_0, 0, 32;
    %load/vec4 v0x8fb113980_0;
    %store/vec4 v0x8fb112da0_0, 0, 5;
    %load/vec4 v0x8fb113a20_0;
    %store/vec4 v0x8fb112e40_0, 0, 5;
    %load/vec4 v0x8fb113840_0;
    %store/vec4 v0x8fb112d00_0, 0, 5;
T_41.3 ;
T_41.0 ;
    %jmp T_41;
    .thread T_41, $push;
    .scope S_0x8fa4d8900;
T_42 ;
    %wait E_0x8fb0d2980;
    %load/vec4 v0x8fb114b40_0;
    %load/vec4 v0x8fb114140_0;
    %concat/vec4; draw_concat_vec4
    %load/vec4 v0x8fb114780_0;
    %concat/vec4; draw_concat_vec4
    %or/r;
    %assign/vec4 v0x8fb116620_0, 0;
    %load/vec4 v0x8fb114b40_0;
    %load/vec4 v0x8fb114140_0;
    %concat/vec4; draw_concat_vec4
    %load/vec4 v0x8fb114780_0;
    %concat/vec4; draw_concat_vec4
    %load/vec4 v0x8fb114820_0;
    %concat/vec4; draw_concat_vec4
    %load/vec4 v0x8fb113f20_0;
    %concat/vec4; draw_concat_vec4
    %load/vec4 v0x8fb113e80_0;
    %concat/vec4; draw_concat_vec4
    %load/vec4 v0x8fb1159a0_0;
    %concat/vec4; draw_concat_vec4
    %or/r;
    %assign/vec4 v0x8fb1166c0_0, 0;
    %load/vec4 v0x8fb115540_0;
    %load/vec4 v0x8fb1143c0_0;
    %concat/vec4; draw_concat_vec4
    %load/vec4 v0x8fb1154a0_0;
    %concat/vec4; draw_concat_vec4
    %or/r;
    %assign/vec4 v0x8fb1169e0_0, 0;
    %load/vec4 v0x8fb1155e0_0;
    %load/vec4 v0x8fb114460_0;
    %concat/vec4; draw_concat_vec4
    %load/vec4 v0x8fb115680_0;
    %concat/vec4; draw_concat_vec4
    %or/r;
    %assign/vec4 v0x8fb116a80_0, 0;
    %load/vec4 v0x8fb114960_0;
    %load/vec4 v0x8fb114aa0_0;
    %concat/vec4; draw_concat_vec4
    %load/vec4 v0x8fb114be0_0;
    %concat/vec4; draw_concat_vec4
    %or/r;
    %assign/vec4 v0x8fb116580_0, 0;
    %load/vec4 v0x8fb116300_0;
    %load/vec4 v0x8fb115540_0;
    %concat/vec4; draw_concat_vec4
    %load/vec4 v0x8fb1154a0_0;
    %concat/vec4; draw_concat_vec4
    %load/vec4 v0x8fb1155e0_0;
    %concat/vec4; draw_concat_vec4
    %load/vec4 v0x8fb115680_0;
    %concat/vec4; draw_concat_vec4
    %or/r;
    %assign/vec4 v0x8fb1163a0_0, 0;
    %load/vec4 v0x8fb117480_0;
    %flag_set/vec4 9;
    %flag_get/vec4 9;
    %jmp/0 T_42.2, 9;
    %load/vec4 v0x8fb1175c0_0;
    %and;
T_42.2;
    %flag_set/vec4 8;
    %jmp/0xz  T_42.0, 8;
    %load/vec4 v0x8fb117de0_0;
    %parti/s 7, 0, 2;
    %pushi/vec4 55, 0, 7;
    %cmp/e;
    %flag_get/vec4 4;
    %assign/vec4 v0x8fb114b40_0, 0;
    %load/vec4 v0x8fb117de0_0;
    %parti/s 7, 0, 2;
    %pushi/vec4 23, 0, 7;
    %cmp/e;
    %flag_get/vec4 4;
    %assign/vec4 v0x8fb114140_0, 0;
    %load/vec4 v0x8fb117de0_0;
    %parti/s 7, 0, 2;
    %pushi/vec4 111, 0, 7;
    %cmp/e;
    %flag_get/vec4 4;
    %assign/vec4 v0x8fb114780_0, 0;
    %load/vec4 v0x8fb117de0_0;
    %parti/s 7, 0, 2;
    %cmpi/e 103, 0, 7;
    %flag_get/vec4 4;
    %jmp/0 T_42.3, 4;
    %load/vec4 v0x8fb117de0_0;
    %parti/s 3, 12, 5;
    %pushi/vec4 0, 0, 3;
    %cmp/e;
    %flag_get/vec4 4;
    %and;
T_42.3;
    %assign/vec4 v0x8fb114820_0, 0;
    %load/vec4 v0x8fb117de0_0;
    %parti/s 7, 0, 2;
    %cmpi/e 11, 0, 7;
    %flag_get/vec4 4;
    %jmp/0 T_42.5, 4;
    %load/vec4 v0x8fb117de0_0;
    %parti/s 7, 25, 6;
    %pushi/vec4 2, 0, 7;
    %cmp/e;
    %flag_get/vec4 4;
    %and;
T_42.5;
    %flag_set/vec4 8;
    %flag_get/vec4 8;
    %jmp/0 T_42.4, 8;
    %pushi/vec4 0, 0, 1;
    %and;
T_42.4;
    %assign/vec4 v0x8fb1150e0_0, 0;
    %load/vec4 v0x8fb117de0_0;
    %parti/s 7, 0, 2;
    %cmpi/e 11, 0, 7;
    %flag_get/vec4 4;
    %jmp/0 T_42.7, 4;
    %load/vec4 v0x8fb117de0_0;
    %parti/s 7, 25, 6;
    %pushi/vec4 4, 0, 7;
    %cmp/e;
    %flag_get/vec4 4;
    %and;
T_42.7;
    %flag_set/vec4 8;
    %flag_get/vec4 8;
    %jmp/0 T_42.6, 8;
    %pushi/vec4 0, 0, 1;
    %and;
T_42.6;
    %assign/vec4 v0x8fb115c20_0, 0;
    %load/vec4 v0x8fb117de0_0;
    %parti/s 7, 0, 2;
    %pushi/vec4 99, 0, 7;
    %cmp/e;
    %flag_get/vec4 4;
    %assign/vec4 v0x8fb116300_0, 0;
    %load/vec4 v0x8fb117de0_0;
    %parti/s 7, 0, 2;
    %pushi/vec4 3, 0, 7;
    %cmp/e;
    %flag_get/vec4 4;
    %assign/vec4 v0x8fb1164e0_0, 0;
    %load/vec4 v0x8fb117de0_0;
    %parti/s 7, 0, 2;
    %pushi/vec4 35, 0, 7;
    %cmp/e;
    %flag_get/vec4 4;
    %assign/vec4 v0x8fb116800_0, 0;
    %load/vec4 v0x8fb117de0_0;
    %parti/s 7, 0, 2;
    %pushi/vec4 19, 0, 7;
    %cmp/e;
    %flag_get/vec4 4;
    %assign/vec4 v0x8fb1161c0_0, 0;
    %load/vec4 v0x8fb117de0_0;
    %parti/s 7, 0, 2;
    %pushi/vec4 51, 0, 7;
    %cmp/e;
    %flag_get/vec4 4;
    %assign/vec4 v0x8fb116260_0, 0;
    %load/vec4 v0x8fb117de0_0;
    %parti/s 20, 12, 5;
    %concati/vec4 0, 0, 1;
    %pad/s 32;
    %split/vec4 1;
    %ix/load 5, 0, 0;
    %ix/load 4, 0, 0;
    %flag_set/imm 4, 0;
    %assign/vec4/off/d v0x8fb1137a0_0, 4, 5;
    %split/vec4 8;
    %ix/load 5, 0, 0;
    %ix/load 4, 12, 0;
    %flag_set/imm 4, 0;
    %assign/vec4/off/d v0x8fb1137a0_0, 4, 5;
    %split/vec4 1;
    %ix/load 5, 0, 0;
    %ix/load 4, 11, 0;
    %flag_set/imm 4, 0;
    %assign/vec4/off/d v0x8fb1137a0_0, 4, 5;
    %split/vec4 10;
    %ix/load 5, 0, 0;
    %ix/load 4, 1, 0;
    %flag_set/imm 4, 0;
    %assign/vec4/off/d v0x8fb1137a0_0, 4, 5;
    %ix/load 5, 0, 0;
    %ix/load 4, 20, 0;
    %flag_set/imm 4, 0;
    %assign/vec4/off/d v0x8fb1137a0_0, 4, 5;
    %load/vec4 v0x8fb117de0_0;
    %parti/s 5, 7, 4;
    %assign/vec4 v0x8fb113840_0, 0;
    %load/vec4 v0x8fb117de0_0;
    %parti/s 5, 15, 5;
    %assign/vec4 v0x8fb113980_0, 0;
    %load/vec4 v0x8fb117de0_0;
    %parti/s 5, 20, 6;
    %assign/vec4 v0x8fb113a20_0, 0;
    %load/vec4 v0x8fb117de0_0;
    %parti/s 7, 0, 2;
    %cmpi/e 11, 0, 7;
    %flag_get/vec4 4;
    %jmp/0 T_42.12, 4;
    %load/vec4 v0x8fb117de0_0;
    %parti/s 7, 25, 6;
    %pushi/vec4 0, 0, 7;
    %cmp/e;
    %flag_get/vec4 4;
    %and;
T_42.12;
    %flag_set/vec4 10;
    %flag_get/vec4 10;
    %jmp/0 T_42.11, 10;
    %pushi/vec4 0, 0, 1;
    %and;
T_42.11;
    %flag_set/vec4 9;
    %flag_get/vec4 9;
    %jmp/0 T_42.10, 9;
    %pushi/vec4 1, 0, 1;
    %and;
T_42.10;
    %flag_set/vec4 8;
    %jmp/0xz  T_42.8, 8;
    %pushi/vec4 1, 0, 1;
    %ix/load 5, 0, 0;
    %ix/load 4, 4, 0;
    %flag_set/imm 4, 0;
    %assign/vec4/off/d v0x8fb113980_0, 4, 5;
T_42.8 ;
    %load/vec4 v0x8fb117de0_0;
    %parti/s 7, 0, 2;
    %cmpi/e 11, 0, 7;
    %flag_get/vec4 4;
    %jmp/0 T_42.16, 4;
    %load/vec4 v0x8fb117de0_0;
    %parti/s 7, 25, 6;
    %pushi/vec4 2, 0, 7;
    %cmp/e;
    %flag_get/vec4 4;
    %and;
T_42.16;
    %flag_set/vec4 9;
    %flag_get/vec4 9;
    %jmp/0 T_42.15, 9;
    %pushi/vec4 0, 0, 1;
    %and;
T_42.15;
    %flag_set/vec4 8;
    %jmp/0xz  T_42.13, 8;
    %pushi/vec4 0, 0, 5;
    %assign/vec4 v0x8fb113980_0, 0;
T_42.13 ;
    %pushi/vec4 0, 0, 1;
    %assign/vec4 v0x8fb1123a0_0, 0;
T_42.0 ;
    %load/vec4 v0x8fb113c00_0;
    %flag_set/vec4 9;
    %flag_get/vec4 9;
    %jmp/0 T_42.19, 9;
    %load/vec4 v0x8fb113ac0_0;
    %nor/r;
    %and;
T_42.19;
    %flag_set/vec4 8;
    %jmp/0xz  T_42.17, 8;
    %pushi/vec4 4294967295, 4294967295, 32;
    %assign/vec4 v0x8fb118a00_0, 0;
    %load/vec4 v0x8fb116300_0;
    %flag_set/vec4 8;
    %flag_get/vec4 8;
    %jmp/0 T_42.20, 8;
    %load/vec4 v0x8fb117f20_0;
    %parti/s 3, 12, 5;
    %pushi/vec4 0, 0, 3;
    %cmp/e;
    %flag_get/vec4 4;
    %and;
T_42.20;
    %assign/vec4 v0x8fb1141e0_0, 0;
    %load/vec4 v0x8fb116300_0;
    %flag_set/vec4 8;
    %flag_get/vec4 8;
    %jmp/0 T_42.21, 8;
    %load/vec4 v0x8fb117f20_0;
    %parti/s 3, 12, 5;
    %pushi/vec4 1, 0, 3;
    %cmp/e;
    %flag_get/vec4 4;
    %and;
T_42.21;
    %assign/vec4 v0x8fb114500_0, 0;
    %load/vec4 v0x8fb116300_0;
    %flag_set/vec4 8;
    %flag_get/vec4 8;
    %jmp/0 T_42.22, 8;
    %load/vec4 v0x8fb117f20_0;
    %parti/s 3, 12, 5;
    %pushi/vec4 4, 0, 3;
    %cmp/e;
    %flag_get/vec4 4;
    %and;
T_42.22;
    %assign/vec4 v0x8fb1143c0_0, 0;
    %load/vec4 v0x8fb116300_0;
    %flag_set/vec4 8;
    %flag_get/vec4 8;
    %jmp/0 T_42.23, 8;
    %load/vec4 v0x8fb117f20_0;
    %parti/s 3, 12, 5;
    %pushi/vec4 5, 0, 3;
    %cmp/e;
    %flag_get/vec4 4;
    %and;
T_42.23;
    %assign/vec4 v0x8fb114280_0, 0;
    %load/vec4 v0x8fb116300_0;
    %flag_set/vec4 8;
    %flag_get/vec4 8;
    %jmp/0 T_42.24, 8;
    %load/vec4 v0x8fb117f20_0;
    %parti/s 3, 12, 5;
    %pushi/vec4 6, 0, 3;
    %cmp/e;
    %flag_get/vec4 4;
    %and;
T_42.24;
    %assign/vec4 v0x8fb114460_0, 0;
    %load/vec4 v0x8fb116300_0;
    %flag_set/vec4 8;
    %flag_get/vec4 8;
    %jmp/0 T_42.25, 8;
    %load/vec4 v0x8fb117f20_0;
    %parti/s 3, 12, 5;
    %pushi/vec4 7, 0, 3;
    %cmp/e;
    %flag_get/vec4 4;
    %and;
T_42.25;
    %assign/vec4 v0x8fb114320_0, 0;
    %load/vec4 v0x8fb1164e0_0;
    %flag_set/vec4 8;
    %flag_get/vec4 8;
    %jmp/0 T_42.26, 8;
    %load/vec4 v0x8fb117f20_0;
    %parti/s 3, 12, 5;
    %pushi/vec4 0, 0, 3;
    %cmp/e;
    %flag_get/vec4 4;
    %and;
T_42.26;
    %assign/vec4 v0x8fb1148c0_0, 0;
    %load/vec4 v0x8fb1164e0_0;
    %flag_set/vec4 8;
    %flag_get/vec4 8;
    %jmp/0 T_42.27, 8;
    %load/vec4 v0x8fb117f20_0;
    %parti/s 3, 12, 5;
    %pushi/vec4 1, 0, 3;
    %cmp/e;
    %flag_get/vec4 4;
    %and;
T_42.27;
    %assign/vec4 v0x8fb114a00_0, 0;
    %load/vec4 v0x8fb1164e0_0;
    %flag_set/vec4 8;
    %flag_get/vec4 8;
    %jmp/0 T_42.28, 8;
    %load/vec4 v0x8fb117f20_0;
    %parti/s 3, 12, 5;
    %pushi/vec4 2, 0, 3;
    %cmp/e;
    %flag_get/vec4 4;
    %and;
T_42.28;
    %assign/vec4 v0x8fb114be0_0, 0;
    %load/vec4 v0x8fb1164e0_0;
    %flag_set/vec4 8;
    %flag_get/vec4 8;
    %jmp/0 T_42.29, 8;
    %load/vec4 v0x8fb117f20_0;
    %parti/s 3, 12, 5;
    %pushi/vec4 4, 0, 3;
    %cmp/e;
    %flag_get/vec4 4;
    %and;
T_42.29;
    %assign/vec4 v0x8fb114960_0, 0;
    %load/vec4 v0x8fb1164e0_0;
    %flag_set/vec4 8;
    %flag_get/vec4 8;
    %jmp/0 T_42.30, 8;
    %load/vec4 v0x8fb117f20_0;
    %parti/s 3, 12, 5;
    %pushi/vec4 5, 0, 3;
    %cmp/e;
    %flag_get/vec4 4;
    %and;
T_42.30;
    %assign/vec4 v0x8fb114aa0_0, 0;
    %load/vec4 v0x8fb116800_0;
    %flag_set/vec4 8;
    %flag_get/vec4 8;
    %jmp/0 T_42.31, 8;
    %load/vec4 v0x8fb117f20_0;
    %parti/s 3, 12, 5;
    %pushi/vec4 0, 0, 3;
    %cmp/e;
    %flag_get/vec4 4;
    %and;
T_42.31;
    %assign/vec4 v0x8fb115180_0, 0;
    %load/vec4 v0x8fb116800_0;
    %flag_set/vec4 8;
    %flag_get/vec4 8;
    %jmp/0 T_42.32, 8;
    %load/vec4 v0x8fb117f20_0;
    %parti/s 3, 12, 5;
    %pushi/vec4 1, 0, 3;
    %cmp/e;
    %flag_get/vec4 4;
    %and;
T_42.32;
    %assign/vec4 v0x8fb1152c0_0, 0;
    %load/vec4 v0x8fb116800_0;
    %flag_set/vec4 8;
    %flag_get/vec4 8;
    %jmp/0 T_42.33, 8;
    %load/vec4 v0x8fb117f20_0;
    %parti/s 3, 12, 5;
    %pushi/vec4 2, 0, 3;
    %cmp/e;
    %flag_get/vec4 4;
    %and;
T_42.33;
    %assign/vec4 v0x8fb115a40_0, 0;
    %load/vec4 v0x8fb1161c0_0;
    %flag_set/vec4 8;
    %flag_get/vec4 8;
    %jmp/0 T_42.34, 8;
    %load/vec4 v0x8fb117f20_0;
    %parti/s 3, 12, 5;
    %pushi/vec4 0, 0, 3;
    %cmp/e;
    %flag_get/vec4 4;
    %and;
T_42.34;
    %assign/vec4 v0x8fb113f20_0, 0;
    %load/vec4 v0x8fb1161c0_0;
    %flag_set/vec4 8;
    %flag_get/vec4 8;
    %jmp/0 T_42.35, 8;
    %load/vec4 v0x8fb117f20_0;
    %parti/s 3, 12, 5;
    %pushi/vec4 2, 0, 3;
    %cmp/e;
    %flag_get/vec4 4;
    %and;
T_42.35;
    %assign/vec4 v0x8fb115540_0, 0;
    %load/vec4 v0x8fb1161c0_0;
    %flag_set/vec4 8;
    %flag_get/vec4 8;
    %jmp/0 T_42.36, 8;
    %load/vec4 v0x8fb117f20_0;
    %parti/s 3, 12, 5;
    %pushi/vec4 3, 0, 3;
    %cmp/e;
    %flag_get/vec4 4;
    %and;
T_42.36;
    %assign/vec4 v0x8fb1155e0_0, 0;
    %load/vec4 v0x8fb1161c0_0;
    %flag_set/vec4 8;
    %flag_get/vec4 8;
    %jmp/0 T_42.37, 8;
    %load/vec4 v0x8fb117f20_0;
    %parti/s 3, 12, 5;
    %pushi/vec4 4, 0, 3;
    %cmp/e;
    %flag_get/vec4 4;
    %and;
T_42.37;
    %assign/vec4 v0x8fb115d60_0, 0;
    %load/vec4 v0x8fb1161c0_0;
    %flag_set/vec4 8;
    %flag_get/vec4 8;
    %jmp/0 T_42.38, 8;
    %load/vec4 v0x8fb117f20_0;
    %parti/s 3, 12, 5;
    %pushi/vec4 6, 0, 3;
    %cmp/e;
    %flag_get/vec4 4;
    %and;
T_42.38;
    %assign/vec4 v0x8fb114dc0_0, 0;
    %load/vec4 v0x8fb1161c0_0;
    %flag_set/vec4 8;
    %flag_get/vec4 8;
    %jmp/0 T_42.39, 8;
    %load/vec4 v0x8fb117f20_0;
    %parti/s 3, 12, 5;
    %pushi/vec4 7, 0, 3;
    %cmp/e;
    %flag_get/vec4 4;
    %and;
T_42.39;
    %assign/vec4 v0x8fb1140a0_0, 0;
    %load/vec4 v0x8fb1161c0_0;
    %flag_set/vec4 9;
    %flag_get/vec4 9;
    %jmp/0 T_42.41, 9;
    %load/vec4 v0x8fb117f20_0;
    %parti/s 3, 12, 5;
    %pushi/vec4 1, 0, 3;
    %cmp/e;
    %flag_get/vec4 4;
    %and;
T_42.41;
    %flag_set/vec4 8;
    %flag_get/vec4 8;
    %jmp/0 T_42.40, 8;
    %load/vec4 v0x8fb117f20_0;
    %parti/s 7, 25, 6;
    %pushi/vec4 0, 0, 7;
    %cmp/e;
    %flag_get/vec4 4;
    %and;
T_42.40;
    %assign/vec4 v0x8fb115400_0, 0;
    %load/vec4 v0x8fb1161c0_0;
    %flag_set/vec4 9;
    %flag_get/vec4 9;
    %jmp/0 T_42.43, 9;
    %load/vec4 v0x8fb117f20_0;
    %parti/s 3, 12, 5;
    %pushi/vec4 5, 0, 3;
    %cmp/e;
    %flag_get/vec4 4;
    %and;
T_42.43;
    %flag_set/vec4 8;
    %flag_get/vec4 8;
    %jmp/0 T_42.42, 8;
    %load/vec4 v0x8fb117f20_0;
    %parti/s 7, 25, 6;
    %pushi/vec4 0, 0, 7;
    %cmp/e;
    %flag_get/vec4 4;
    %and;
T_42.42;
    %assign/vec4 v0x8fb115900_0, 0;
    %load/vec4 v0x8fb1161c0_0;
    %flag_set/vec4 9;
    %flag_get/vec4 9;
    %jmp/0 T_42.45, 9;
    %load/vec4 v0x8fb117f20_0;
    %parti/s 3, 12, 5;
    %pushi/vec4 5, 0, 3;
    %cmp/e;
    %flag_get/vec4 4;
    %and;
T_42.45;
    %flag_set/vec4 8;
    %flag_get/vec4 8;
    %jmp/0 T_42.44, 8;
    %load/vec4 v0x8fb117f20_0;
    %parti/s 7, 25, 6;
    %pushi/vec4 32, 0, 7;
    %cmp/e;
    %flag_get/vec4 4;
    %and;
T_42.44;
    %assign/vec4 v0x8fb1157c0_0, 0;
    %load/vec4 v0x8fb116260_0;
    %flag_set/vec4 9;
    %flag_get/vec4 9;
    %jmp/0 T_42.47, 9;
    %load/vec4 v0x8fb117f20_0;
    %parti/s 3, 12, 5;
    %pushi/vec4 0, 0, 3;
    %cmp/e;
    %flag_get/vec4 4;
    %and;
T_42.47;
    %flag_set/vec4 8;
    %flag_get/vec4 8;
    %jmp/0 T_42.46, 8;
    %load/vec4 v0x8fb117f20_0;
    %parti/s 7, 25, 6;
    %pushi/vec4 0, 0, 7;
    %cmp/e;
    %flag_get/vec4 4;
    %and;
T_42.46;
    %assign/vec4 v0x8fb113e80_0, 0;
    %load/vec4 v0x8fb116260_0;
    %flag_set/vec4 9;
    %flag_get/vec4 9;
    %jmp/0 T_42.49, 9;
    %load/vec4 v0x8fb117f20_0;
    %parti/s 3, 12, 5;
    %pushi/vec4 0, 0, 3;
    %cmp/e;
    %flag_get/vec4 4;
    %and;
T_42.49;
    %flag_set/vec4 8;
    %flag_get/vec4 8;
    %jmp/0 T_42.48, 8;
    %load/vec4 v0x8fb117f20_0;
    %parti/s 7, 25, 6;
    %pushi/vec4 32, 0, 7;
    %cmp/e;
    %flag_get/vec4 4;
    %and;
T_42.48;
    %assign/vec4 v0x8fb1159a0_0, 0;
    %load/vec4 v0x8fb116260_0;
    %flag_set/vec4 9;
    %flag_get/vec4 9;
    %jmp/0 T_42.51, 9;
    %load/vec4 v0x8fb117f20_0;
    %parti/s 3, 12, 5;
    %pushi/vec4 1, 0, 3;
    %cmp/e;
    %flag_get/vec4 4;
    %and;
T_42.51;
    %flag_set/vec4 8;
    %flag_get/vec4 8;
    %jmp/0 T_42.50, 8;
    %load/vec4 v0x8fb117f20_0;
    %parti/s 7, 25, 6;
    %pushi/vec4 0, 0, 7;
    %cmp/e;
    %flag_get/vec4 4;
    %and;
T_42.50;
    %assign/vec4 v0x8fb115360_0, 0;
    %load/vec4 v0x8fb116260_0;
    %flag_set/vec4 9;
    %flag_get/vec4 9;
    %jmp/0 T_42.53, 9;
    %load/vec4 v0x8fb117f20_0;
    %parti/s 3, 12, 5;
    %pushi/vec4 2, 0, 3;
    %cmp/e;
    %flag_get/vec4 4;
    %and;
T_42.53;
    %flag_set/vec4 8;
    %flag_get/vec4 8;
    %jmp/0 T_42.52, 8;
    %load/vec4 v0x8fb117f20_0;
    %parti/s 7, 25, 6;
    %pushi/vec4 0, 0, 7;
    %cmp/e;
    %flag_get/vec4 4;
    %and;
T_42.52;
    %assign/vec4 v0x8fb1154a0_0, 0;
    %load/vec4 v0x8fb116260_0;
    %flag_set/vec4 9;
    %flag_get/vec4 9;
    %jmp/0 T_42.55, 9;
    %load/vec4 v0x8fb117f20_0;
    %parti/s 3, 12, 5;
    %pushi/vec4 3, 0, 3;
    %cmp/e;
    %flag_get/vec4 4;
    %and;
T_42.55;
    %flag_set/vec4 8;
    %flag_get/vec4 8;
    %jmp/0 T_42.54, 8;
    %load/vec4 v0x8fb117f20_0;
    %parti/s 7, 25, 6;
    %pushi/vec4 0, 0, 7;
    %cmp/e;
    %flag_get/vec4 4;
    %and;
T_42.54;
    %assign/vec4 v0x8fb115680_0, 0;
    %load/vec4 v0x8fb116260_0;
    %flag_set/vec4 9;
    %flag_get/vec4 9;
    %jmp/0 T_42.57, 9;
    %load/vec4 v0x8fb117f20_0;
    %parti/s 3, 12, 5;
    %pushi/vec4 4, 0, 3;
    %cmp/e;
    %flag_get/vec4 4;
    %and;
T_42.57;
    %flag_set/vec4 8;
    %flag_get/vec4 8;
    %jmp/0 T_42.56, 8;
    %load/vec4 v0x8fb117f20_0;
    %parti/s 7, 25, 6;
    %pushi/vec4 0, 0, 7;
    %cmp/e;
    %flag_get/vec4 4;
    %and;
T_42.56;
    %assign/vec4 v0x8fb115cc0_0, 0;
    %load/vec4 v0x8fb116260_0;
    %flag_set/vec4 9;
    %flag_get/vec4 9;
    %jmp/0 T_42.59, 9;
    %load/vec4 v0x8fb117f20_0;
    %parti/s 3, 12, 5;
    %pushi/vec4 5, 0, 3;
    %cmp/e;
    %flag_get/vec4 4;
    %and;
T_42.59;
    %flag_set/vec4 8;
    %flag_get/vec4 8;
    %jmp/0 T_42.58, 8;
    %load/vec4 v0x8fb117f20_0;
    %parti/s 7, 25, 6;
    %pushi/vec4 0, 0, 7;
    %cmp/e;
    %flag_get/vec4 4;
    %and;
T_42.58;
    %assign/vec4 v0x8fb115860_0, 0;
    %load/vec4 v0x8fb116260_0;
    %flag_set/vec4 9;
    %flag_get/vec4 9;
    %jmp/0 T_42.61, 9;
    %load/vec4 v0x8fb117f20_0;
    %parti/s 3, 12, 5;
    %pushi/vec4 5, 0, 3;
    %cmp/e;
    %flag_get/vec4 4;
    %and;
T_42.61;
    %flag_set/vec4 8;
    %flag_get/vec4 8;
    %jmp/0 T_42.60, 8;
    %load/vec4 v0x8fb117f20_0;
    %parti/s 7, 25, 6;
    %pushi/vec4 32, 0, 7;
    %cmp/e;
    %flag_get/vec4 4;
    %and;
T_42.60;
    %assign/vec4 v0x8fb115720_0, 0;
    %load/vec4 v0x8fb116260_0;
    %flag_set/vec4 9;
    %flag_get/vec4 9;
    %jmp/0 T_42.63, 9;
    %load/vec4 v0x8fb117f20_0;
    %parti/s 3, 12, 5;
    %pushi/vec4 6, 0, 3;
    %cmp/e;
    %flag_get/vec4 4;
    %and;
T_42.63;
    %flag_set/vec4 8;
    %flag_get/vec4 8;
    %jmp/0 T_42.62, 8;
    %load/vec4 v0x8fb117f20_0;
    %parti/s 7, 25, 6;
    %pushi/vec4 0, 0, 7;
    %cmp/e;
    %flag_get/vec4 4;
    %and;
T_42.62;
    %assign/vec4 v0x8fb114d20_0, 0;
    %load/vec4 v0x8fb116260_0;
    %flag_set/vec4 9;
    %flag_get/vec4 9;
    %jmp/0 T_42.65, 9;
    %load/vec4 v0x8fb117f20_0;
    %parti/s 3, 12, 5;
    %pushi/vec4 7, 0, 3;
    %cmp/e;
    %flag_get/vec4 4;
    %and;
T_42.65;
    %flag_set/vec4 8;
    %flag_get/vec4 8;
    %jmp/0 T_42.64, 8;
    %load/vec4 v0x8fb117f20_0;
    %parti/s 7, 25, 6;
    %pushi/vec4 0, 0, 7;
    %cmp/e;
    %flag_get/vec4 4;
    %and;
T_42.64;
    %assign/vec4 v0x8fb114000_0, 0;
    %load/vec4 v0x8fb117f20_0;
    %parti/s 7, 0, 2;
    %cmpi/e 115, 0, 7;
    %flag_get/vec4 4;
    %jmp/0 T_42.68, 4;
    %load/vec4 v0x8fb117f20_0;
    %parti/s 20, 12, 5;
    %pad/u 32;
    %pushi/vec4 786434, 0, 32;
    %cmp/e;
    %flag_get/vec4 4;
    %and;
T_42.68;
    %flag_set/vec4 8;
    %jmp/1 T_42.67, 8;
    %load/vec4 v0x8fb117f20_0;
    %parti/s 7, 0, 2;
    %cmpi/e 115, 0, 7;
    %flag_get/vec4 4;
    %jmp/0 T_42.69, 4;
    %load/vec4 v0x8fb117f20_0;
    %parti/s 20, 12, 5;
    %pad/u 32;
    %pushi/vec4 786690, 0, 32;
    %cmp/e;
    %flag_get/vec4 4;
    %and;
T_42.69;
    %flag_set/vec4 9;
    %flag_or 8, 9;
T_42.67;
    %flag_get/vec4 8;
    %jmp/0 T_42.66, 8;
    %pushi/vec4 1, 0, 1;
    %and;
T_42.66;
    %assign/vec4 v0x8fb114e60_0, 0;
    %load/vec4 v0x8fb117f20_0;
    %parti/s 7, 0, 2;
    %cmpi/e 115, 0, 7;
    %flag_get/vec4 4;
    %jmp/0 T_42.73, 4;
    %load/vec4 v0x8fb117f20_0;
    %parti/s 20, 12, 5;
    %pad/u 32;
    %pushi/vec4 819202, 0, 32;
    %cmp/e;
    %flag_get/vec4 4;
    %and;
T_42.73;
    %flag_set/vec4 9;
    %jmp/1 T_42.72, 9;
    %load/vec4 v0x8fb117f20_0;
    %parti/s 7, 0, 2;
    %cmpi/e 115, 0, 7;
    %flag_get/vec4 4;
    %jmp/0 T_42.74, 4;
    %load/vec4 v0x8fb117f20_0;
    %parti/s 20, 12, 5;
    %pad/u 32;
    %pushi/vec4 819458, 0, 32;
    %cmp/e;
    %flag_get/vec4 4;
    %and;
T_42.74;
    %flag_set/vec4 10;
    %flag_or 9, 10;
T_42.72;
    %flag_get/vec4 9;
    %jmp/0 T_42.71, 9;
    %pushi/vec4 1, 0, 1;
    %and;
T_42.71;
    %flag_set/vec4 8;
    %flag_get/vec4 8;
    %jmp/0 T_42.70, 8;
    %pushi/vec4 1, 0, 1;
    %and;
T_42.70;
    %assign/vec4 v0x8fb114f00_0, 0;
    %load/vec4 v0x8fb117f20_0;
    %parti/s 7, 0, 2;
    %cmpi/e 115, 0, 7;
    %flag_get/vec4 4;
    %jmp/0 T_42.76, 4;
    %load/vec4 v0x8fb117f20_0;
    %parti/s 20, 12, 5;
    %pad/u 32;
    %pushi/vec4 786946, 0, 32;
    %cmp/e;
    %flag_get/vec4 4;
    %and;
T_42.76;
    %flag_set/vec4 8;
    %flag_get/vec4 8;
    %jmp/0 T_42.75, 8;
    %pushi/vec4 1, 0, 1;
    %and;
T_42.75;
    %assign/vec4 v0x8fb114fa0_0, 0;
    %load/vec4 v0x8fb117f20_0;
    %parti/s 7, 0, 2;
    %cmpi/e 115, 0, 7;
    %flag_get/vec4 4;
    %jmp/0 T_42.79, 4;
    %load/vec4 v0x8fb117f20_0;
    %parti/s 20, 12, 5;
    %pad/u 32;
    %pushi/vec4 819714, 0, 32;
    %cmp/e;
    %flag_get/vec4 4;
    %and;
T_42.79;
    %flag_set/vec4 9;
    %flag_get/vec4 9;
    %jmp/0 T_42.78, 9;
    %pushi/vec4 1, 0, 1;
    %and;
T_42.78;
    %flag_set/vec4 8;
    %flag_get/vec4 8;
    %jmp/0 T_42.77, 8;
    %pushi/vec4 1, 0, 1;
    %and;
T_42.77;
    %assign/vec4 v0x8fb115040_0, 0;
    %load/vec4 v0x8fb117f20_0;
    %parti/s 7, 0, 2;
    %cmpi/e 115, 0, 7;
    %flag_get/vec4 4;
    %jmp/0 T_42.82, 4;
    %load/vec4 v0x8fb117f20_0;
    %parti/s 11, 21, 6;
    %nor/r;
    %and;
T_42.82;
    %flag_set/vec4 9;
    %flag_get/vec4 9;
    %jmp/0 T_42.81, 9;
    %load/vec4 v0x8fb117f20_0;
    %parti/s 13, 7, 4;
    %nor/r;
    %and;
T_42.81;
    %flag_set/vec4 8;
    %flag_get/vec4 8;
    %jmp/1 T_42.80, 8;
    %pushi/vec4 0, 0, 1;
    %or;
T_42.80;
    %assign/vec4 v0x8fb1145a0_0, 0;
    %load/vec4 v0x8fb117f20_0;
    %parti/s 7, 0, 2;
    %cmpi/e 15, 0, 7;
    %flag_get/vec4 4;
    %jmp/0 T_42.83, 4;
    %load/vec4 v0x8fb117f20_0;
    %parti/s 3, 12, 5;
    %nor/r;
    %and;
T_42.83;
    %assign/vec4 v0x8fb114640_0, 0;
    %load/vec4 v0x8fb117f20_0;
    %parti/s 7, 0, 2;
    %cmpi/e 11, 0, 7;
    %flag_get/vec4 4;
    %jmp/0 T_42.86, 4;
    %load/vec4 v0x8fb117f20_0;
    %parti/s 7, 25, 6;
    %pushi/vec4 0, 0, 7;
    %cmp/e;
    %flag_get/vec4 4;
    %and;
T_42.86;
    %flag_set/vec4 9;
    %flag_get/vec4 9;
    %jmp/0 T_42.85, 9;
    %pushi/vec4 0, 0, 1;
    %and;
T_42.85;
    %flag_set/vec4 8;
    %flag_get/vec4 8;
    %jmp/0 T_42.84, 8;
    %pushi/vec4 1, 0, 1;
    %and;
T_42.84;
    %assign/vec4 v0x8fb1146e0_0, 0;
    %load/vec4 v0x8fb117f20_0;
    %parti/s 7, 0, 2;
    %cmpi/e 11, 0, 7;
    %flag_get/vec4 4;
    %jmp/0 T_42.89, 4;
    %load/vec4 v0x8fb117f20_0;
    %parti/s 7, 25, 6;
    %pushi/vec4 1, 0, 7;
    %cmp/e;
    %flag_get/vec4 4;
    %and;
T_42.89;
    %flag_set/vec4 9;
    %flag_get/vec4 9;
    %jmp/0 T_42.88, 9;
    %pushi/vec4 0, 0, 1;
    %and;
T_42.88;
    %flag_set/vec4 8;
    %flag_get/vec4 8;
    %jmp/0 T_42.87, 8;
    %pushi/vec4 1, 0, 1;
    %and;
T_42.87;
    %assign/vec4 v0x8fb115220_0, 0;
    %load/vec4 v0x8fb117f20_0;
    %parti/s 7, 0, 2;
    %cmpi/e 11, 0, 7;
    %flag_get/vec4 4;
    %jmp/0 T_42.91, 4;
    %load/vec4 v0x8fb117f20_0;
    %parti/s 7, 25, 6;
    %pushi/vec4 3, 0, 7;
    %cmp/e;
    %flag_get/vec4 4;
    %and;
T_42.91;
    %flag_set/vec4 8;
    %flag_get/vec4 8;
    %jmp/0 T_42.90, 8;
    %pushi/vec4 0, 0, 1;
    %and;
T_42.90;
    %assign/vec4 v0x8fb114c80_0, 0;
    %load/vec4 v0x8fb117f20_0;
    %parti/s 7, 0, 2;
    %cmpi/e 11, 0, 7;
    %flag_get/vec4 4;
    %jmp/0 T_42.94, 4;
    %load/vec4 v0x8fb117f20_0;
    %parti/s 7, 25, 6;
    %pushi/vec4 5, 0, 7;
    %cmp/e;
    %flag_get/vec4 4;
    %and;
T_42.94;
    %flag_set/vec4 9;
    %flag_get/vec4 9;
    %jmp/0 T_42.93, 9;
    %pushi/vec4 0, 0, 1;
    %and;
T_42.93;
    %flag_set/vec4 8;
    %flag_get/vec4 8;
    %jmp/0 T_42.92, 8;
    %pushi/vec4 1, 0, 1;
    %and;
T_42.92;
    %assign/vec4 v0x8fb115ae0_0, 0;
    %load/vec4 v0x8fb1161c0_0;
    %flag_set/vec4 8;
    %flag_get/vec4 8;
    %jmp/0 T_42.95, 8;
    %load/vec4 v0x8fb117f20_0;
    %parti/s 3, 12, 5;
    %cmpi/e 1, 0, 3;
    %flag_get/vec4 4;
    %jmp/0 T_42.96, 4;
    %load/vec4 v0x8fb117f20_0;
    %parti/s 7, 25, 6;
    %pushi/vec4 0, 0, 7;
    %cmp/e;
    %flag_get/vec4 4;
    %and;
T_42.96;
    %load/vec4 v0x8fb117f20_0;
    %parti/s 3, 12, 5;
    %cmpi/e 5, 0, 3;
    %flag_get/vec4 4;
    %jmp/0 T_42.97, 4;
    %load/vec4 v0x8fb117f20_0;
    %parti/s 7, 25, 6;
    %pushi/vec4 0, 0, 7;
    %cmp/e;
    %flag_get/vec4 4;
    %and;
T_42.97;
    %concat/vec4; draw_concat_vec4
    %load/vec4 v0x8fb117f20_0;
    %parti/s 3, 12, 5;
    %cmpi/e 5, 0, 3;
    %flag_get/vec4 4;
    %jmp/0 T_42.98, 4;
    %load/vec4 v0x8fb117f20_0;
    %parti/s 7, 25, 6;
    %pushi/vec4 32, 0, 7;
    %cmp/e;
    %flag_get/vec4 4;
    %and;
T_42.98;
    %concat/vec4; draw_concat_vec4
    %or/r;
    %and;
T_42.95;
    %assign/vec4 v0x8fb116940_0, 0;
    %load/vec4 v0x8fb114820_0;
    %flag_set/vec4 8;
    %flag_get/vec4 8;
    %jmp/1 T_42.99, 8;
    %load/vec4 v0x8fb1161c0_0;
    %flag_set/vec4 8;
    %flag_get/vec4 8;
    %jmp/0 T_42.100, 8;
    %load/vec4 v0x8fb117f20_0;
    %parti/s 3, 12, 5;
    %pushi/vec4 0, 0, 3;
    %cmp/e;
    %flag_get/vec4 4;
    %load/vec4 v0x8fb117f20_0;
    %parti/s 3, 12, 5;
    %pushi/vec4 2, 0, 3;
    %cmp/e;
    %flag_get/vec4 4;
    %concat/vec4; draw_concat_vec4
    %load/vec4 v0x8fb117f20_0;
    %parti/s 3, 12, 5;
    %pushi/vec4 3, 0, 3;
    %cmp/e;
    %flag_get/vec4 4;
    %concat/vec4; draw_concat_vec4
    %load/vec4 v0x8fb117f20_0;
    %parti/s 3, 12, 5;
    %pushi/vec4 4, 0, 3;
    %cmp/e;
    %flag_get/vec4 4;
    %concat/vec4; draw_concat_vec4
    %load/vec4 v0x8fb117f20_0;
    %parti/s 3, 12, 5;
    %pushi/vec4 6, 0, 3;
    %cmp/e;
    %flag_get/vec4 4;
    %concat/vec4; draw_concat_vec4
    %load/vec4 v0x8fb117f20_0;
    %parti/s 3, 12, 5;
    %pushi/vec4 7, 0, 3;
    %cmp/e;
    %flag_get/vec4 4;
    %concat/vec4; draw_concat_vec4
    %or/r;
    %and;
T_42.100;
    %or;
T_42.99;
    %assign/vec4 v0x8fb116440_0, 0;
    %load/vec4 v0x8fb116260_0;
    %flag_set/vec4 8;
    %flag_get/vec4 8;
    %jmp/0 T_42.101, 8;
    %load/vec4 v0x8fb117f20_0;
    %parti/s 3, 12, 5;
    %cmpi/e 1, 0, 3;
    %flag_get/vec4 4;
    %jmp/0 T_42.102, 4;
    %load/vec4 v0x8fb117f20_0;
    %parti/s 7, 25, 6;
    %pushi/vec4 0, 0, 7;
    %cmp/e;
    %flag_get/vec4 4;
    %and;
T_42.102;
    %load/vec4 v0x8fb117f20_0;
    %parti/s 3, 12, 5;
    %cmpi/e 5, 0, 3;
    %flag_get/vec4 4;
    %jmp/0 T_42.103, 4;
    %load/vec4 v0x8fb117f20_0;
    %parti/s 7, 25, 6;
    %pushi/vec4 0, 0, 7;
    %cmp/e;
    %flag_get/vec4 4;
    %and;
T_42.103;
    %concat/vec4; draw_concat_vec4
    %load/vec4 v0x8fb117f20_0;
    %parti/s 3, 12, 5;
    %cmpi/e 5, 0, 3;
    %flag_get/vec4 4;
    %jmp/0 T_42.104, 4;
    %load/vec4 v0x8fb117f20_0;
    %parti/s 7, 25, 6;
    %pushi/vec4 32, 0, 7;
    %cmp/e;
    %flag_get/vec4 4;
    %and;
T_42.104;
    %concat/vec4; draw_concat_vec4
    %or/r;
    %and;
T_42.101;
    %assign/vec4 v0x8fb1168a0_0, 0;
    %pushi/vec4 0, 0, 1;
    %assign/vec4 v0x8fb1166c0_0, 0;
    %pushi/vec4 0, 0, 1;
    %assign/vec4 v0x8fb1163a0_0, 0;
    %pushi/vec4 1, 0, 1;
    %dup/vec4;
    %load/vec4 v0x8fb114780_0;
    %cmp/u;
    %jmp/1 T_42.105, 6;
    %dup/vec4;
    %load/vec4 v0x8fb114b40_0;
    %load/vec4 v0x8fb114140_0;
    %concat/vec4; draw_concat_vec4
    %or/r;
    %cmp/u;
    %jmp/1 T_42.106, 6;
    %dup/vec4;
    %load/vec4 v0x8fb114820_0;
    %load/vec4 v0x8fb1164e0_0;
    %concat/vec4; draw_concat_vec4
    %load/vec4 v0x8fb1161c0_0;
    %concat/vec4; draw_concat_vec4
    %or/r;
    %cmp/u;
    %jmp/1 T_42.107, 6;
    %dup/vec4;
    %load/vec4 v0x8fb116300_0;
    %cmp/u;
    %jmp/1 T_42.108, 6;
    %dup/vec4;
    %load/vec4 v0x8fb116800_0;
    %cmp/u;
    %jmp/1 T_42.109, 6;
    %pushi/vec4 1, 1, 32;
    %assign/vec4 v0x8fb113700_0, 0;
    %jmp T_42.111;
T_42.105 ;
    %load/vec4 v0x8fb1137a0_0;
    %assign/vec4 v0x8fb113700_0, 0;
    %jmp T_42.111;
T_42.106 ;
    %load/vec4 v0x8fb117f20_0;
    %parti/s 20, 12, 5;
    %pad/u 32;
    %ix/load 4, 12, 0;
    %flag_set/imm 4, 0;
    %shiftl 4;
    %assign/vec4 v0x8fb113700_0, 0;
    %jmp T_42.111;
T_42.107 ;
    %load/vec4 v0x8fb117f20_0;
    %parti/s 12, 20, 6;
    %pad/s 32;
    %assign/vec4 v0x8fb113700_0, 0;
    %jmp T_42.111;
T_42.108 ;
    %load/vec4 v0x8fb117f20_0;
    %parti/s 1, 31, 6;
    %load/vec4 v0x8fb117f20_0;
    %parti/s 1, 7, 4;
    %concat/vec4; draw_concat_vec4
    %load/vec4 v0x8fb117f20_0;
    %parti/s 6, 25, 6;
    %concat/vec4; draw_concat_vec4
    %load/vec4 v0x8fb117f20_0;
    %parti/s 4, 8, 5;
    %concat/vec4; draw_concat_vec4
    %concati/vec4 0, 0, 1;
    %pad/s 32;
    %assign/vec4 v0x8fb113700_0, 0;
    %jmp T_42.111;
T_42.109 ;
    %load/vec4 v0x8fb117f20_0;
    %parti/s 7, 25, 6;
    %load/vec4 v0x8fb117f20_0;
    %parti/s 5, 7, 4;
    %concat/vec4; draw_concat_vec4
    %pad/s 32;
    %assign/vec4 v0x8fb113700_0, 0;
    %jmp T_42.111;
T_42.111 ;
    %pop/vec4 1;
T_42.17 ;
    %load/vec4 v0x8fb119cc0_0;
    %nor/r;
    %flag_set/vec4 8;
    %jmp/0xz  T_42.112, 8;
    %pushi/vec4 0, 0, 1;
    %assign/vec4 v0x8fb116300_0, 0;
    %pushi/vec4 0, 0, 1;
    %assign/vec4 v0x8fb1163a0_0, 0;
    %pushi/vec4 0, 0, 1;
    %assign/vec4 v0x8fb1141e0_0, 0;
    %pushi/vec4 0, 0, 1;
    %assign/vec4 v0x8fb114500_0, 0;
    %pushi/vec4 0, 0, 1;
    %assign/vec4 v0x8fb1143c0_0, 0;
    %pushi/vec4 0, 0, 1;
    %assign/vec4 v0x8fb114280_0, 0;
    %pushi/vec4 0, 0, 1;
    %assign/vec4 v0x8fb114460_0, 0;
    %pushi/vec4 0, 0, 1;
    %assign/vec4 v0x8fb114320_0, 0;
    %pushi/vec4 0, 0, 1;
    %assign/vec4 v0x8fb113f20_0, 0;
    %pushi/vec4 0, 0, 1;
    %assign/vec4 v0x8fb115540_0, 0;
    %pushi/vec4 0, 0, 1;
    %assign/vec4 v0x8fb1155e0_0, 0;
    %pushi/vec4 0, 0, 1;
    %assign/vec4 v0x8fb115d60_0, 0;
    %pushi/vec4 0, 0, 1;
    %assign/vec4 v0x8fb114dc0_0, 0;
    %pushi/vec4 0, 0, 1;
    %assign/vec4 v0x8fb1140a0_0, 0;
    %pushi/vec4 0, 0, 1;
    %assign/vec4 v0x8fb113e80_0, 0;
    %pushi/vec4 0, 0, 1;
    %assign/vec4 v0x8fb1159a0_0, 0;
    %pushi/vec4 0, 0, 1;
    %assign/vec4 v0x8fb115360_0, 0;
    %pushi/vec4 0, 0, 1;
    %assign/vec4 v0x8fb1154a0_0, 0;
    %pushi/vec4 0, 0, 1;
    %assign/vec4 v0x8fb115680_0, 0;
    %pushi/vec4 0, 0, 1;
    %assign/vec4 v0x8fb115cc0_0, 0;
    %pushi/vec4 0, 0, 1;
    %assign/vec4 v0x8fb115860_0, 0;
    %pushi/vec4 0, 0, 1;
    %assign/vec4 v0x8fb115720_0, 0;
    %pushi/vec4 0, 0, 1;
    %assign/vec4 v0x8fb114d20_0, 0;
    %pushi/vec4 0, 0, 1;
    %assign/vec4 v0x8fb114000_0, 0;
    %pushi/vec4 0, 0, 1;
    %assign/vec4 v0x8fb114640_0, 0;
T_42.112 ;
    %jmp T_42;
    .thread T_42;
    .scope S_0x8fa4d8900;
T_43 ;
    %wait E_0x8fb0d2ac0;
    %pushi/vec4 0, 0, 32; draw_string_vec4
    %pushi/vec4 0, 0, 32; draw_string_vec4
    %concat/vec4; draw_string_vec4
    %pushi/vec4 0, 0, 32; draw_string_vec4
    %concat/vec4; draw_string_vec4
    %pushi/vec4 0, 0, 32; draw_string_vec4
    %concat/vec4; draw_string_vec4
    %store/vec4 v0x8fb112a80_0, 0, 128;
    %load/vec4 v0x8fb112580_0;
    %cmpi/e 128, 0, 8;
    %jmp/0xz  T_43.0, 4;
    %pushi/vec4 0, 0, 32; draw_string_vec4
    %pushi/vec4 0, 0, 32; draw_string_vec4
    %concat/vec4; draw_string_vec4
    %pushi/vec4 0, 0, 32; draw_string_vec4
    %concat/vec4; draw_string_vec4
    %pushi/vec4 1953653104, 0, 32; draw_string_vec4
    %concat/vec4; draw_string_vec4
    %store/vec4 v0x8fb112a80_0, 0, 128;
T_43.0 ;
    %load/vec4 v0x8fb112580_0;
    %cmpi/e 64, 0, 8;
    %jmp/0xz  T_43.2, 4;
    %pushi/vec4 0, 0, 32; draw_string_vec4
    %pushi/vec4 0, 0, 32; draw_string_vec4
    %concat/vec4; draw_string_vec4
    %pushi/vec4 102, 0, 32; draw_string_vec4
    %concat/vec4; draw_string_vec4
    %pushi/vec4 1702126440, 0, 32; draw_string_vec4
    %concat/vec4; draw_string_vec4
    %store/vec4 v0x8fb112a80_0, 0, 128;
T_43.2 ;
    %load/vec4 v0x8fb112580_0;
    %cmpi/e 32, 0, 8;
    %jmp/0xz  T_43.4, 4;
    %pushi/vec4 0, 0, 32; draw_string_vec4
    %pushi/vec4 0, 0, 32; draw_string_vec4
    %concat/vec4; draw_string_vec4
    %pushi/vec4 27748, 0, 32; draw_string_vec4
    %concat/vec4; draw_string_vec4
    %pushi/vec4 1601336113, 0, 32; draw_string_vec4
    %concat/vec4; draw_string_vec4
    %store/vec4 v0x8fb112a80_0, 0, 128;
T_43.4 ;
    %load/vec4 v0x8fb112580_0;
    %cmpi/e 16, 0, 8;
    %jmp/0xz  T_43.6, 4;
    %pushi/vec4 0, 0, 32; draw_string_vec4
    %pushi/vec4 0, 0, 32; draw_string_vec4
    %concat/vec4; draw_string_vec4
    %pushi/vec4 27748, 0, 32; draw_string_vec4
    %concat/vec4; draw_string_vec4
    %pushi/vec4 1601336114, 0, 32; draw_string_vec4
    %concat/vec4; draw_string_vec4
    %store/vec4 v0x8fb112a80_0, 0, 128;
T_43.6 ;
    %load/vec4 v0x8fb112580_0;
    %cmpi/e 8, 0, 8;
    %jmp/0xz  T_43.8, 4;
    %pushi/vec4 0, 0, 32; draw_string_vec4
    %pushi/vec4 0, 0, 32; draw_string_vec4
    %concat/vec4; draw_string_vec4
    %pushi/vec4 0, 0, 32; draw_string_vec4
    %concat/vec4; draw_string_vec4
    %pushi/vec4 1702389091, 0, 32; draw_string_vec4
    %concat/vec4; draw_string_vec4
    %store/vec4 v0x8fb112a80_0, 0, 128;
T_43.8 ;
    %load/vec4 v0x8fb112580_0;
    %cmpi/e 4, 0, 8;
    %jmp/0xz  T_43.10, 4;
    %pushi/vec4 0, 0, 32; draw_string_vec4
    %pushi/vec4 0, 0, 32; draw_string_vec4
    %concat/vec4; draw_string_vec4
    %pushi/vec4 115, 0, 32; draw_string_vec4
    %concat/vec4; draw_string_vec4
    %pushi/vec4 1751737972, 0, 32; draw_string_vec4
    %concat/vec4; draw_string_vec4
    %store/vec4 v0x8fb112a80_0, 0, 128;
T_43.10 ;
    %load/vec4 v0x8fb112580_0;
    %cmpi/e 2, 0, 8;
    %jmp/0xz  T_43.12, 4;
    %pushi/vec4 0, 0, 32; draw_string_vec4
    %pushi/vec4 0, 0, 32; draw_string_vec4
    %concat/vec4; draw_string_vec4
    %pushi/vec4 115, 0, 32; draw_string_vec4
    %concat/vec4; draw_string_vec4
    %pushi/vec4 1953326445, 0, 32; draw_string_vec4
    %concat/vec4; draw_string_vec4
    %store/vec4 v0x8fb112a80_0, 0, 128;
T_43.12 ;
    %load/vec4 v0x8fb112580_0;
    %cmpi/e 1, 0, 8;
    %jmp/0xz  T_43.14, 4;
    %pushi/vec4 0, 0, 32; draw_string_vec4
    %pushi/vec4 0, 0, 32; draw_string_vec4
    %concat/vec4; draw_string_vec4
    %pushi/vec4 108, 0, 32; draw_string_vec4
    %concat/vec4; draw_string_vec4
    %pushi/vec4 1684890989, 0, 32; draw_string_vec4
    %concat/vec4; draw_string_vec4
    %store/vec4 v0x8fb112a80_0, 0, 128;
T_43.14 ;
    %jmp T_43;
    .thread T_43, $push;
    .scope S_0x8fa4d8900;
T_44 ;
    %wait E_0x8fb0d2a80;
    %pushi/vec4 1, 1, 1;
    %store/vec4 v0x8fb1119a0_0, 0, 1;
    %pushi/vec4 1, 0, 1;
    %dup/vec4;
    %load/vec4 v0x8fb1141e0_0;
    %cmp/u;
    %jmp/1 T_44.0, 6;
    %dup/vec4;
    %load/vec4 v0x8fb114500_0;
    %cmp/u;
    %jmp/1 T_44.1, 6;
    %dup/vec4;
    %load/vec4 v0x8fb114280_0;
    %cmp/u;
    %jmp/1 T_44.2, 6;
    %dup/vec4;
    %load/vec4 v0x8fb114320_0;
    %cmp/u;
    %jmp/1 T_44.3, 6;
    %dup/vec4;
    %load/vec4 v0x8fb1169e0_0;
    %flag_set/vec4 8;
    %flag_get/vec4 8;
    %jmp/0 T_44.7, 8;
    %pushi/vec4 1, 0, 1;
    %and;
T_44.7;
    %cmp/u;
    %jmp/1 T_44.4, 6;
    %dup/vec4;
    %load/vec4 v0x8fb116a80_0;
    %flag_set/vec4 8;
    %flag_get/vec4 8;
    %jmp/0 T_44.8, 8;
    %pushi/vec4 1, 0, 1;
    %and;
T_44.8;
    %cmp/u;
    %jmp/1 T_44.5, 6;
    %jmp T_44.6;
T_44.0 ;
    %load/vec4 v0x8fb111720_0;
    %store/vec4 v0x8fb1119a0_0, 0, 1;
    %jmp T_44.6;
T_44.1 ;
    %load/vec4 v0x8fb111720_0;
    %nor/r;
    %store/vec4 v0x8fb1119a0_0, 0, 1;
    %jmp T_44.6;
T_44.2 ;
    %load/vec4 v0x8fb1117c0_0;
    %nor/r;
    %store/vec4 v0x8fb1119a0_0, 0, 1;
    %jmp T_44.6;
T_44.3 ;
    %load/vec4 v0x8fb111860_0;
    %nor/r;
    %store/vec4 v0x8fb1119a0_0, 0, 1;
    %jmp T_44.6;
T_44.4 ;
    %load/vec4 v0x8fb1117c0_0;
    %store/vec4 v0x8fb1119a0_0, 0, 1;
    %jmp T_44.6;
T_44.5 ;
    %load/vec4 v0x8fb111860_0;
    %store/vec4 v0x8fb1119a0_0, 0, 1;
    %jmp T_44.6;
T_44.6 ;
    %pop/vec4 1;
    %pushi/vec4 4294967295, 4294967295, 32;
    %store/vec4 v0x8fb111900_0, 0, 32;
    %pushi/vec4 1, 0, 1;
    %dup/vec4;
    %load/vec4 v0x8fb1166c0_0;
    %cmp/u;
    %jmp/1 T_44.9, 6;
    %dup/vec4;
    %load/vec4 v0x8fb1163a0_0;
    %cmp/u;
    %jmp/1 T_44.10, 6;
    %dup/vec4;
    %load/vec4 v0x8fb115d60_0;
    %flag_set/vec4 8;
    %flag_get/vec4 8;
    %jmp/1 T_44.17, 8;
    %load/vec4 v0x8fb115cc0_0;
    %or;
T_44.17;
    %cmp/u;
    %jmp/1 T_44.11, 6;
    %dup/vec4;
    %load/vec4 v0x8fb114dc0_0;
    %flag_set/vec4 8;
    %flag_get/vec4 8;
    %jmp/1 T_44.18, 8;
    %load/vec4 v0x8fb114d20_0;
    %or;
T_44.18;
    %cmp/u;
    %jmp/1 T_44.12, 6;
    %dup/vec4;
    %load/vec4 v0x8fb1140a0_0;
    %flag_set/vec4 8;
    %flag_get/vec4 8;
    %jmp/1 T_44.19, 8;
    %load/vec4 v0x8fb114000_0;
    %or;
T_44.19;
    %cmp/u;
    %jmp/1 T_44.13, 6;
    %dup/vec4;
    %pushi/vec4 0, 0, 1;
    %cmp/u;
    %jmp/1 T_44.14, 6;
    %dup/vec4;
    %pushi/vec4 0, 0, 1;
    %cmp/u;
    %jmp/1 T_44.15, 6;
    %jmp T_44.16;
T_44.9 ;
    %load/vec4 v0x8fb111680_0;
    %store/vec4 v0x8fb111900_0, 0, 32;
    %jmp T_44.16;
T_44.10 ;
    %load/vec4 v0x8fb1119a0_0;
    %pad/u 32;
    %store/vec4 v0x8fb111900_0, 0, 32;
    %jmp T_44.16;
T_44.11 ;
    %load/vec4 v0x8fb1199a0_0;
    %load/vec4 v0x8fb119a40_0;
    %xor;
    %store/vec4 v0x8fb111900_0, 0, 32;
    %jmp T_44.16;
T_44.12 ;
    %load/vec4 v0x8fb1199a0_0;
    %load/vec4 v0x8fb119a40_0;
    %or;
    %store/vec4 v0x8fb111900_0, 0, 32;
    %jmp T_44.16;
T_44.13 ;
    %load/vec4 v0x8fb1199a0_0;
    %load/vec4 v0x8fb119a40_0;
    %and;
    %store/vec4 v0x8fb111900_0, 0, 32;
    %jmp T_44.16;
T_44.14 ;
    %load/vec4 v0x8fb111b80_0;
    %store/vec4 v0x8fb111900_0, 0, 32;
    %jmp T_44.16;
T_44.15 ;
    %load/vec4 v0x8fb111c20_0;
    %store/vec4 v0x8fb111900_0, 0, 32;
    %jmp T_44.16;
T_44.16 ;
    %pop/vec4 1;
    %jmp T_44;
    .thread T_44, $push;
    .scope S_0x8fa4d8900;
T_45 ;
    %wait E_0x8fb0d2980;
    %load/vec4 v0x8fb1121c0_0;
    %assign/vec4 v0x8fb112260_0, 0;
    %jmp T_45;
    .thread T_45;
    .scope S_0x8fa4d8900;
T_46 ;
    %wait E_0x8fb0d2a40;
    %load/vec4 v0x8fb112260_0;
    %store/vec4 v0x8fb1121c0_0, 0, 1;
    %load/vec4 v0x8fb1194a0_0;
    %nor/r;
    %flag_set/vec4 8;
    %jmp/0xz  T_46.0, 8;
    %pushi/vec4 0, 0, 1;
    %store/vec4 v0x8fb1121c0_0, 0, 1;
T_46.0 ;
    %load/vec4 v0x8fb116bc0_0;
    %flag_set/vec4 8;
    %jmp/1 T_46.5, 8;
    %load/vec4 v0x8fb116120_0;
    %cmpi/ne 0, 0, 2;
    %flag_or 8, 4;
T_46.5;
    %jmp/1 T_46.4, 8;
    %load/vec4 v0x8fb119cc0_0;
    %nor/r;
    %flag_set/vec4 9;
    %flag_or 8, 9;
T_46.4;
    %jmp/0xz  T_46.2, 8;
    %pushi/vec4 0, 0, 1;
    %store/vec4 v0x8fb1121c0_0, 0, 1;
T_46.2 ;
    %jmp T_46;
    .thread T_46, $push;
    .scope S_0x8fa4d8900;
T_47 ;
    %wait E_0x8fb0d2a00;
    %pushi/vec4 0, 0, 1;
    %store/vec4 v0x8fb1128a0_0, 0, 1;
    %pushi/vec4 4294967295, 4294967295, 32;
    %store/vec4 v0x8fb112800_0, 0, 32;
    %load/vec4 v0x8fb112580_0;
    %cmpi/e 64, 0, 8;
    %jmp/0xz  T_47.0, 4;
    %pushi/vec4 1, 0, 1;
    %dup/vec4;
    %load/vec4 v0x8fb116bc0_0;
    %cmp/u;
    %jmp/1 T_47.2, 6;
    %dup/vec4;
    %load/vec4 v0x8fb117020_0;
    %flag_set/vec4 8;
    %flag_get/vec4 8;
    %jmp/0 T_47.7, 8;
    %load/vec4 v0x8fb116bc0_0;
    %nor/r;
    %and;
T_47.7;
    %cmp/u;
    %jmp/1 T_47.3, 6;
    %dup/vec4;
    %pushi/vec4 0, 0, 1;
    %cmp/u;
    %jmp/1 T_47.4, 6;
    %dup/vec4;
    %pushi/vec4 0, 0, 1;
    %cmp/u;
    %jmp/1 T_47.5, 6;
    %jmp T_47.6;
T_47.2 ;
    %load/vec4 v0x8fb119b80_0;
    %load/vec4 v0x8fb116c60_0;
    %flag_set/vec4 8;
    %jmp/0 T_47.8, 8;
    %pushi/vec4 2, 0, 32;
    %jmp/1 T_47.9, 8;
T_47.8 ; End of true expr.
    %pushi/vec4 4, 0, 32;
    %jmp/0 T_47.9, 8;
 ; End of false expr.
    %blend;
T_47.9;
    %add;
    %store/vec4 v0x8fb112800_0, 0, 32;
    %pushi/vec4 1, 0, 1;
    %store/vec4 v0x8fb1128a0_0, 0, 1;
    %jmp T_47.6;
T_47.3 ;
    %load/vec4 v0x8fb116f80_0;
    %flag_set/vec4 8;
    %jmp/0 T_47.10, 8;
    %load/vec4 v0x8fb111ae0_0;
    %jmp/1 T_47.11, 8;
T_47.10 ; End of true expr.
    %load/vec4 v0x8fb119ae0_0;
    %jmp/0 T_47.11, 8;
 ; End of false expr.
    %blend;
T_47.11;
    %store/vec4 v0x8fb112800_0, 0, 32;
    %pushi/vec4 1, 0, 1;
    %store/vec4 v0x8fb1128a0_0, 0, 1;
    %jmp T_47.6;
T_47.4 ;
    %load/vec4 v0x8fb119900_0;
    %load/vec4 v0x8fb116c60_0;
    %pad/u 32;
    %or;
    %store/vec4 v0x8fb112800_0, 0, 32;
    %pushi/vec4 1, 0, 1;
    %store/vec4 v0x8fb1128a0_0, 0, 1;
    %jmp T_47.6;
T_47.5 ;
    %load/vec4 v0x8fb116080_0;
    %load/vec4 v0x8fb115fe0_0;
    %inv;
    %and;
    %store/vec4 v0x8fb112800_0, 0, 32;
    %pushi/vec4 1, 0, 1;
    %store/vec4 v0x8fb1128a0_0, 0, 1;
    %jmp T_47.6;
T_47.6 ;
    %pop/vec4 1;
T_47.0 ;
    %jmp T_47;
    .thread T_47, $push;
    .scope S_0x8fa4d8900;
T_48 ;
    %wait E_0x8fb0d2980;
    %load/vec4 v0x8fb119cc0_0;
    %flag_set/vec4 10;
    %flag_get/vec4 10;
    %jmp/0 T_48.3, 10;
    %load/vec4 v0x8fb1128a0_0;
    %and;
T_48.3;
    %flag_set/vec4 9;
    %flag_get/vec4 9;
    %jmp/0 T_48.2, 9;
    %load/vec4 v0x8fb116ee0_0;
    %pushi/vec4 0, 0, 5;
    %cmp/ne;
    %flag_get/vec4 4;
    %and;
T_48.2;
    %flag_set/vec4 8;
    %jmp/0xz  T_48.0, 8;
    %load/vec4 v0x8fb112800_0;
    %load/vec4 v0x8fb116ee0_0;
    %pad/u 7;
    %ix/vec4 3;
    %ix/load 4, 0, 0; Constant delay
    %assign/vec4/a/d v0x8fb112620, 0, 4;
T_48.0 ;
    %jmp T_48;
    .thread T_48;
    .scope S_0x8fa4d8900;
T_49 ;
    %wait E_0x8fb0d29c0;
    %pushi/vec4 31, 31, 5;
    %store/vec4 v0x8fb1138e0_0, 0, 5;
    %load/vec4 v0x8fb113980_0;
    %cmpi/ne 0, 0, 5;
    %flag_mov 8, 4;
    %jmp/0 T_49.0, 8;
    %load/vec4 v0x8fb113980_0;
    %pad/u 7;
    %ix/vec4 4;
    %load/vec4a v0x8fb112620, 4;
    %jmp/1 T_49.1, 8;
T_49.0 ; End of true expr.
    %pushi/vec4 0, 0, 32;
    %jmp/0 T_49.1, 8;
 ; End of false expr.
    %blend;
T_49.1;
    %store/vec4 v0x8fb1126c0_0, 0, 32;
    %load/vec4 v0x8fb113a20_0;
    %cmpi/ne 0, 0, 5;
    %flag_mov 8, 4;
    %jmp/0 T_49.2, 8;
    %load/vec4 v0x8fb113a20_0;
    %pad/u 7;
    %ix/vec4 4;
    %load/vec4a v0x8fb112620, 4;
    %jmp/1 T_49.3, 8;
T_49.2 ; End of true expr.
    %pushi/vec4 0, 0, 32;
    %jmp/0 T_49.3, 8;
 ; End of false expr.
    %blend;
T_49.3;
    %store/vec4 v0x8fb112760_0, 0, 32;
    %jmp T_49;
    .thread T_49, $push;
    .scope S_0x8fa4d8900;
T_50 ;
    %wait E_0x8fb0d2980;
    %pushi/vec4 0, 0, 1;
    %assign/vec4 v0x8fb11a120_0, 0;
    %pushi/vec4 31, 31, 5;
    %assign/vec4 v0x8fb119c20_0, 0;
    %pushi/vec4 4294967295, 4294967295, 32;
    %assign/vec4 v0x8fb119ae0_0, 0;
    %pushi/vec4 0, 0, 1;
    %store/vec4 v0x8fb119e00_0, 0, 1;
    %pushi/vec4 0, 0, 1;
    %store/vec4 v0x8fb119d60_0, 0, 1;
    %pushi/vec4 0, 0, 1;
    %store/vec4 v0x8fb119ea0_0, 0, 1;
    %load/vec4 v0x8fb1119a0_0;
    %assign/vec4 v0x8fb111a40_0, 0;
    %load/vec4 v0x8fb111900_0;
    %assign/vec4 v0x8fb111ae0_0, 0;
    %pushi/vec4 0, 0, 1;
    %assign/vec4 v0x8fb111cc0_0, 0;
    %pushi/vec4 0, 0, 1;
    %assign/vec4 v0x8fb111d60_0, 0;
    %load/vec4 v0x8fb117160_0;
    %flag_set/vec4 8;
    %jmp/0xz  T_50.0, 8;
    %pushi/vec4 4294967295, 4294967295, 32;
    %assign/vec4 v0x8fb1133e0_0, 0;
    %pushi/vec4 4294967295, 4294967295, 32;
    %assign/vec4 v0x8fb113520_0, 0;
    %pushi/vec4 0, 0, 1;
    %assign/vec4 v0x8fb113480_0, 0;
    %pushi/vec4 0, 0, 1;
    %assign/vec4 v0x8fb1135c0_0, 0;
T_50.0 ;
    %load/vec4 v0x8fb119cc0_0;
    %flag_set/vec4 8;
    %jmp/0 T_50.2, 8;
    %load/vec4 v0x8fb112440_0;
    %addi 1, 0, 64;
    %jmp/1 T_50.3, 8;
T_50.2 ; End of true expr.
    %pushi/vec4 0, 0, 64;
    %jmp/0 T_50.3, 8;
 ; End of false expr.
    %blend;
T_50.3;
    %assign/vec4 v0x8fb112440_0, 0;
    %pushi/vec4 4294967295, 4294967295, 32;
    %store/vec4 v0x8fb118640_0, 0, 32;
    %load/vec4 v0x8fb117480_0;
    %flag_set/vec4 8;
    %flag_get/vec4 8;
    %jmp/0 T_50.4, 8;
    %load/vec4 v0x8fb1175c0_0;
    %and;
T_50.4;
    %assign/vec4 v0x8fb113c00_0, 0;
    %load/vec4 v0x8fb113c00_0;
    %assign/vec4 v0x8fb113ca0_0, 0;
    %pushi/vec4 0, 0, 1;
    %assign/vec4 v0x8fb113ac0_0, 0;
    %load/vec4 v0x8fb113ac0_0;
    %assign/vec4 v0x8fb113b60_0, 0;
    %pushi/vec4 0, 0, 1;
    %assign/vec4 v0x8fb113d40_0, 0;
    %pushi/vec4 0, 0, 1;
    %assign/vec4 v0x8fb11a080_0, 0;
    %pushi/vec4 4294967295, 4294967295, 32;
    %concati/vec4 15, 15, 4;
    %assign/vec4 v0x8fb119fe0_0, 0;
    %load/vec4 v0x8fb119cc0_0;
    %nor/r;
    %flag_set/vec4 8;
    %jmp/0xz  T_50.5, 8;
    %pushi/vec4 0, 0, 32;
    %assign/vec4 v0x8fb119b80_0, 0;
    %pushi/vec4 0, 0, 32;
    %assign/vec4 v0x8fb119900_0, 0;
    %pushi/vec4 0, 0, 64;
    %assign/vec4 v0x8fb1124e0_0, 0;
    %pushi/vec4 0, 0, 1;
    %assign/vec4 v0x8fb117020_0, 0;
    %pushi/vec4 0, 0, 1;
    %assign/vec4 v0x8fb116f80_0, 0;
    %pushi/vec4 0, 0, 1;
    %assign/vec4 v0x8fb116bc0_0, 0;
    %pushi/vec4 0, 0, 1;
    %assign/vec4 v0x8fb1170c0_0, 0;
    %pushi/vec4 0, 0, 1;
    %assign/vec4 v0x8fb116e40_0, 0;
    %pushi/vec4 0, 0, 1;
    %assign/vec4 v0x8fb116da0_0, 0;
    %pushi/vec4 0, 0, 1;
    %assign/vec4 v0x8fb116d00_0, 0;
    %pushi/vec4 0, 0, 1;
    %assign/vec4 v0x8fb1192c0_0, 0;
    %pushi/vec4 0, 0, 1;
    %assign/vec4 v0x8fb119220_0, 0;
    %pushi/vec4 0, 0, 1;
    %assign/vec4 v0x8fb115ea0_0, 0;
    %pushi/vec4 0, 0, 1;
    %assign/vec4 v0x8fb115f40_0, 0;
    %pushi/vec4 4294967295, 0, 32;
    %assign/vec4 v0x8fb115fe0_0, 0;
    %pushi/vec4 0, 0, 32;
    %store/vec4 v0x8fb118640_0, 0, 32;
    %pushi/vec4 0, 0, 2;
    %assign/vec4 v0x8fb116120_0, 0;
    %pushi/vec4 0, 0, 32;
    %assign/vec4 v0x8fb113de0_0, 0;
    %pushi/vec4 0, 0, 32;
    %assign/vec4 v0x8fb119f40_0, 0;
    %pushi/vec4 64, 0, 8;
    %assign/vec4 v0x8fb112580_0, 0;
    %jmp T_50.6;
T_50.5 ;
    %load/vec4 v0x8fb112580_0;
    %dup/vec4;
    %pushi/vec4 128, 0, 8;
    %cmp/u;
    %jmp/1 T_50.7, 6;
    %dup/vec4;
    %pushi/vec4 64, 0, 8;
    %cmp/u;
    %jmp/1 T_50.8, 6;
    %dup/vec4;
    %pushi/vec4 32, 0, 8;
    %cmp/u;
    %jmp/1 T_50.9, 6;
    %dup/vec4;
    %pushi/vec4 16, 0, 8;
    %cmp/u;
    %jmp/1 T_50.10, 6;
    %dup/vec4;
    %pushi/vec4 8, 0, 8;
    %cmp/u;
    %jmp/1 T_50.11, 6;
    %dup/vec4;
    %pushi/vec4 4, 0, 8;
    %cmp/u;
    %jmp/1 T_50.12, 6;
    %dup/vec4;
    %pushi/vec4 2, 0, 8;
    %cmp/u;
    %jmp/1 T_50.13, 6;
    %dup/vec4;
    %pushi/vec4 1, 0, 8;
    %cmp/u;
    %jmp/1 T_50.14, 6;
    %jmp T_50.15;
T_50.7 ;
    %pushi/vec4 1, 0, 1;
    %assign/vec4 v0x8fb11a120_0, 0;
    %jmp T_50.15;
T_50.8 ;
    %load/vec4 v0x8fb113c00_0;
    %nor/r;
    %flag_set/vec4 8;
    %flag_get/vec4 8;
    %jmp/0 T_50.16, 8;
    %load/vec4 v0x8fb113d40_0;
    %nor/r;
    %and;
T_50.16;
    %assign/vec4 v0x8fb117480_0, 0;
    %pushi/vec4 0, 0, 2;
    %assign/vec4 v0x8fb118320_0, 0;
    %load/vec4 v0x8fb119900_0;
    %store/vec4 v0x8fb112940_0, 0, 32;
    %pushi/vec4 1, 0, 1;
    %dup/vec4;
    %load/vec4 v0x8fb116bc0_0;
    %cmp/u;
    %jmp/1 T_50.17, 6;
    %dup/vec4;
    %load/vec4 v0x8fb117020_0;
    %flag_set/vec4 8;
    %flag_get/vec4 8;
    %jmp/0 T_50.22, 8;
    %load/vec4 v0x8fb116bc0_0;
    %nor/r;
    %and;
T_50.22;
    %cmp/u;
    %jmp/1 T_50.18, 6;
    %dup/vec4;
    %pushi/vec4 0, 0, 1;
    %cmp/u;
    %jmp/1 T_50.19, 6;
    %dup/vec4;
    %pushi/vec4 0, 0, 1;
    %cmp/u;
    %jmp/1 T_50.20, 6;
    %jmp T_50.21;
T_50.17 ;
    %load/vec4 v0x8fb117020_0;
    %flag_set/vec4 8;
    %jmp/0 T_50.23, 8;
    %load/vec4 v0x8fb116f80_0;
    %flag_set/vec4 9;
    %jmp/0 T_50.25, 9;
    %load/vec4 v0x8fb111ae0_0;
    %jmp/1 T_50.26, 9;
T_50.25 ; End of true expr.
    %load/vec4 v0x8fb119ae0_0;
    %jmp/0 T_50.26, 9;
 ; End of false expr.
    %blend;
T_50.26;
    %pushi/vec4 4294967294, 0, 32;
    %and;
    %jmp/1 T_50.24, 8;
T_50.23 ; End of true expr.
    %load/vec4 v0x8fb119900_0;
    %jmp/0 T_50.24, 8;
 ; End of false expr.
    %blend;
T_50.24;
    %store/vec4 v0x8fb112940_0, 0, 32;
    %jmp T_50.21;
T_50.18 ;
    %jmp T_50.21;
T_50.19 ;
    %pushi/vec4 16, 0, 32;
    %store/vec4 v0x8fb112940_0, 0, 32;
    %pushi/vec4 1, 0, 1;
    %assign/vec4 v0x8fb115ea0_0, 0;
    %pushi/vec4 1, 0, 1;
    %assign/vec4 v0x8fb117480_0, 0;
    %jmp T_50.21;
T_50.20 ;
    %load/vec4 v0x8fb116080_0;
    %load/vec4 v0x8fb115fe0_0;
    %inv;
    %and;
    %assign/vec4 v0x8fb113de0_0, 0;
    %load/vec4 v0x8fb118640_0;
    %load/vec4 v0x8fb115fe0_0;
    %and;
    %store/vec4 v0x8fb118640_0, 0, 32;
    %jmp T_50.21;
T_50.21 ;
    %pop/vec4 1;
    %load/vec4 v0x8fb112940_0;
    %assign/vec4 v0x8fb119b80_0, 0;
    %load/vec4 v0x8fb112940_0;
    %assign/vec4 v0x8fb119900_0, 0;
    %pushi/vec4 0, 0, 1;
    %assign/vec4 v0x8fb117020_0, 0;
    %pushi/vec4 0, 0, 1;
    %assign/vec4 v0x8fb116f80_0, 0;
    %pushi/vec4 0, 0, 1;
    %assign/vec4 v0x8fb116bc0_0, 0;
    %pushi/vec4 0, 0, 1;
    %assign/vec4 v0x8fb116e40_0, 0;
    %pushi/vec4 0, 0, 1;
    %assign/vec4 v0x8fb116da0_0, 0;
    %pushi/vec4 0, 0, 1;
    %assign/vec4 v0x8fb116d00_0, 0;
    %load/vec4 v0x8fb113840_0;
    %assign/vec4 v0x8fb116ee0_0, 0;
    %load/vec4 v0x8fb1123a0_0;
    %assign/vec4 v0x8fb116c60_0, 0;
    %load/vec4 v0x8fb113c00_0;
    %flag_set/vec4 8;
    %jmp/0xz  T_50.27, 8;
    %load/vec4 v0x8fb115ea0_0;
    %assign/vec4 v0x8fb115f40_0, 0;
    %load/vec4 v0x8fb112940_0;
    %load/vec4 v0x8fb1123a0_0;
    %flag_set/vec4 8;
    %jmp/0 T_50.29, 8;
    %pushi/vec4 2, 0, 32;
    %jmp/1 T_50.30, 8;
T_50.29 ; End of true expr.
    %pushi/vec4 4, 0, 32;
    %jmp/0 T_50.30, 8;
 ; End of false expr.
    %blend;
T_50.30;
    %add;
    %assign/vec4 v0x8fb119900_0, 0;
    %load/vec4 v0x8fb1124e0_0;
    %addi 1, 0, 64;
    %assign/vec4 v0x8fb1124e0_0, 0;
    %load/vec4 v0x8fb114780_0;
    %flag_set/vec4 8;
    %jmp/0xz  T_50.31, 8;
    %pushi/vec4 1, 0, 1;
    %assign/vec4 v0x8fb117480_0, 0;
    %load/vec4 v0x8fb112940_0;
    %load/vec4 v0x8fb1137a0_0;
    %add;
    %assign/vec4 v0x8fb119900_0, 0;
    %pushi/vec4 1, 0, 1;
    %assign/vec4 v0x8fb116bc0_0, 0;
    %jmp T_50.32;
T_50.31 ;
    %pushi/vec4 0, 0, 1;
    %assign/vec4 v0x8fb117480_0, 0;
    %load/vec4 v0x8fb114820_0;
    %nor/r;
    %flag_set/vec4 8;
    %flag_get/vec4 8;
    %jmp/0 T_50.33, 8;
    %load/vec4 v0x8fb1150e0_0;
    %nor/r;
    %and;
T_50.33;
    %assign/vec4 v0x8fb117340_0, 0;
    %pushi/vec4 32, 0, 8;
    %assign/vec4 v0x8fb112580_0, 0;
T_50.32 ;
T_50.27 ;
    %jmp T_50.15;
T_50.9 ;
    %pushi/vec4 4294967295, 4294967295, 32;
    %assign/vec4 v0x8fb1199a0_0, 0;
    %pushi/vec4 4294967295, 4294967295, 32;
    %assign/vec4 v0x8fb119a40_0, 0;
    %pushi/vec4 1, 0, 1;
    %dup/vec4;
    %pushi/vec4 1, 0, 1;
    %flag_set/vec4 8;
    %flag_get/vec4 8;
    %jmp/0 T_50.48, 8;
    %load/vec4 v0x8fb115b80_0;
    %and;
T_50.48;
    %cmp/u;
    %jmp/1 T_50.34, 6;
    %dup/vec4;
    %pushi/vec4 1, 0, 1;
    %flag_set/vec4 8;
    %flag_get/vec4 8;
    %jmp/0 T_50.49, 8;
    %load/vec4 v0x8fb116760_0;
    %and;
T_50.49;
    %cmp/u;
    %jmp/1 T_50.35, 6;
    %dup/vec4;
    %load/vec4 v0x8fb116620_0;
    %cmp/u;
    %jmp/1 T_50.36, 6;
    %dup/vec4;
    %pushi/vec4 0, 0, 1;
    %cmp/u;
    %jmp/1 T_50.37, 6;
    %dup/vec4;
    %pushi/vec4 0, 0, 1;
    %cmp/u;
    %jmp/1 T_50.38, 6;
    %dup/vec4;
    %pushi/vec4 0, 0, 1;
    %cmp/u;
    %jmp/1 T_50.39, 6;
    %dup/vec4;
    %pushi/vec4 0, 0, 1;
    %cmp/u;
    %jmp/1 T_50.40, 6;
    %dup/vec4;
    %pushi/vec4 0, 0, 1;
    %cmp/u;
    %jmp/1 T_50.41, 6;
    %dup/vec4;
    %load/vec4 v0x8fb1164e0_0;
    %flag_set/vec4 8;
    %flag_get/vec4 8;
    %jmp/0 T_50.50, 8;
    %load/vec4 v0x8fb115b80_0;
    %nor/r;
    %and;
T_50.50;
    %cmp/u;
    %jmp/1 T_50.42, 6;
    %dup/vec4;
    %load/vec4 v0x8fb116940_0;
    %flag_set/vec4 8;
    %flag_get/vec4 8;
    %jmp/0 T_50.51, 8;
    %pushi/vec4 1, 0, 1;
    %and;
T_50.51;
    %cmp/u;
    %jmp/1 T_50.43, 6;
    %dup/vec4;
    %load/vec4 v0x8fb116440_0;
    %cmp/u;
    %jmp/1 T_50.44, 6;
    %dup/vec4;
    %load/vec4 v0x8fb116940_0;
    %flag_set/vec4 8;
    %flag_get/vec4 8;
    %jmp/0 T_50.52, 8;
    %pushi/vec4 0, 0, 1;
    %and;
T_50.52;
    %cmp/u;
    %jmp/1 T_50.45, 6;
    %load/vec4 v0x8fb1126c0_0;
    %assign/vec4 v0x8fb1199a0_0, 0;
    %load/vec4 v0x8fb1126c0_0;
    %assign/vec4 v0x8fb1133e0_0, 0;
    %pushi/vec4 1, 0, 1;
    %assign/vec4 v0x8fb113480_0, 0;
    %load/vec4 v0x8fb112760_0;
    %pad/u 5;
    %assign/vec4 v0x8fb119c20_0, 0;
    %load/vec4 v0x8fb112760_0;
    %assign/vec4 v0x8fb119a40_0, 0;
    %load/vec4 v0x8fb112760_0;
    %assign/vec4 v0x8fb113520_0, 0;
    %pushi/vec4 1, 0, 1;
    %assign/vec4 v0x8fb1135c0_0, 0;
    %pushi/vec4 1, 0, 1;
    %dup/vec4;
    %load/vec4 v0x8fb116800_0;
    %cmp/u;
    %jmp/1 T_50.53, 6;
    %dup/vec4;
    %load/vec4 v0x8fb1168a0_0;
    %flag_set/vec4 8;
    %flag_get/vec4 8;
    %jmp/0 T_50.57, 8;
    %pushi/vec4 1, 0, 1;
    %and;
T_50.57;
    %cmp/u;
    %jmp/1 T_50.54, 6;
    %load/vec4 v0x8fb117340_0;
    %assign/vec4 v0x8fb117480_0, 0;
    %pushi/vec4 8, 0, 8;
    %assign/vec4 v0x8fb112580_0, 0;
    %jmp T_50.56;
T_50.53 ;
    %pushi/vec4 2, 0, 8;
    %assign/vec4 v0x8fb112580_0, 0;
    %pushi/vec4 1, 0, 1;
    %assign/vec4 v0x8fb117480_0, 0;
    %jmp T_50.56;
T_50.54 ;
    %pushi/vec4 4, 0, 8;
    %assign/vec4 v0x8fb112580_0, 0;
    %jmp T_50.56;
T_50.56 ;
    %pop/vec4 1;
    %jmp T_50.47;
T_50.34 ;
    %pushi/vec4 128, 0, 8;
    %assign/vec4 v0x8fb112580_0, 0;
    %jmp T_50.47;
T_50.35 ;
    %pushi/vec4 1, 0, 1;
    %dup/vec4;
    %load/vec4 v0x8fb114e60_0;
    %cmp/u;
    %jmp/1 T_50.58, 6;
    %dup/vec4;
    %load/vec4 v0x8fb114f00_0;
    %flag_set/vec4 8;
    %flag_get/vec4 8;
    %jmp/0 T_50.63, 8;
    %pushi/vec4 1, 0, 1;
    %and;
T_50.63;
    %cmp/u;
    %jmp/1 T_50.59, 6;
    %dup/vec4;
    %load/vec4 v0x8fb114fa0_0;
    %cmp/u;
    %jmp/1 T_50.60, 6;
    %dup/vec4;
    %load/vec4 v0x8fb115040_0;
    %flag_set/vec4 8;
    %flag_get/vec4 8;
    %jmp/0 T_50.64, 8;
    %pushi/vec4 1, 0, 1;
    %and;
T_50.64;
    %cmp/u;
    %jmp/1 T_50.61, 6;
    %jmp T_50.62;
T_50.58 ;
    %load/vec4 v0x8fb112440_0;
    %parti/s 32, 0, 2;
    %assign/vec4 v0x8fb119ae0_0, 0;
    %jmp T_50.62;
T_50.59 ;
    %load/vec4 v0x8fb112440_0;
    %parti/s 32, 32, 7;
    %assign/vec4 v0x8fb119ae0_0, 0;
    %jmp T_50.62;
T_50.60 ;
    %load/vec4 v0x8fb1124e0_0;
    %parti/s 32, 0, 2;
    %assign/vec4 v0x8fb119ae0_0, 0;
    %jmp T_50.62;
T_50.61 ;
    %load/vec4 v0x8fb1124e0_0;
    %parti/s 32, 32, 7;
    %assign/vec4 v0x8fb119ae0_0, 0;
    %jmp T_50.62;
T_50.62 ;
    %pop/vec4 1;
    %pushi/vec4 1, 0, 1;
    %assign/vec4 v0x8fb117020_0, 0;
    %pushi/vec4 64, 0, 8;
    %assign/vec4 v0x8fb112580_0, 0;
    %jmp T_50.47;
T_50.36 ;
    %load/vec4 v0x8fb114b40_0;
    %flag_set/vec4 8;
    %jmp/0 T_50.65, 8;
    %pushi/vec4 0, 0, 32;
    %jmp/1 T_50.66, 8;
T_50.65 ; End of true expr.
    %load/vec4 v0x8fb119b80_0;
    %jmp/0 T_50.66, 8;
 ; End of false expr.
    %blend;
T_50.66;
    %assign/vec4 v0x8fb1199a0_0, 0;
    %load/vec4 v0x8fb113700_0;
    %assign/vec4 v0x8fb119a40_0, 0;
    %load/vec4 v0x8fb117340_0;
    %assign/vec4 v0x8fb117480_0, 0;
    %pushi/vec4 8, 0, 8;
    %assign/vec4 v0x8fb112580_0, 0;
    %jmp T_50.47;
T_50.37 ;
    %load/vec4 v0x8fb1126c0_0;
    %assign/vec4 v0x8fb119ae0_0, 0;
    %load/vec4 v0x8fb1126c0_0;
    %assign/vec4 v0x8fb1133e0_0, 0;
    %pushi/vec4 1, 0, 1;
    %assign/vec4 v0x8fb113480_0, 0;
    %pushi/vec4 1, 0, 1;
    %assign/vec4 v0x8fb117020_0, 0;
    %pushi/vec4 64, 0, 8;
    %assign/vec4 v0x8fb112580_0, 0;
    %jmp T_50.47;
T_50.38 ;
    %load/vec4 v0x8fb1126c0_0;
    %assign/vec4 v0x8fb119ae0_0, 0;
    %load/vec4 v0x8fb1126c0_0;
    %assign/vec4 v0x8fb1133e0_0, 0;
    %pushi/vec4 1, 0, 1;
    %assign/vec4 v0x8fb113480_0, 0;
    %load/vec4 v0x8fb116ee0_0;
    %pad/u 32;
    %pushi/vec4 32, 0, 32;
    %or;
    %pad/u 5;
    %assign/vec4 v0x8fb116ee0_0, 0;
    %pushi/vec4 1, 0, 1;
    %assign/vec4 v0x8fb117020_0, 0;
    %pushi/vec4 64, 0, 8;
    %assign/vec4 v0x8fb112580_0, 0;
    %jmp T_50.47;
T_50.39 ;
    %pushi/vec4 0, 0, 32;
    %assign/vec4 v0x8fb113de0_0, 0;
    %pushi/vec4 0, 0, 1;
    %assign/vec4 v0x8fb115ea0_0, 0;
    %pushi/vec4 1, 0, 1;
    %assign/vec4 v0x8fb116bc0_0, 0;
    %pushi/vec4 1, 0, 1;
    %assign/vec4 v0x8fb117020_0, 0;
    %load/vec4 v0x8fb1126c0_0;
    %pushi/vec4 4294967294, 0, 32;
    %and;
    %assign/vec4 v0x8fb119ae0_0, 0;
    %load/vec4 v0x8fb1126c0_0;
    %assign/vec4 v0x8fb1133e0_0, 0;
    %pushi/vec4 1, 0, 1;
    %assign/vec4 v0x8fb113480_0, 0;
    %pushi/vec4 64, 0, 8;
    %assign/vec4 v0x8fb112580_0, 0;
    %jmp T_50.47;
T_50.40 ;
    %pushi/vec4 1, 0, 1;
    %assign/vec4 v0x8fb117020_0, 0;
    %load/vec4 v0x8fb115fe0_0;
    %assign/vec4 v0x8fb119ae0_0, 0;
    %load/vec4 v0x8fb1126c0_0;
    %pushi/vec4 0, 0, 32;
    %or;
    %assign/vec4 v0x8fb115fe0_0, 0;
    %load/vec4 v0x8fb1126c0_0;
    %assign/vec4 v0x8fb1133e0_0, 0;
    %pushi/vec4 1, 0, 1;
    %assign/vec4 v0x8fb113480_0, 0;
    %pushi/vec4 64, 0, 8;
    %assign/vec4 v0x8fb112580_0, 0;
    %jmp T_50.47;
T_50.41 ;
    %pushi/vec4 1, 0, 1;
    %assign/vec4 v0x8fb117020_0, 0;
    %load/vec4 v0x8fb119f40_0;
    %assign/vec4 v0x8fb119ae0_0, 0;
    %load/vec4 v0x8fb1126c0_0;
    %assign/vec4 v0x8fb119f40_0, 0;
    %load/vec4 v0x8fb1126c0_0;
    %assign/vec4 v0x8fb1133e0_0, 0;
    %pushi/vec4 1, 0, 1;
    %assign/vec4 v0x8fb113480_0, 0;
    %pushi/vec4 64, 0, 8;
    %assign/vec4 v0x8fb112580_0, 0;
    %jmp T_50.47;
T_50.42 ;
    %load/vec4 v0x8fb1126c0_0;
    %assign/vec4 v0x8fb1199a0_0, 0;
    %load/vec4 v0x8fb1126c0_0;
    %assign/vec4 v0x8fb1133e0_0, 0;
    %pushi/vec4 1, 0, 1;
    %assign/vec4 v0x8fb113480_0, 0;
    %pushi/vec4 1, 0, 8;
    %assign/vec4 v0x8fb112580_0, 0;
    %pushi/vec4 1, 0, 1;
    %assign/vec4 v0x8fb117480_0, 0;
    %jmp T_50.47;
T_50.43 ;
    %load/vec4 v0x8fb1126c0_0;
    %assign/vec4 v0x8fb1199a0_0, 0;
    %load/vec4 v0x8fb1126c0_0;
    %assign/vec4 v0x8fb1133e0_0, 0;
    %pushi/vec4 1, 0, 1;
    %assign/vec4 v0x8fb113480_0, 0;
    %load/vec4 v0x8fb113a20_0;
    %assign/vec4 v0x8fb119c20_0, 0;
    %pushi/vec4 4, 0, 8;
    %assign/vec4 v0x8fb112580_0, 0;
    %jmp T_50.47;
T_50.44 ;
    %load/vec4 v0x8fb1126c0_0;
    %assign/vec4 v0x8fb1199a0_0, 0;
    %load/vec4 v0x8fb1126c0_0;
    %assign/vec4 v0x8fb1133e0_0, 0;
    %pushi/vec4 1, 0, 1;
    %assign/vec4 v0x8fb113480_0, 0;
    %load/vec4 v0x8fb116940_0;
    %flag_set/vec4 9;
    %flag_get/vec4 9;
    %jmp/0 T_50.69, 9;
    %pushi/vec4 0, 0, 1;
    %and;
T_50.69;
    %flag_set/vec4 8;
    %jmp/0 T_50.67, 8;
    %load/vec4 v0x8fb113a20_0;
    %pad/u 32;
    %jmp/1 T_50.68, 8;
T_50.67 ; End of true expr.
    %load/vec4 v0x8fb113700_0;
    %jmp/0 T_50.68, 8;
 ; End of false expr.
    %blend;
T_50.68;
    %assign/vec4 v0x8fb119a40_0, 0;
    %load/vec4 v0x8fb117340_0;
    %assign/vec4 v0x8fb117480_0, 0;
    %pushi/vec4 8, 0, 8;
    %assign/vec4 v0x8fb112580_0, 0;
    %jmp T_50.47;
T_50.45 ;
    %load/vec4 v0x8fb1126c0_0;
    %assign/vec4 v0x8fb1199a0_0, 0;
    %load/vec4 v0x8fb1126c0_0;
    %assign/vec4 v0x8fb1133e0_0, 0;
    %pushi/vec4 1, 0, 1;
    %assign/vec4 v0x8fb113480_0, 0;
    %load/vec4 v0x8fb116940_0;
    %flag_set/vec4 9;
    %flag_get/vec4 9;
    %jmp/0 T_50.72, 9;
    %pushi/vec4 0, 0, 1;
    %and;
T_50.72;
    %flag_set/vec4 8;
    %jmp/0 T_50.70, 8;
    %load/vec4 v0x8fb113a20_0;
    %pad/u 32;
    %jmp/1 T_50.71, 8;
T_50.70 ; End of true expr.
    %load/vec4 v0x8fb113700_0;
    %jmp/0 T_50.71, 8;
 ; End of false expr.
    %blend;
T_50.71;
    %assign/vec4 v0x8fb119a40_0, 0;
    %load/vec4 v0x8fb117340_0;
    %assign/vec4 v0x8fb117480_0, 0;
    %pushi/vec4 8, 0, 8;
    %assign/vec4 v0x8fb112580_0, 0;
    %jmp T_50.47;
T_50.47 ;
    %pop/vec4 1;
    %jmp T_50.15;
T_50.10 ;
    %load/vec4 v0x8fb112760_0;
    %pad/u 5;
    %assign/vec4 v0x8fb119c20_0, 0;
    %load/vec4 v0x8fb112760_0;
    %assign/vec4 v0x8fb119a40_0, 0;
    %load/vec4 v0x8fb112760_0;
    %assign/vec4 v0x8fb113520_0, 0;
    %pushi/vec4 1, 0, 1;
    %assign/vec4 v0x8fb1135c0_0, 0;
    %pushi/vec4 1, 0, 1;
    %dup/vec4;
    %pushi/vec4 0, 0, 1;
    %cmp/u;
    %jmp/1 T_50.73, 6;
    %dup/vec4;
    %load/vec4 v0x8fb116800_0;
    %cmp/u;
    %jmp/1 T_50.74, 6;
    %dup/vec4;
    %load/vec4 v0x8fb1168a0_0;
    %flag_set/vec4 8;
    %flag_get/vec4 8;
    %jmp/0 T_50.78, 8;
    %pushi/vec4 1, 0, 1;
    %and;
T_50.78;
    %cmp/u;
    %jmp/1 T_50.75, 6;
    %load/vec4 v0x8fb117340_0;
    %assign/vec4 v0x8fb117480_0, 0;
    %pushi/vec4 8, 0, 8;
    %assign/vec4 v0x8fb112580_0, 0;
    %jmp T_50.77;
T_50.73 ;
    %pushi/vec4 1, 0, 1;
    %assign/vec4 v0x8fb1192c0_0, 0;
    %load/vec4 v0x8fb118b40_0;
    %flag_set/vec4 8;
    %jmp/0xz  T_50.79, 8;
    %pushi/vec4 1, 0, 1;
    %assign/vec4 v0x8fb117480_0, 0;
    %pushi/vec4 0, 0, 1;
    %assign/vec4 v0x8fb1192c0_0, 0;
    %load/vec4 v0x8fb118aa0_0;
    %assign/vec4 v0x8fb119ae0_0, 0;
    %load/vec4 v0x8fb118c80_0;
    %assign/vec4 v0x8fb117020_0, 0;
    %pushi/vec4 64, 0, 8;
    %assign/vec4 v0x8fb112580_0, 0;
    %jmp T_50.80;
T_50.79 ;
    %pushi/vec4 1, 0, 1;
    %flag_set/vec4 9;
    %flag_get/vec4 9;
    %jmp/0 T_50.83, 9;
    %load/vec4 v0x8fb119220_0;
    %flag_set/vec4 9;
    %flag_get/vec4 9;
    %jmp/1 T_50.84, 9;
    %load/vec4 v0x8fb1145a0_0;
    %or;
T_50.84;
    %and;
T_50.83;
    %flag_set/vec4 8;
    %jmp/0xz  T_50.81, 8;
    %pushi/vec4 0, 0, 1;
    %assign/vec4 v0x8fb1192c0_0, 0;
    %pushi/vec4 128, 0, 8;
    %assign/vec4 v0x8fb112580_0, 0;
T_50.81 ;
T_50.80 ;
    %jmp T_50.77;
T_50.74 ;
    %pushi/vec4 2, 0, 8;
    %assign/vec4 v0x8fb112580_0, 0;
    %pushi/vec4 1, 0, 1;
    %assign/vec4 v0x8fb117480_0, 0;
    %jmp T_50.77;
T_50.75 ;
    %pushi/vec4 4, 0, 8;
    %assign/vec4 v0x8fb112580_0, 0;
    %jmp T_50.77;
T_50.77 ;
    %pop/vec4 1;
    %jmp T_50.15;
T_50.11 ;
    %load/vec4 v0x8fb119b80_0;
    %load/vec4 v0x8fb113700_0;
    %add;
    %assign/vec4 v0x8fb119ae0_0, 0;
    %load/vec4 v0x8fb116300_0;
    %flag_set/vec4 8;
    %jmp/0xz  T_50.85, 8;
    %pushi/vec4 0, 0, 5;
    %assign/vec4 v0x8fb116ee0_0, 0;
    %load/vec4 v0x8fb1119a0_0;
    %assign/vec4 v0x8fb117020_0, 0;
    %load/vec4 v0x8fb1119a0_0;
    %assign/vec4 v0x8fb116bc0_0, 0;
    %load/vec4 v0x8fb1175c0_0;
    %flag_set/vec4 8;
    %jmp/0xz  T_50.87, 8;
    %pushi/vec4 64, 0, 8;
    %assign/vec4 v0x8fb112580_0, 0;
T_50.87 ;
    %load/vec4 v0x8fb1119a0_0;
    %flag_set/vec4 8;
    %jmp/0xz  T_50.89, 8;
    %pushi/vec4 0, 0, 1;
    %assign/vec4 v0x8fb113c00_0, 0;
    %pushi/vec4 1, 0, 1;
    %store/vec4 v0x8fb119e00_0, 0, 1;
T_50.89 ;
    %jmp T_50.86;
T_50.85 ;
    %load/vec4 v0x8fb114820_0;
    %assign/vec4 v0x8fb116bc0_0, 0;
    %pushi/vec4 1, 0, 1;
    %assign/vec4 v0x8fb117020_0, 0;
    %pushi/vec4 1, 0, 1;
    %assign/vec4 v0x8fb116f80_0, 0;
    %pushi/vec4 64, 0, 8;
    %assign/vec4 v0x8fb112580_0, 0;
T_50.86 ;
    %jmp T_50.15;
T_50.12 ;
    %pushi/vec4 1, 0, 1;
    %assign/vec4 v0x8fb117020_0, 0;
    %load/vec4 v0x8fb119c20_0;
    %pad/u 32;
    %cmpi/e 0, 0, 32;
    %jmp/0xz  T_50.91, 4;
    %load/vec4 v0x8fb1199a0_0;
    %assign/vec4 v0x8fb119ae0_0, 0;
    %load/vec4 v0x8fb117340_0;
    %assign/vec4 v0x8fb117480_0, 0;
    %pushi/vec4 64, 0, 8;
    %assign/vec4 v0x8fb112580_0, 0;
    %jmp T_50.92;
T_50.91 ;
    %pushi/vec4 1, 0, 1;
    %flag_set/vec4 9;
    %flag_get/vec4 9;
    %jmp/0 T_50.95, 9;
    %pushi/vec4 4, 0, 32;
    %load/vec4 v0x8fb119c20_0;
    %pad/u 32;
    %cmp/u;
    %flag_get/vec4 4;
    %flag_get/vec4 5;
    %or;
    %and;
T_50.95;
    %flag_set/vec4 8;
    %jmp/0xz  T_50.93, 8;
    %pushi/vec4 1, 0, 1;
    %dup/vec4;
    %load/vec4 v0x8fb115400_0;
    %flag_set/vec4 8;
    %flag_get/vec4 8;
    %jmp/1 T_50.100, 8;
    %load/vec4 v0x8fb115360_0;
    %or;
T_50.100;
    %cmp/u;
    %jmp/1 T_50.96, 6;
    %dup/vec4;
    %load/vec4 v0x8fb115900_0;
    %flag_set/vec4 8;
    %flag_get/vec4 8;
    %jmp/1 T_50.101, 8;
    %load/vec4 v0x8fb115860_0;
    %or;
T_50.101;
    %cmp/u;
    %jmp/1 T_50.97, 6;
    %dup/vec4;
    %load/vec4 v0x8fb1157c0_0;
    %flag_set/vec4 8;
    %flag_get/vec4 8;
    %jmp/1 T_50.102, 8;
    %load/vec4 v0x8fb115720_0;
    %or;
T_50.102;
    %cmp/u;
    %jmp/1 T_50.98, 6;
    %jmp T_50.99;
T_50.96 ;
    %load/vec4 v0x8fb1199a0_0;
    %ix/load 4, 4, 0;
    %flag_set/imm 4, 0;
    %shiftl 4;
    %assign/vec4 v0x8fb1199a0_0, 0;
    %jmp T_50.99;
T_50.97 ;
    %load/vec4 v0x8fb1199a0_0;
    %ix/load 4, 4, 0;
    %flag_set/imm 4, 0;
    %shiftr 4;
    %assign/vec4 v0x8fb1199a0_0, 0;
    %jmp T_50.99;
T_50.98 ;
    %load/vec4 v0x8fb1199a0_0;
    %ix/load 4, 4, 0;
    %flag_set/imm 4, 0;
    %shiftr/s 4;
    %assign/vec4 v0x8fb1199a0_0, 0;
    %jmp T_50.99;
T_50.99 ;
    %pop/vec4 1;
    %load/vec4 v0x8fb119c20_0;
    %subi 4, 0, 5;
    %assign/vec4 v0x8fb119c20_0, 0;
    %jmp T_50.94;
T_50.93 ;
    %pushi/vec4 1, 0, 1;
    %dup/vec4;
    %load/vec4 v0x8fb115400_0;
    %flag_set/vec4 8;
    %flag_get/vec4 8;
    %jmp/1 T_50.107, 8;
    %load/vec4 v0x8fb115360_0;
    %or;
T_50.107;
    %cmp/u;
    %jmp/1 T_50.103, 6;
    %dup/vec4;
    %load/vec4 v0x8fb115900_0;
    %flag_set/vec4 8;
    %flag_get/vec4 8;
    %jmp/1 T_50.108, 8;
    %load/vec4 v0x8fb115860_0;
    %or;
T_50.108;
    %cmp/u;
    %jmp/1 T_50.104, 6;
    %dup/vec4;
    %load/vec4 v0x8fb1157c0_0;
    %flag_set/vec4 8;
    %flag_get/vec4 8;
    %jmp/1 T_50.109, 8;
    %load/vec4 v0x8fb115720_0;
    %or;
T_50.109;
    %cmp/u;
    %jmp/1 T_50.105, 6;
    %jmp T_50.106;
T_50.103 ;
    %load/vec4 v0x8fb1199a0_0;
    %ix/load 4, 1, 0;
    %flag_set/imm 4, 0;
    %shiftl 4;
    %assign/vec4 v0x8fb1199a0_0, 0;
    %jmp T_50.106;
T_50.104 ;
    %load/vec4 v0x8fb1199a0_0;
    %ix/load 4, 1, 0;
    %flag_set/imm 4, 0;
    %shiftr 4;
    %assign/vec4 v0x8fb1199a0_0, 0;
    %jmp T_50.106;
T_50.105 ;
    %load/vec4 v0x8fb1199a0_0;
    %ix/load 4, 1, 0;
    %flag_set/imm 4, 0;
    %shiftr/s 4;
    %assign/vec4 v0x8fb1199a0_0, 0;
    %jmp T_50.106;
T_50.106 ;
    %pop/vec4 1;
    %load/vec4 v0x8fb119c20_0;
    %subi 1, 0, 5;
    %assign/vec4 v0x8fb119c20_0, 0;
T_50.94 ;
T_50.92 ;
    %jmp T_50.15;
T_50.13 ;
    %load/vec4 v0x8fb117340_0;
    %nor/r;
    %flag_set/vec4 8;
    %jmp/1 T_50.112, 8;
    %load/vec4 v0x8fb1175c0_0;
    %flag_set/vec4 9;
    %flag_or 8, 9;
T_50.112;
    %jmp/0xz  T_50.110, 8;
    %load/vec4 v0x8fb117520_0;
    %nor/r;
    %flag_set/vec4 8;
    %jmp/0xz  T_50.113, 8;
    %pushi/vec4 1, 0, 1;
    %dup/vec4;
    %load/vec4 v0x8fb115180_0;
    %cmp/u;
    %jmp/1 T_50.115, 6;
    %dup/vec4;
    %load/vec4 v0x8fb1152c0_0;
    %cmp/u;
    %jmp/1 T_50.116, 6;
    %dup/vec4;
    %load/vec4 v0x8fb115a40_0;
    %cmp/u;
    %jmp/1 T_50.117, 6;
    %jmp T_50.118;
T_50.115 ;
    %pushi/vec4 2, 0, 2;
    %assign/vec4 v0x8fb118320_0, 0;
    %jmp T_50.118;
T_50.116 ;
    %pushi/vec4 1, 0, 2;
    %assign/vec4 v0x8fb118320_0, 0;
    %jmp T_50.118;
T_50.117 ;
    %pushi/vec4 0, 0, 2;
    %assign/vec4 v0x8fb118320_0, 0;
    %jmp T_50.118;
T_50.118 ;
    %pop/vec4 1;
    %load/vec4 v0x8fb1199a0_0;
    %load/vec4 v0x8fb113700_0;
    %add;
    %assign/vec4 v0x8fb1199a0_0, 0;
    %pushi/vec4 1, 0, 1;
    %store/vec4 v0x8fb119ea0_0, 0, 1;
T_50.113 ;
    %load/vec4 v0x8fb117340_0;
    %nor/r;
    %flag_set/vec4 9;
    %flag_get/vec4 9;
    %jmp/0 T_50.121, 9;
    %load/vec4 v0x8fb1175c0_0;
    %and;
T_50.121;
    %flag_set/vec4 8;
    %jmp/0xz  T_50.119, 8;
    %pushi/vec4 64, 0, 8;
    %assign/vec4 v0x8fb112580_0, 0;
    %pushi/vec4 1, 0, 1;
    %assign/vec4 v0x8fb113c00_0, 0;
    %pushi/vec4 1, 0, 1;
    %assign/vec4 v0x8fb113ac0_0, 0;
T_50.119 ;
T_50.110 ;
    %jmp T_50.15;
T_50.14 ;
    %pushi/vec4 1, 0, 1;
    %assign/vec4 v0x8fb117020_0, 0;
    %load/vec4 v0x8fb117340_0;
    %nor/r;
    %flag_set/vec4 8;
    %jmp/1 T_50.124, 8;
    %load/vec4 v0x8fb1175c0_0;
    %flag_set/vec4 9;
    %flag_or 8, 9;
T_50.124;
    %jmp/0xz  T_50.122, 8;
    %load/vec4 v0x8fb1173e0_0;
    %nor/r;
    %flag_set/vec4 8;
    %jmp/0xz  T_50.125, 8;
    %pushi/vec4 1, 0, 1;
    %dup/vec4;
    %load/vec4 v0x8fb1148c0_0;
    %flag_set/vec4 8;
    %flag_get/vec4 8;
    %jmp/1 T_50.131, 8;
    %load/vec4 v0x8fb114960_0;
    %or;
T_50.131;
    %cmp/u;
    %jmp/1 T_50.127, 6;
    %dup/vec4;
    %load/vec4 v0x8fb114a00_0;
    %flag_set/vec4 8;
    %flag_get/vec4 8;
    %jmp/1 T_50.132, 8;
    %load/vec4 v0x8fb114aa0_0;
    %or;
T_50.132;
    %cmp/u;
    %jmp/1 T_50.128, 6;
    %dup/vec4;
    %load/vec4 v0x8fb114be0_0;
    %cmp/u;
    %jmp/1 T_50.129, 6;
    %jmp T_50.130;
T_50.127 ;
    %pushi/vec4 2, 0, 2;
    %assign/vec4 v0x8fb118320_0, 0;
    %jmp T_50.130;
T_50.128 ;
    %pushi/vec4 1, 0, 2;
    %assign/vec4 v0x8fb118320_0, 0;
    %jmp T_50.130;
T_50.129 ;
    %pushi/vec4 0, 0, 2;
    %assign/vec4 v0x8fb118320_0, 0;
    %jmp T_50.130;
T_50.130 ;
    %pop/vec4 1;
    %load/vec4 v0x8fb116580_0;
    %assign/vec4 v0x8fb116e40_0, 0;
    %load/vec4 v0x8fb114a00_0;
    %assign/vec4 v0x8fb116da0_0, 0;
    %load/vec4 v0x8fb1148c0_0;
    %assign/vec4 v0x8fb116d00_0, 0;
    %load/vec4 v0x8fb1199a0_0;
    %load/vec4 v0x8fb113700_0;
    %add;
    %assign/vec4 v0x8fb1199a0_0, 0;
    %pushi/vec4 1, 0, 1;
    %store/vec4 v0x8fb119d60_0, 0, 1;
T_50.125 ;
    %load/vec4 v0x8fb117340_0;
    %nor/r;
    %flag_set/vec4 9;
    %flag_get/vec4 9;
    %jmp/0 T_50.135, 9;
    %load/vec4 v0x8fb1175c0_0;
    %and;
T_50.135;
    %flag_set/vec4 8;
    %jmp/0xz  T_50.133, 8;
    %pushi/vec4 1, 0, 1;
    %dup/vec4;
    %load/vec4 v0x8fb116e40_0;
    %cmp/u;
    %jmp/1 T_50.136, 6;
    %dup/vec4;
    %load/vec4 v0x8fb116da0_0;
    %cmp/u;
    %jmp/1 T_50.137, 6;
    %dup/vec4;
    %load/vec4 v0x8fb116d00_0;
    %cmp/u;
    %jmp/1 T_50.138, 6;
    %jmp T_50.139;
T_50.136 ;
    %load/vec4 v0x8fb118000_0;
    %assign/vec4 v0x8fb119ae0_0, 0;
    %jmp T_50.139;
T_50.137 ;
    %load/vec4 v0x8fb118000_0;
    %parti/s 16, 0, 2;
    %pad/s 32;
    %assign/vec4 v0x8fb119ae0_0, 0;
    %jmp T_50.139;
T_50.138 ;
    %load/vec4 v0x8fb118000_0;
    %parti/s 8, 0, 2;
    %pad/s 32;
    %assign/vec4 v0x8fb119ae0_0, 0;
    %jmp T_50.139;
T_50.139 ;
    %pop/vec4 1;
    %pushi/vec4 1, 0, 1;
    %assign/vec4 v0x8fb113c00_0, 0;
    %pushi/vec4 1, 0, 1;
    %assign/vec4 v0x8fb113ac0_0, 0;
    %pushi/vec4 64, 0, 8;
    %assign/vec4 v0x8fb112580_0, 0;
T_50.133 ;
T_50.122 ;
    %jmp T_50.15;
T_50.15 ;
    %pop/vec4 1;
T_50.6 ;
    %pushi/vec4 1, 0, 1;
    %flag_set/vec4 10;
    %flag_get/vec4 10;
    %jmp/0 T_50.143, 10;
    %load/vec4 v0x8fb119cc0_0;
    %and;
T_50.143;
    %flag_set/vec4 9;
    %flag_get/vec4 9;
    %jmp/0 T_50.142, 9;
    %load/vec4 v0x8fb1173e0_0;
    %flag_set/vec4 9;
    %flag_get/vec4 9;
    %jmp/1 T_50.144, 9;
    %load/vec4 v0x8fb117520_0;
    %or;
T_50.144;
    %and;
T_50.142;
    %flag_set/vec4 8;
    %jmp/0xz  T_50.140, 8;
    %load/vec4 v0x8fb118320_0;
    %pad/u 32;
    %cmpi/e 0, 0, 32;
    %flag_get/vec4 4;
    %jmp/0 T_50.147, 4;
    %load/vec4 v0x8fb1199a0_0;
    %parti/s 2, 0, 2;
    %pad/u 32;
    %pushi/vec4 0, 0, 32;
    %cmp/ne;
    %flag_get/vec4 4;
    %and;
T_50.147;
    %flag_set/vec4 8;
    %jmp/0xz  T_50.145, 8;
    %pushi/vec4 128, 0, 8;
    %assign/vec4 v0x8fb112580_0, 0;
T_50.145 ;
    %load/vec4 v0x8fb118320_0;
    %pad/u 32;
    %cmpi/e 1, 0, 32;
    %flag_get/vec4 4;
    %jmp/0 T_50.150, 4;
    %load/vec4 v0x8fb1199a0_0;
    %parti/s 1, 0, 2;
    %pad/u 32;
    %pushi/vec4 0, 0, 32;
    %cmp/ne;
    %flag_get/vec4 4;
    %and;
T_50.150;
    %flag_set/vec4 8;
    %jmp/0xz  T_50.148, 8;
    %pushi/vec4 128, 0, 8;
    %assign/vec4 v0x8fb112580_0, 0;
T_50.148 ;
T_50.140 ;
    %pushi/vec4 1, 0, 1;
    %flag_set/vec4 11;
    %flag_get/vec4 11;
    %jmp/0 T_50.155, 11;
    %load/vec4 v0x8fb119cc0_0;
    %and;
T_50.155;
    %flag_set/vec4 10;
    %flag_get/vec4 10;
    %jmp/0 T_50.154, 10;
    %load/vec4 v0x8fb117480_0;
    %and;
T_50.154;
    %flag_set/vec4 9;
    %flag_get/vec4 9;
    %jmp/0 T_50.153, 9;
    %load/vec4 v0x8fb119b80_0;
    %parti/s 2, 0, 2;
    %or/r;
    %and;
T_50.153;
    %flag_set/vec4 8;
    %jmp/0xz  T_50.151, 8;
    %pushi/vec4 128, 0, 8;
    %assign/vec4 v0x8fb112580_0, 0;
T_50.151 ;
    %load/vec4 v0x8fb119cc0_0;
    %nor/r;
    %flag_set/vec4 8;
    %jmp/1 T_50.158, 8;
    %load/vec4 v0x8fb1175c0_0;
    %flag_set/vec4 9;
    %flag_or 8, 9;
T_50.158;
    %jmp/0xz  T_50.156, 8;
    %pushi/vec4 0, 0, 1;
    %assign/vec4 v0x8fb117340_0, 0;
    %pushi/vec4 0, 0, 1;
    %assign/vec4 v0x8fb117480_0, 0;
    %pushi/vec4 0, 0, 1;
    %assign/vec4 v0x8fb1173e0_0, 0;
    %pushi/vec4 0, 0, 1;
    %assign/vec4 v0x8fb117520_0, 0;
T_50.156 ;
    %load/vec4 v0x8fb119e00_0;
    %flag_set/vec4 8;
    %jmp/0xz  T_50.159, 8;
    %pushi/vec4 1, 0, 1;
    %assign/vec4 v0x8fb117480_0, 0;
T_50.159 ;
    %load/vec4 v0x8fb119d60_0;
    %flag_set/vec4 8;
    %jmp/0xz  T_50.161, 8;
    %pushi/vec4 1, 0, 1;
    %assign/vec4 v0x8fb1173e0_0, 0;
T_50.161 ;
    %load/vec4 v0x8fb119ea0_0;
    %flag_set/vec4 8;
    %jmp/0xz  T_50.163, 8;
    %pushi/vec4 1, 0, 1;
    %assign/vec4 v0x8fb117520_0, 0;
T_50.163 ;
    %load/vec4 v0x8fb118640_0;
    %pushi/vec4 4294967295, 0, 32;
    %and;
    %assign/vec4 v0x8fb116080_0, 0;
    %pushi/vec4 4294967295, 4294967295, 32;
    %store/vec4 v0x8fb112940_0, 0, 32;
    %jmp T_50;
    .thread T_50;
    .scope S_0x104df9f70;
T_51 ;
    %wait E_0x8fb0d2940;
    %load/vec4 v0x8fb11b480_0;
    %flag_set/vec4 8;
    %jmp/0xz  T_51.0, 8;
    %pushi/vec4 0, 0, 32;
    %assign/vec4 v0x8fb11b5c0_0, 0;
    %pushi/vec4 0, 0, 32;
    %assign/vec4 v0x8fb11b7a0_0, 0;
    %pushi/vec4 0, 0, 1;
    %assign/vec4 v0x8fb11b980_0, 0;
    %pushi/vec4 0, 0, 4;
    %assign/vec4 v0x8fb11b840_0, 0;
    %pushi/vec4 0, 0, 1;
    %assign/vec4 v0x8fb11b8e0_0, 0;
    %pushi/vec4 0, 0, 1;
    %assign/vec4 v0x8fb11b660_0, 0;
    %pushi/vec4 0, 0, 2;
    %assign/vec4 v0x8fb11b160_0, 0;
    %jmp T_51.1;
T_51.0 ;
    %load/vec4 v0x8fb11b160_0;
    %dup/vec4;
    %pushi/vec4 0, 0, 2;
    %cmp/u;
    %jmp/1 T_51.2, 6;
    %dup/vec4;
    %pushi/vec4 1, 0, 2;
    %cmp/u;
    %jmp/1 T_51.3, 6;
    %dup/vec4;
    %pushi/vec4 2, 0, 2;
    %cmp/u;
    %jmp/1 T_51.4, 6;
    %pushi/vec4 0, 0, 2;
    %assign/vec4 v0x8fb11b160_0, 0;
    %jmp T_51.6;
T_51.2 ;
    %load/vec4 v0x8fb11a9e0_0;
    %flag_set/vec4 8;
    %jmp/0xz  T_51.7, 8;
    %load/vec4 v0x8fb11a760_0;
    %assign/vec4 v0x8fb11b5c0_0, 0;
    %load/vec4 v0x8fb11aa80_0;
    %assign/vec4 v0x8fb11b7a0_0, 0;
    %load/vec4 v0x8fb11ba20_0;
    %assign/vec4 v0x8fb11b980_0, 0;
    %load/vec4 v0x8fb11ab20_0;
    %assign/vec4 v0x8fb11b840_0, 0;
    %pushi/vec4 1, 0, 1;
    %assign/vec4 v0x8fb11b8e0_0, 0;
    %pushi/vec4 1, 0, 1;
    %assign/vec4 v0x8fb11b660_0, 0;
    %pushi/vec4 1, 0, 2;
    %assign/vec4 v0x8fb11b160_0, 0;
    %jmp T_51.8;
T_51.7 ;
    %pushi/vec4 0, 0, 1;
    %assign/vec4 v0x8fb11a940_0, 0;
    %pushi/vec4 0, 0, 1;
    %assign/vec4 v0x8fb11b8e0_0, 0;
    %pushi/vec4 0, 0, 1;
    %assign/vec4 v0x8fb11b660_0, 0;
    %pushi/vec4 0, 0, 1;
    %assign/vec4 v0x8fb11b980_0, 0;
T_51.8 ;
    %jmp T_51.6;
T_51.3 ;
    %load/vec4 v0x8fb11b520_0;
    %flag_set/vec4 8;
    %jmp/0xz  T_51.9, 8;
    %load/vec4 v0x8fb11b700_0;
    %assign/vec4 v0x8fb11a8a0_0, 0;
    %pushi/vec4 1, 0, 1;
    %assign/vec4 v0x8fb11a940_0, 0;
    %pushi/vec4 2, 0, 2;
    %assign/vec4 v0x8fb11b160_0, 0;
    %pushi/vec4 0, 0, 1;
    %assign/vec4 v0x8fb11b8e0_0, 0;
    %pushi/vec4 0, 0, 1;
    %assign/vec4 v0x8fb11b660_0, 0;
    %pushi/vec4 0, 0, 1;
    %assign/vec4 v0x8fb11b980_0, 0;
T_51.9 ;
    %jmp T_51.6;
T_51.4 ;
    %pushi/vec4 0, 0, 1;
    %assign/vec4 v0x8fb11a940_0, 0;
    %pushi/vec4 0, 0, 2;
    %assign/vec4 v0x8fb11b160_0, 0;
    %jmp T_51.6;
T_51.6 ;
    %pop/vec4 1;
T_51.1 ;
    %jmp T_51;
    .thread T_51;
    .scope S_0x8fa4d9f80;
T_52 ;
    %pushi/vec4 0, 0, 2;
    %store/vec4 v0x8fb12c320_0, 0, 2;
    %pushi/vec4 0, 0, 9;
    %store/vec4 v0x8fb12c000_0, 0, 9;
    %pushi/vec4 0, 0, 3;
    %store/vec4 v0x8fb12be80_0, 0, 3;
    %pushi/vec4 0, 0, 8;
    %store/vec4 v0x8fb12c280_0, 0, 8;
    %end;
    .thread T_52, $init;
    .scope S_0x8fa4d9f80;
T_53 ;
    %wait E_0x8fb0d2f80;
    %load/vec4 v0x8fb12c140_0;
    %nor/r;
    %flag_set/vec4 8;
    %jmp/0xz  T_53.0, 8;
    %pushi/vec4 0, 0, 2;
    %assign/vec4 v0x8fb12c320_0, 0;
    %pushi/vec4 0, 0, 1;
    %assign/vec4 v0x8fb12c3c0_0, 0;
    %pushi/vec4 0, 0, 9;
    %assign/vec4 v0x8fb12c000_0, 0;
    %jmp T_53.1;
T_53.0 ;
    %pushi/vec4 0, 0, 1;
    %assign/vec4 v0x8fb12c3c0_0, 0;
    %load/vec4 v0x8fb12c320_0;
    %dup/vec4;
    %pushi/vec4 0, 0, 2;
    %cmp/u;
    %jmp/1 T_53.2, 6;
    %dup/vec4;
    %pushi/vec4 1, 0, 2;
    %cmp/u;
    %jmp/1 T_53.3, 6;
    %dup/vec4;
    %pushi/vec4 2, 0, 2;
    %cmp/u;
    %jmp/1 T_53.4, 6;
    %dup/vec4;
    %pushi/vec4 3, 0, 2;
    %cmp/u;
    %jmp/1 T_53.5, 6;
    %jmp T_53.6;
T_53.2 ;
    %load/vec4 v0x8fb12c1e0_0;
    %nor/r;
    %flag_set/vec4 8;
    %jmp/0xz  T_53.7, 8;
    %pushi/vec4 4, 0, 9;
    %assign/vec4 v0x8fb12c000_0, 0;
    %pushi/vec4 1, 0, 2;
    %assign/vec4 v0x8fb12c320_0, 0;
T_53.7 ;
    %jmp T_53.6;
T_53.3 ;
    %load/vec4 v0x8fb12c000_0;
    %pad/u 32;
    %cmpi/e 0, 0, 32;
    %jmp/0xz  T_53.9, 4;
    %load/vec4 v0x8fb12c1e0_0;
    %nor/r;
    %flag_set/vec4 8;
    %jmp/0xz  T_53.11, 8;
    %pushi/vec4 7, 0, 9;
    %assign/vec4 v0x8fb12c000_0, 0;
    %pushi/vec4 0, 0, 3;
    %assign/vec4 v0x8fb12be80_0, 0;
    %pushi/vec4 2, 0, 2;
    %assign/vec4 v0x8fb12c320_0, 0;
    %jmp T_53.12;
T_53.11 ;
    %pushi/vec4 0, 0, 2;
    %assign/vec4 v0x8fb12c320_0, 0;
T_53.12 ;
    %jmp T_53.10;
T_53.9 ;
    %load/vec4 v0x8fb12c000_0;
    %subi 1, 0, 9;
    %assign/vec4 v0x8fb12c000_0, 0;
T_53.10 ;
    %jmp T_53.6;
T_53.4 ;
    %load/vec4 v0x8fb12c000_0;
    %pad/u 32;
    %cmpi/e 0, 0, 32;
    %jmp/0xz  T_53.13, 4;
    %load/vec4 v0x8fb12c1e0_0;
    %load/vec4 v0x8fb12c280_0;
    %parti/s 7, 1, 2;
    %concat/vec4; draw_concat_vec4
    %assign/vec4 v0x8fb12c280_0, 0;
    %pushi/vec4 7, 0, 9;
    %assign/vec4 v0x8fb12c000_0, 0;
    %load/vec4 v0x8fb12be80_0;
    %pad/u 32;
    %cmpi/e 7, 0, 32;
    %jmp/0xz  T_53.15, 4;
    %pushi/vec4 3, 0, 2;
    %assign/vec4 v0x8fb12c320_0, 0;
    %jmp T_53.16;
T_53.15 ;
    %load/vec4 v0x8fb12be80_0;
    %addi 1, 0, 3;
    %assign/vec4 v0x8fb12be80_0, 0;
T_53.16 ;
    %jmp T_53.14;
T_53.13 ;
    %load/vec4 v0x8fb12c000_0;
    %subi 1, 0, 9;
    %assign/vec4 v0x8fb12c000_0, 0;
T_53.14 ;
    %jmp T_53.6;
T_53.5 ;
    %load/vec4 v0x8fb12c000_0;
    %pad/u 32;
    %cmpi/e 0, 0, 32;
    %jmp/0xz  T_53.17, 4;
    %load/vec4 v0x8fb12c1e0_0;
    %flag_set/vec4 8;
    %jmp/0xz  T_53.19, 8;
    %load/vec4 v0x8fb12c280_0;
    %assign/vec4 v0x8fb12c0a0_0, 0;
    %pushi/vec4 1, 0, 1;
    %assign/vec4 v0x8fb12c3c0_0, 0;
T_53.19 ;
    %pushi/vec4 0, 0, 2;
    %assign/vec4 v0x8fb12c320_0, 0;
    %jmp T_53.18;
T_53.17 ;
    %load/vec4 v0x8fb12c000_0;
    %subi 1, 0, 9;
    %assign/vec4 v0x8fb12c000_0, 0;
T_53.18 ;
    %jmp T_53.6;
T_53.6 ;
    %pop/vec4 1;
T_53.1 ;
    %jmp T_53;
    .thread T_53;
    .scope S_0x8fa4d9c80;
T_54 ;
    %wait E_0x8fb0d2f80;
    %load/vec4 v0x8fb12b7a0_0;
    %nor/r;
    %flag_set/vec4 8;
    %jmp/0xz  T_54.0, 8;
    %pushi/vec4 0, 0, 5;
    %assign/vec4 v0x8fb12ba20_0, 0;
    %pushi/vec4 0, 0, 1;
    %assign/vec4 v0x8fb12b2a0_0, 0;
    %pushi/vec4 0, 0, 1;
    %assign/vec4 v0x8fb12bc00_0, 0;
    %pushi/vec4 0, 0, 1;
    %assign/vec4 v0x8fb12b5c0_0, 0;
    %pushi/vec4 65535, 0, 16;
    %assign/vec4 v0x8fb12b340_0, 0;
    %pushi/vec4 0, 0, 16;
    %assign/vec4 v0x8fb12b840_0, 0;
    %pushi/vec4 0, 0, 32;
    %assign/vec4 v0x8fb12b0c0_0, 0;
    %pushi/vec4 0, 0, 8;
    %assign/vec4 v0x8fb12b660_0, 0;
    %pushi/vec4 0, 0, 16;
    %assign/vec4 v0x8fb12bde0_0, 0;
    %pushi/vec4 0, 0, 2;
    %assign/vec4 v0x8fb12b160_0, 0;
    %pushi/vec4 0, 0, 32;
    %assign/vec4 v0x8fb12bd40_0, 0;
    %pushi/vec4 0, 0, 1;
    %assign/vec4 v0x8fb12b700_0, 0;
    %jmp T_54.1;
T_54.0 ;
    %pushi/vec4 0, 0, 1;
    %assign/vec4 v0x8fb12bc00_0, 0;
    %pushi/vec4 0, 0, 1;
    %assign/vec4 v0x8fb12b5c0_0, 0;
    %load/vec4 v0x8fb12ba20_0;
    %dup/vec4;
    %pushi/vec4 0, 0, 5;
    %cmp/u;
    %jmp/1 T_54.2, 6;
    %dup/vec4;
    %pushi/vec4 1, 0, 5;
    %cmp/u;
    %jmp/1 T_54.3, 6;
    %dup/vec4;
    %pushi/vec4 2, 0, 5;
    %cmp/u;
    %jmp/1 T_54.4, 6;
    %dup/vec4;
    %pushi/vec4 3, 0, 5;
    %cmp/u;
    %jmp/1 T_54.5, 6;
    %dup/vec4;
    %pushi/vec4 4, 0, 5;
    %cmp/u;
    %jmp/1 T_54.6, 6;
    %dup/vec4;
    %pushi/vec4 5, 0, 5;
    %cmp/u;
    %jmp/1 T_54.7, 6;
    %dup/vec4;
    %pushi/vec4 6, 0, 5;
    %cmp/u;
    %jmp/1 T_54.8, 6;
    %dup/vec4;
    %pushi/vec4 7, 0, 5;
    %cmp/u;
    %jmp/1 T_54.9, 6;
    %dup/vec4;
    %pushi/vec4 8, 0, 5;
    %cmp/u;
    %jmp/1 T_54.10, 6;
    %dup/vec4;
    %pushi/vec4 9, 0, 5;
    %cmp/u;
    %jmp/1 T_54.11, 6;
    %dup/vec4;
    %pushi/vec4 10, 0, 5;
    %cmp/u;
    %jmp/1 T_54.12, 6;
    %dup/vec4;
    %pushi/vec4 11, 0, 5;
    %cmp/u;
    %jmp/1 T_54.13, 6;
    %dup/vec4;
    %pushi/vec4 12, 0, 5;
    %cmp/u;
    %jmp/1 T_54.14, 6;
    %dup/vec4;
    %pushi/vec4 13, 0, 5;
    %cmp/u;
    %jmp/1 T_54.15, 6;
    %dup/vec4;
    %pushi/vec4 14, 0, 5;
    %cmp/u;
    %jmp/1 T_54.16, 6;
    %dup/vec4;
    %pushi/vec4 15, 0, 5;
    %cmp/u;
    %jmp/1 T_54.17, 6;
    %dup/vec4;
    %pushi/vec4 16, 0, 5;
    %cmp/u;
    %jmp/1 T_54.18, 6;
    %pushi/vec4 0, 0, 5;
    %assign/vec4 v0x8fb12ba20_0, 0;
    %jmp T_54.20;
T_54.2 ;
    %load/vec4 v0x8fb12b980_0;
    %flag_set/vec4 9;
    %flag_get/vec4 9;
    %jmp/0 T_54.23, 9;
    %load/vec4 v0x8fb12b8e0_0;
    %pushi/vec4 170, 0, 8;
    %cmp/e;
    %flag_get/vec4 4;
    %and;
T_54.23;
    %flag_set/vec4 8;
    %jmp/0xz  T_54.21, 8;
    %pushi/vec4 1, 0, 5;
    %assign/vec4 v0x8fb12ba20_0, 0;
T_54.21 ;
    %jmp T_54.20;
T_54.3 ;
    %load/vec4 v0x8fb12b980_0;
    %flag_set/vec4 8;
    %jmp/0xz  T_54.24, 8;
    %load/vec4 v0x8fb12b8e0_0;
    %cmpi/e 85, 0, 8;
    %jmp/0xz  T_54.26, 4;
    %pushi/vec4 2, 0, 5;
    %assign/vec4 v0x8fb12ba20_0, 0;
    %jmp T_54.27;
T_54.26 ;
    %load/vec4 v0x8fb12b8e0_0;
    %cmpi/e 170, 0, 8;
    %jmp/0xz  T_54.28, 4;
    %pushi/vec4 1, 0, 5;
    %assign/vec4 v0x8fb12ba20_0, 0;
    %jmp T_54.29;
T_54.28 ;
    %pushi/vec4 0, 0, 5;
    %assign/vec4 v0x8fb12ba20_0, 0;
T_54.29 ;
T_54.27 ;
T_54.24 ;
    %jmp T_54.20;
T_54.4 ;
    %load/vec4 v0x8fb12b980_0;
    %flag_set/vec4 8;
    %jmp/0xz  T_54.30, 8;
    %pushi/vec4 65535, 0, 16;
    %load/vec4 v0x8fb12b8e0_0;
    %store/vec4 v0x8fb12ad00_0, 0, 8;
    %store/vec4 v0x8fb12abc0_0, 0, 16;
    %callf/vec4 TD_tb_loader.dut.ldr.crc_next, S_0x8fa4d9e00;
    %assign/vec4 v0x8fb12b340_0, 0;
    %load/vec4 v0x8fb12b8e0_0;
    %cmpi/e 1, 0, 8;
    %jmp/0xz  T_54.32, 4;
    %pushi/vec4 3, 0, 5;
    %assign/vec4 v0x8fb12ba20_0, 0;
    %jmp T_54.33;
T_54.32 ;
    %load/vec4 v0x8fb12b8e0_0;
    %cmpi/e 2, 0, 8;
    %jmp/0xz  T_54.34, 4;
    %pushi/vec4 12, 0, 5;
    %assign/vec4 v0x8fb12ba20_0, 0;
    %jmp T_54.35;
T_54.34 ;
    %pushi/vec4 0, 0, 5;
    %assign/vec4 v0x8fb12ba20_0, 0;
T_54.35 ;
T_54.33 ;
T_54.30 ;
    %jmp T_54.20;
T_54.5 ;
    %load/vec4 v0x8fb12b980_0;
    %flag_set/vec4 8;
    %jmp/0xz  T_54.36, 8;
    %load/vec4 v0x8fb12b8e0_0;
    %ix/load 5, 0, 0;
    %ix/load 4, 24, 0;
    %flag_set/imm 4, 0;
    %assign/vec4/off/d v0x8fb12b0c0_0, 4, 5;
    %load/vec4 v0x8fb12b340_0;
    %load/vec4 v0x8fb12b8e0_0;
    %store/vec4 v0x8fb12ad00_0, 0, 8;
    %store/vec4 v0x8fb12abc0_0, 0, 16;
    %callf/vec4 TD_tb_loader.dut.ldr.crc_next, S_0x8fa4d9e00;
    %assign/vec4 v0x8fb12b340_0, 0;
    %pushi/vec4 4, 0, 5;
    %assign/vec4 v0x8fb12ba20_0, 0;
T_54.36 ;
    %jmp T_54.20;
T_54.6 ;
    %load/vec4 v0x8fb12b980_0;
    %flag_set/vec4 8;
    %jmp/0xz  T_54.38, 8;
    %load/vec4 v0x8fb12b8e0_0;
    %ix/load 5, 0, 0;
    %ix/load 4, 16, 0;
    %flag_set/imm 4, 0;
    %assign/vec4/off/d v0x8fb12b0c0_0, 4, 5;
    %load/vec4 v0x8fb12b340_0;
    %load/vec4 v0x8fb12b8e0_0;
    %store/vec4 v0x8fb12ad00_0, 0, 8;
    %store/vec4 v0x8fb12abc0_0, 0, 16;
    %callf/vec4 TD_tb_loader.dut.ldr.crc_next, S_0x8fa4d9e00;
    %assign/vec4 v0x8fb12b340_0, 0;
    %pushi/vec4 5, 0, 5;
    %assign/vec4 v0x8fb12ba20_0, 0;
T_54.38 ;
    %jmp T_54.20;
T_54.7 ;
    %load/vec4 v0x8fb12b980_0;
    %flag_set/vec4 8;
    %jmp/0xz  T_54.40, 8;
    %load/vec4 v0x8fb12b8e0_0;
    %ix/load 5, 0, 0;
    %ix/load 4, 8, 0;
    %flag_set/imm 4, 0;
    %assign/vec4/off/d v0x8fb12b0c0_0, 4, 5;
    %load/vec4 v0x8fb12b340_0;
    %load/vec4 v0x8fb12b8e0_0;
    %store/vec4 v0x8fb12ad00_0, 0, 8;
    %store/vec4 v0x8fb12abc0_0, 0, 16;
    %callf/vec4 TD_tb_loader.dut.ldr.crc_next, S_0x8fa4d9e00;
    %assign/vec4 v0x8fb12b340_0, 0;
    %pushi/vec4 6, 0, 5;
    %assign/vec4 v0x8fb12ba20_0, 0;
T_54.40 ;
    %jmp T_54.20;
T_54.8 ;
    %load/vec4 v0x8fb12b980_0;
    %flag_set/vec4 8;
    %jmp/0xz  T_54.42, 8;
    %load/vec4 v0x8fb12b8e0_0;
    %ix/load 5, 0, 0;
    %ix/load 4, 0, 0;
    %flag_set/imm 4, 0;
    %assign/vec4/off/d v0x8fb12b0c0_0, 4, 5;
    %load/vec4 v0x8fb12b340_0;
    %load/vec4 v0x8fb12b8e0_0;
    %store/vec4 v0x8fb12ad00_0, 0, 8;
    %store/vec4 v0x8fb12abc0_0, 0, 16;
    %callf/vec4 TD_tb_loader.dut.ldr.crc_next, S_0x8fa4d9e00;
    %assign/vec4 v0x8fb12b340_0, 0;
    %pushi/vec4 7, 0, 5;
    %assign/vec4 v0x8fb12ba20_0, 0;
T_54.42 ;
    %jmp T_54.20;
T_54.9 ;
    %load/vec4 v0x8fb12b980_0;
    %flag_set/vec4 8;
    %jmp/0xz  T_54.44, 8;
    %load/vec4 v0x8fb12b8e0_0;
    %assign/vec4 v0x8fb12b660_0, 0;
    %load/vec4 v0x8fb12b340_0;
    %load/vec4 v0x8fb12b8e0_0;
    %store/vec4 v0x8fb12ad00_0, 0, 8;
    %store/vec4 v0x8fb12abc0_0, 0, 16;
    %callf/vec4 TD_tb_loader.dut.ldr.crc_next, S_0x8fa4d9e00;
    %assign/vec4 v0x8fb12b340_0, 0;
    %pushi/vec4 0, 0, 16;
    %assign/vec4 v0x8fb12bde0_0, 0;
    %pushi/vec4 0, 0, 2;
    %assign/vec4 v0x8fb12b160_0, 0;
    %pushi/vec4 0, 0, 32;
    %assign/vec4 v0x8fb12bd40_0, 0;
    %load/vec4 v0x8fb12b8e0_0;
    %pad/u 32;
    %cmpi/e 0, 0, 32;
    %flag_mov 8, 4;
    %jmp/0 T_54.46, 8;
    %pushi/vec4 9, 0, 5;
    %jmp/1 T_54.47, 8;
T_54.46 ; End of true expr.
    %pushi/vec4 8, 0, 5;
    %jmp/0 T_54.47, 8;
 ; End of false expr.
    %blend;
T_54.47;
    %assign/vec4 v0x8fb12ba20_0, 0;
T_54.44 ;
    %jmp T_54.20;
T_54.10 ;
    %load/vec4 v0x8fb12b980_0;
    %flag_set/vec4 8;
    %jmp/0xz  T_54.48, 8;
    %load/vec4 v0x8fb12b340_0;
    %load/vec4 v0x8fb12b8e0_0;
    %store/vec4 v0x8fb12ad00_0, 0, 8;
    %store/vec4 v0x8fb12abc0_0, 0, 16;
    %callf/vec4 TD_tb_loader.dut.ldr.crc_next, S_0x8fa4d9e00;
    %assign/vec4 v0x8fb12b340_0, 0;
    %load/vec4 v0x8fb12bca0_0;
    %assign/vec4 v0x8fb12bd40_0, 0;
    %load/vec4 v0x8fb12b160_0;
    %cmpi/e 3, 0, 2;
    %jmp/0xz  T_54.50, 4;
    %pushi/vec4 1, 0, 1;
    %assign/vec4 v0x8fb12b5c0_0, 0;
    %load/vec4 v0x8fb12b3e0_0;
    %assign/vec4 v0x8fb12b480_0, 0;
    %load/vec4 v0x8fb12bca0_0;
    %assign/vec4 v0x8fb12b520_0, 0;
    %pushi/vec4 0, 0, 2;
    %assign/vec4 v0x8fb12b160_0, 0;
    %load/vec4 v0x8fb12bde0_0;
    %addi 1, 0, 16;
    %assign/vec4 v0x8fb12bde0_0, 0;
    %load/vec4 v0x8fb12bde0_0;
    %pad/u 32;
    %addi 1, 0, 32;
    %pushi/vec4 0, 0, 8;
    %load/vec4 v0x8fb12b660_0;
    %concat/vec4; draw_concat_vec4
    %pad/u 32;
    %cmp/e;
    %jmp/0xz  T_54.52, 4;
    %pushi/vec4 9, 0, 5;
    %assign/vec4 v0x8fb12ba20_0, 0;
T_54.52 ;
    %jmp T_54.51;
T_54.50 ;
    %load/vec4 v0x8fb12b160_0;
    %addi 1, 0, 2;
    %assign/vec4 v0x8fb12b160_0, 0;
T_54.51 ;
T_54.48 ;
    %jmp T_54.20;
T_54.11 ;
    %load/vec4 v0x8fb12b980_0;
    %flag_set/vec4 8;
    %jmp/0xz  T_54.54, 8;
    %load/vec4 v0x8fb12b8e0_0;
    %ix/load 5, 0, 0;
    %ix/load 4, 8, 0;
    %flag_set/imm 4, 0;
    %assign/vec4/off/d v0x8fb12b840_0, 4, 5;
    %pushi/vec4 10, 0, 5;
    %assign/vec4 v0x8fb12ba20_0, 0;
T_54.54 ;
    %jmp T_54.20;
T_54.12 ;
    %load/vec4 v0x8fb12b980_0;
    %flag_set/vec4 8;
    %jmp/0xz  T_54.56, 8;
    %load/vec4 v0x8fb12b8e0_0;
    %ix/load 5, 0, 0;
    %ix/load 4, 0, 0;
    %flag_set/imm 4, 0;
    %assign/vec4/off/d v0x8fb12b840_0, 4, 5;
    %load/vec4 v0x8fb12b840_0;
    %parti/s 8, 8, 5;
    %load/vec4 v0x8fb12b8e0_0;
    %concat/vec4; draw_concat_vec4
    %load/vec4 v0x8fb12b340_0;
    %cmp/e;
    %flag_get/vec4 4;
    %assign/vec4 v0x8fb12b700_0, 0;
    %pushi/vec4 11, 0, 5;
    %assign/vec4 v0x8fb12ba20_0, 0;
T_54.56 ;
    %jmp T_54.20;
T_54.13 ;
    %load/vec4 v0x8fb12bac0_0;
    %nor/r;
    %flag_set/vec4 8;
    %jmp/0xz  T_54.58, 8;
    %pushi/vec4 1, 0, 1;
    %assign/vec4 v0x8fb12bc00_0, 0;
    %load/vec4 v0x8fb12b700_0;
    %flag_set/vec4 8;
    %jmp/0 T_54.60, 8;
    %pushi/vec4 6, 0, 8;
    %jmp/1 T_54.61, 8;
T_54.60 ; End of true expr.
    %pushi/vec4 21, 0, 8;
    %jmp/0 T_54.61, 8;
 ; End of false expr.
    %blend;
T_54.61;
    %assign/vec4 v0x8fb12bb60_0, 0;
    %pushi/vec4 0, 0, 5;
    %assign/vec4 v0x8fb12ba20_0, 0;
T_54.58 ;
    %jmp T_54.20;
T_54.14 ;
    %load/vec4 v0x8fb12b980_0;
    %flag_set/vec4 8;
    %jmp/0xz  T_54.62, 8;
    %load/vec4 v0x8fb12b8e0_0;
    %ix/load 5, 0, 0;
    %ix/load 4, 8, 0;
    %flag_set/imm 4, 0;
    %assign/vec4/off/d v0x8fb12b840_0, 4, 5;
    %pushi/vec4 13, 0, 5;
    %assign/vec4 v0x8fb12ba20_0, 0;
T_54.62 ;
    %jmp T_54.20;
T_54.15 ;
    %load/vec4 v0x8fb12b980_0;
    %flag_set/vec4 8;
    %jmp/0xz  T_54.64, 8;
    %load/vec4 v0x8fb12b8e0_0;
    %ix/load 5, 0, 0;
    %ix/load 4, 0, 0;
    %flag_set/imm 4, 0;
    %assign/vec4/off/d v0x8fb12b840_0, 4, 5;
    %load/vec4 v0x8fb12b840_0;
    %parti/s 8, 8, 5;
    %load/vec4 v0x8fb12b8e0_0;
    %concat/vec4; draw_concat_vec4
    %load/vec4 v0x8fb12b340_0;
    %cmp/e;
    %flag_get/vec4 4;
    %assign/vec4 v0x8fb12b700_0, 0;
    %pushi/vec4 14, 0, 5;
    %assign/vec4 v0x8fb12ba20_0, 0;
T_54.64 ;
    %jmp T_54.20;
T_54.16 ;
    %load/vec4 v0x8fb12bac0_0;
    %nor/r;
    %flag_set/vec4 8;
    %jmp/0xz  T_54.66, 8;
    %pushi/vec4 1, 0, 1;
    %assign/vec4 v0x8fb12bc00_0, 0;
    %load/vec4 v0x8fb12b700_0;
    %flag_set/vec4 8;
    %jmp/0 T_54.68, 8;
    %pushi/vec4 6, 0, 8;
    %jmp/1 T_54.69, 8;
T_54.68 ; End of true expr.
    %pushi/vec4 21, 0, 8;
    %jmp/0 T_54.69, 8;
 ; End of false expr.
    %blend;
T_54.69;
    %assign/vec4 v0x8fb12bb60_0, 0;
    %load/vec4 v0x8fb12b700_0;
    %flag_set/vec4 8;
    %jmp/0 T_54.70, 8;
    %pushi/vec4 15, 0, 5;
    %jmp/1 T_54.71, 8;
T_54.70 ; End of true expr.
    %pushi/vec4 0, 0, 5;
    %jmp/0 T_54.71, 8;
 ; End of false expr.
    %blend;
T_54.71;
    %assign/vec4 v0x8fb12ba20_0, 0;
T_54.66 ;
    %jmp T_54.20;
T_54.17 ;
    %load/vec4 v0x8fb12bac0_0;
    %nor/r;
    %flag_set/vec4 9;
    %flag_get/vec4 9;
    %jmp/0 T_54.74, 9;
    %load/vec4 v0x8fb12bc00_0;
    %nor/r;
    %and;
T_54.74;
    %flag_set/vec4 8;
    %jmp/0xz  T_54.72, 8;
    %pushi/vec4 1, 0, 1;
    %assign/vec4 v0x8fb12b2a0_0, 0;
    %pushi/vec4 16, 0, 5;
    %assign/vec4 v0x8fb12ba20_0, 0;
T_54.72 ;
    %jmp T_54.20;
T_54.18 ;
    %load/vec4 v0x8fb12b980_0;
    %flag_set/vec4 9;
    %flag_get/vec4 9;
    %jmp/0 T_54.77, 9;
    %load/vec4 v0x8fb12b8e0_0;
    %pushi/vec4 170, 0, 8;
    %cmp/e;
    %flag_get/vec4 4;
    %and;
T_54.77;
    %flag_set/vec4 8;
    %jmp/0xz  T_54.75, 8;
    %pushi/vec4 0, 0, 1;
    %assign/vec4 v0x8fb12b2a0_0, 0;
    %pushi/vec4 1, 0, 5;
    %assign/vec4 v0x8fb12ba20_0, 0;
    %jmp T_54.76;
T_54.75 ;
    %pushi/vec4 1, 0, 1;
    %assign/vec4 v0x8fb12b2a0_0, 0;
T_54.76 ;
    %jmp T_54.20;
T_54.20 ;
    %pop/vec4 1;
T_54.1 ;
    %jmp T_54;
    .thread T_54;
    .scope S_0x8fa4d9b00;
T_55 ;
    %wait E_0x8fb0d2f40;
    %load/vec4 v0x8fb1263a0_0;
    %flag_set/vec4 8;
    %jmp/0 T_55.0, 8;
    %load/vec4 v0x8fb12a3a0_0;
    %load/vec4 v0x8fb12a440_0;
    %sub;
    %jmp/1 T_55.1, 8;
T_55.0 ; End of true expr.
    %load/vec4 v0x8fb12a3a0_0;
    %load/vec4 v0x8fb12a440_0;
    %add;
    %jmp/0 T_55.1, 8;
 ; End of false expr.
    %blend;
T_55.1;
    %store/vec4 v0x8fb122080_0, 0, 32;
    %load/vec4 v0x8fb12a3a0_0;
    %load/vec4 v0x8fb12a440_0;
    %cmp/e;
    %flag_get/vec4 4;
    %store/vec4 v0x8fb122120_0, 0, 1;
    %load/vec4 v0x8fb12a3a0_0;
    %load/vec4 v0x8fb12a440_0;
    %cmp/s;
    %flag_get/vec4 5;
    %store/vec4 v0x8fb1221c0_0, 0, 1;
    %load/vec4 v0x8fb12a3a0_0;
    %load/vec4 v0x8fb12a440_0;
    %cmp/u;
    %flag_get/vec4 5;
    %store/vec4 v0x8fb122260_0, 0, 1;
    %load/vec4 v0x8fb12a3a0_0;
    %load/vec4 v0x8fb12a440_0;
    %parti/s 5, 0, 2;
    %ix/vec4 4;
    %shiftl 4;
    %store/vec4 v0x8fb122580_0, 0, 32;
    %load/vec4 v0x8fb126120_0;
    %flag_set/vec4 8;
    %jmp/1 T_55.4, 8;
    %load/vec4 v0x8fb1261c0_0;
    %flag_set/vec4 9;
    %flag_or 8, 9;
T_55.4;
    %jmp/0 T_55.2, 8;
    %load/vec4 v0x8fb12a3a0_0;
    %parti/s 1, 31, 6;
    %jmp/1 T_55.3, 8;
T_55.2 ; End of true expr.
    %pushi/vec4 0, 0, 1;
    %jmp/0 T_55.3, 8;
 ; End of false expr.
    %blend;
T_55.3;
    %load/vec4 v0x8fb12a3a0_0;
    %concat/vec4; draw_concat_vec4
    %load/vec4 v0x8fb12a440_0;
    %parti/s 5, 0, 2;
    %ix/vec4 4;
    %shiftr/s 4;
    %pad/s 32;
    %store/vec4 v0x8fb122620_0, 0, 32;
    %jmp T_55;
    .thread T_55, $push;
    .scope S_0x8fa4d9500;
T_56 ;
    %end;
    .thread T_56;
    .scope S_0x8fa4d9500;
T_57 ;
    %wait E_0x8fb0d2f00;
    %pushi/vec4 0, 0, 1;
    %store/vec4 v0x8fb129680_0, 0, 1;
    %pushi/vec4 4294967295, 4294967295, 32;
    %store/vec4 v0x8fb1294a0_0, 0, 32;
    %pushi/vec4 0, 0, 1;
    %store/vec4 v0x8fb1295e0_0, 0, 1;
    %pushi/vec4 0, 0, 1;
    %store/vec4 v0x8fb129540_0, 0, 1;
    %pushi/vec4 1, 0, 1;
    %dup/vec4;
    %pushi/vec4 0, 0, 1;
    %cmp/u;
    %jmp/1 T_57.0, 6;
    %dup/vec4;
    %pushi/vec4 0, 0, 1;
    %cmp/u;
    %jmp/1 T_57.1, 6;
    %dup/vec4;
    %pushi/vec4 0, 0, 1;
    %cmp/u;
    %jmp/1 T_57.2, 6;
    %jmp T_57.3;
T_57.0 ;
    %pushi/vec4 0, 0, 1;
    %store/vec4 v0x8fb129680_0, 0, 1;
    %pushi/vec4 0, 0, 32;
    %store/vec4 v0x8fb1294a0_0, 0, 32;
    %jmp T_57.3;
T_57.1 ;
    %load/vec4 v0x8fb129900_0;
    %store/vec4 v0x8fb129680_0, 0, 1;
    %load/vec4 v0x8fb129720_0;
    %store/vec4 v0x8fb1294a0_0, 0, 32;
    %jmp T_57.3;
T_57.2 ;
    %load/vec4 v0x8fb129360_0;
    %store/vec4 v0x8fb129680_0, 0, 1;
    %load/vec4 v0x8fb129180_0;
    %store/vec4 v0x8fb1294a0_0, 0, 32;
    %jmp T_57.3;
T_57.3 ;
    %pop/vec4 1;
    %jmp T_57;
    .thread T_57, $push;
    .scope S_0x8fa4d9500;
T_58 ;
    %wait E_0x8fb0d2c80;
    %load/vec4 v0x8fb12a6c0_0;
    %nor/r;
    %flag_set/vec4 8;
    %jmp/0xz  T_58.0, 8;
    %pushi/vec4 0, 0, 1;
    %assign/vec4 v0x8fb128280_0, 0;
    %pushi/vec4 0, 0, 1;
    %assign/vec4 v0x8fb127520_0, 0;
    %jmp T_58.1;
T_58.0 ;
    %load/vec4 v0x8fb127520_0;
    %nor/r;
    %flag_set/vec4 8;
    %jmp/0xz  T_58.2, 8;
    %load/vec4 v0x8fb1281e0_0;
    %assign/vec4 v0x8fb128280_0, 0;
T_58.2 ;
    %load/vec4 v0x8fb128be0_0;
    %flag_set/vec4 8;
    %flag_get/vec4 8;
    %jmp/0 T_58.4, 8;
    %load/vec4 v0x8fb128aa0_0;
    %nor/r;
    %and;
T_58.4;
    %assign/vec4 v0x8fb127520_0, 0;
T_58.1 ;
    %jmp T_58;
    .thread T_58;
    .scope S_0x8fa4d9500;
T_59 ;
    %wait E_0x8fb0d2ec0;
    %load/vec4 v0x8fb128d20_0;
    %dup/vec4;
    %pushi/vec4 0, 0, 2;
    %cmp/u;
    %jmp/1 T_59.0, 6;
    %dup/vec4;
    %pushi/vec4 1, 0, 2;
    %cmp/u;
    %jmp/1 T_59.1, 6;
    %dup/vec4;
    %pushi/vec4 2, 0, 2;
    %cmp/u;
    %jmp/1 T_59.2, 6;
    %jmp T_59.3;
T_59.0 ;
    %load/vec4 v0x8fb12a440_0;
    %store/vec4 v0x8fb1285a0_0, 0, 32;
    %pushi/vec4 15, 0, 4;
    %store/vec4 v0x8fb1286e0_0, 0, 4;
    %load/vec4 v0x8fb128780_0;
    %store/vec4 v0x8fb128a00_0, 0, 32;
    %jmp T_59.3;
T_59.1 ;
    %load/vec4 v0x8fb12a440_0;
    %parti/s 16, 0, 2;
    %replicate 2;
    %store/vec4 v0x8fb1285a0_0, 0, 32;
    %load/vec4 v0x8fb12a3a0_0;
    %parti/s 1, 1, 2;
    %flag_set/vec4 8;
    %jmp/0 T_59.4, 8;
    %pushi/vec4 12, 0, 4;
    %jmp/1 T_59.5, 8;
T_59.4 ; End of true expr.
    %pushi/vec4 3, 0, 4;
    %jmp/0 T_59.5, 8;
 ; End of false expr.
    %blend;
T_59.5;
    %store/vec4 v0x8fb1286e0_0, 0, 4;
    %load/vec4 v0x8fb12a3a0_0;
    %parti/s 1, 1, 2;
    %dup/vec4;
    %pushi/vec4 0, 0, 1;
    %cmp/u;
    %jmp/1 T_59.6, 6;
    %dup/vec4;
    %pushi/vec4 1, 0, 1;
    %cmp/u;
    %jmp/1 T_59.7, 6;
    %jmp T_59.8;
T_59.6 ;
    %pushi/vec4 0, 0, 16;
    %load/vec4 v0x8fb128780_0;
    %parti/s 16, 0, 2;
    %concat/vec4; draw_concat_vec4
    %store/vec4 v0x8fb128a00_0, 0, 32;
    %jmp T_59.8;
T_59.7 ;
    %pushi/vec4 0, 0, 16;
    %load/vec4 v0x8fb128780_0;
    %parti/s 16, 16, 6;
    %concat/vec4; draw_concat_vec4
    %store/vec4 v0x8fb128a00_0, 0, 32;
    %jmp T_59.8;
T_59.8 ;
    %pop/vec4 1;
    %jmp T_59.3;
T_59.2 ;
    %load/vec4 v0x8fb12a440_0;
    %parti/s 8, 0, 2;
    %replicate 4;
    %store/vec4 v0x8fb1285a0_0, 0, 32;
    %pushi/vec4 1, 0, 4;
    %load/vec4 v0x8fb12a3a0_0;
    %parti/s 2, 0, 2;
    %ix/vec4 4;
    %shiftl 4;
    %store/vec4 v0x8fb1286e0_0, 0, 4;
    %load/vec4 v0x8fb12a3a0_0;
    %parti/s 2, 0, 2;
    %dup/vec4;
    %pushi/vec4 0, 0, 2;
    %cmp/u;
    %jmp/1 T_59.9, 6;
    %dup/vec4;
    %pushi/vec4 1, 0, 2;
    %cmp/u;
    %jmp/1 T_59.10, 6;
    %dup/vec4;
    %pushi/vec4 2, 0, 2;
    %cmp/u;
    %jmp/1 T_59.11, 6;
    %dup/vec4;
    %pushi/vec4 3, 0, 2;
    %cmp/u;
    %jmp/1 T_59.12, 6;
    %jmp T_59.13;
T_59.9 ;
    %pushi/vec4 0, 0, 24;
    %load/vec4 v0x8fb128780_0;
    %parti/s 8, 0, 2;
    %concat/vec4; draw_concat_vec4
    %store/vec4 v0x8fb128a00_0, 0, 32;
    %jmp T_59.13;
T_59.10 ;
    %pushi/vec4 0, 0, 24;
    %load/vec4 v0x8fb128780_0;
    %parti/s 8, 8, 5;
    %concat/vec4; draw_concat_vec4
    %store/vec4 v0x8fb128a00_0, 0, 32;
    %jmp T_59.13;
T_59.11 ;
    %pushi/vec4 0, 0, 24;
    %load/vec4 v0x8fb128780_0;
    %parti/s 8, 16, 6;
    %concat/vec4; draw_concat_vec4
    %store/vec4 v0x8fb128a00_0, 0, 32;
    %jmp T_59.13;
T_59.12 ;
    %pushi/vec4 0, 0, 24;
    %load/vec4 v0x8fb128780_0;
    %parti/s 8, 24, 6;
    %concat/vec4; draw_concat_vec4
    %store/vec4 v0x8fb128a00_0, 0, 32;
    %jmp T_59.13;
T_59.13 ;
    %pop/vec4 1;
    %jmp T_59.3;
T_59.3 ;
    %pop/vec4 1;
    %jmp T_59;
    .thread T_59, $push;
    .scope S_0x8fa4d9500;
T_60 ;
    %wait E_0x8fb0d2c80;
    %load/vec4 v0x8fb128e60_0;
    %flag_set/vec4 8;
    %jmp/0xz  T_60.0, 8;
    %load/vec4 v0x8fb128780_0;
    %assign/vec4 v0x8fb128960_0, 0;
    %load/vec4 v0x8fb128780_0;
    %assign/vec4 v0x8fb128fa0_0, 0;
T_60.0 ;
    %jmp T_60;
    .thread T_60;
    .scope S_0x8fa4d9500;
T_61 ;
    %wait E_0x8fb0d2c80;
    %load/vec4 v0x8fb12a6c0_0;
    %flag_set/vec4 9;
    %flag_get/vec4 9;
    %jmp/0 T_61.2, 9;
    %load/vec4 v0x8fb12ab20_0;
    %nor/r;
    %and;
T_61.2;
    %flag_set/vec4 8;
    %jmp/0xz  T_61.0, 8;
    %load/vec4 v0x8fb127d40_0;
    %flag_set/vec4 8;
    %jmp/1 T_61.6, 8;
    %load/vec4 v0x8fb127e80_0;
    %flag_set/vec4 9;
    %flag_or 8, 9;
T_61.6;
    %jmp/1 T_61.5, 8;
    %load/vec4 v0x8fb127de0_0;
    %flag_set/vec4 9;
    %flag_or 8, 9;
T_61.5;
    %jmp/0xz  T_61.3, 8;
    %fork TD_tb_loader.dut.cpu.empty_statement, S_0x8fa4d9680;
    %join;
T_61.3 ;
    %load/vec4 v0x8fb127d40_0;
    %flag_set/vec4 8;
    %jmp/1 T_61.9, 8;
    %load/vec4 v0x8fb127e80_0;
    %flag_set/vec4 9;
    %flag_or 8, 9;
T_61.9;
    %jmp/0xz  T_61.7, 8;
    %fork TD_tb_loader.dut.cpu.empty_statement, S_0x8fa4d9680;
    %join;
T_61.7 ;
    %load/vec4 v0x8fb127de0_0;
    %flag_set/vec4 8;
    %jmp/0xz  T_61.10, 8;
    %fork TD_tb_loader.dut.cpu.empty_statement, S_0x8fa4d9680;
    %join;
T_61.10 ;
    %load/vec4 v0x8fb127f20_0;
    %flag_set/vec4 8;
    %jmp/0xz  T_61.12, 8;
    %fork TD_tb_loader.dut.cpu.empty_statement, S_0x8fa4d9680;
    %join;
T_61.12 ;
    %load/vec4 v0x8fb128b40_0;
    %pad/u 32;
    %cmpi/e 2, 0, 32;
    %jmp/1 T_61.16, 4;
    %flag_mov 8, 4;
    %load/vec4 v0x8fb128b40_0;
    %pad/u 32;
    %cmpi/e 3, 0, 32;
    %flag_or 4, 8;
T_61.16;
    %jmp/0xz  T_61.14, 4;
    %fork TD_tb_loader.dut.cpu.empty_statement, S_0x8fa4d9680;
    %join;
T_61.14 ;
T_61.0 ;
    %jmp T_61;
    .thread T_61;
    .scope S_0x8fa4d9500;
T_62 ;
    %wait E_0x8fb0d2c80;
    %load/vec4 v0x8fb12a6c0_0;
    %nor/r;
    %flag_set/vec4 8;
    %jmp/1 T_62.2, 8;
    %load/vec4 v0x8fb12ab20_0;
    %flag_set/vec4 9;
    %flag_or 8, 9;
T_62.2;
    %jmp/0xz  T_62.0, 8;
    %load/vec4 v0x8fb12a6c0_0;
    %nor/r;
    %flag_set/vec4 8;
    %jmp/0xz  T_62.3, 8;
    %pushi/vec4 0, 0, 2;
    %assign/vec4 v0x8fb128b40_0, 0;
T_62.3 ;
    %load/vec4 v0x8fb12a6c0_0;
    %nor/r;
    %flag_set/vec4 8;
    %jmp/1 T_62.7, 8;
    %load/vec4 v0x8fb128aa0_0;
    %flag_set/vec4 9;
    %flag_or 8, 9;
T_62.7;
    %jmp/0xz  T_62.5, 8;
    %pushi/vec4 0, 0, 1;
    %assign/vec4 v0x8fb128be0_0, 0;
T_62.5 ;
    %pushi/vec4 0, 0, 1;
    %assign/vec4 v0x8fb128460_0, 0;
    %pushi/vec4 0, 0, 1;
    %assign/vec4 v0x8fb129ea0_0, 0;
    %jmp T_62.1;
T_62.0 ;
    %load/vec4 v0x8fb1283c0_0;
    %flag_set/vec4 8;
    %jmp/1 T_62.10, 8;
    %load/vec4 v0x8fb128640_0;
    %flag_set/vec4 9;
    %flag_or 8, 9;
T_62.10;
    %jmp/0xz  T_62.8, 8;
    %load/vec4 v0x8fb128140_0;
    %assign/vec4 v0x8fb127c00_0, 0;
    %load/vec4 v0x8fb1286e0_0;
    %load/vec4 v0x8fb128640_0;
    %replicate 4;
    %and;
    %assign/vec4 v0x8fb128dc0_0, 0;
T_62.8 ;
    %load/vec4 v0x8fb128640_0;
    %flag_set/vec4 8;
    %jmp/0xz  T_62.11, 8;
    %load/vec4 v0x8fb1285a0_0;
    %assign/vec4 v0x8fb128c80_0, 0;
T_62.11 ;
    %load/vec4 v0x8fb128b40_0;
    %dup/vec4;
    %pushi/vec4 0, 0, 2;
    %cmp/u;
    %jmp/1 T_62.13, 6;
    %dup/vec4;
    %pushi/vec4 1, 0, 2;
    %cmp/u;
    %jmp/1 T_62.14, 6;
    %dup/vec4;
    %pushi/vec4 2, 0, 2;
    %cmp/u;
    %jmp/1 T_62.15, 6;
    %dup/vec4;
    %pushi/vec4 3, 0, 2;
    %cmp/u;
    %jmp/1 T_62.16, 6;
    %jmp T_62.17;
T_62.13 ;
    %load/vec4 v0x8fb127d40_0;
    %flag_set/vec4 8;
    %jmp/1 T_62.21, 8;
    %load/vec4 v0x8fb127e80_0;
    %flag_set/vec4 9;
    %flag_or 8, 9;
T_62.21;
    %jmp/1 T_62.20, 8;
    %load/vec4 v0x8fb127de0_0;
    %flag_set/vec4 9;
    %flag_or 8, 9;
T_62.20;
    %jmp/0xz  T_62.18, 8;
    %load/vec4 v0x8fb128500_0;
    %nor/r;
    %assign/vec4 v0x8fb128be0_0, 0;
    %load/vec4 v0x8fb127d40_0;
    %flag_set/vec4 8;
    %flag_get/vec4 8;
    %jmp/1 T_62.22, 8;
    %load/vec4 v0x8fb127e80_0;
    %or;
T_62.22;
    %assign/vec4 v0x8fb1280a0_0, 0;
    %pushi/vec4 0, 0, 4;
    %assign/vec4 v0x8fb128dc0_0, 0;
    %pushi/vec4 1, 0, 2;
    %assign/vec4 v0x8fb128b40_0, 0;
T_62.18 ;
    %load/vec4 v0x8fb127f20_0;
    %flag_set/vec4 8;
    %jmp/0xz  T_62.23, 8;
    %pushi/vec4 1, 0, 1;
    %assign/vec4 v0x8fb128be0_0, 0;
    %pushi/vec4 0, 0, 1;
    %assign/vec4 v0x8fb1280a0_0, 0;
    %pushi/vec4 2, 0, 2;
    %assign/vec4 v0x8fb128b40_0, 0;
T_62.23 ;
    %jmp T_62.17;
T_62.14 ;
    %fork TD_tb_loader.dut.cpu.empty_statement, S_0x8fa4d9680;
    %join;
    %fork TD_tb_loader.dut.cpu.empty_statement, S_0x8fa4d9680;
    %join;
    %fork TD_tb_loader.dut.cpu.empty_statement, S_0x8fa4d9680;
    %join;
    %fork TD_tb_loader.dut.cpu.empty_statement, S_0x8fa4d9680;
    %join;
    %load/vec4 v0x8fb128e60_0;
    %flag_set/vec4 8;
    %jmp/0xz  T_62.25, 8;
    %pushi/vec4 0, 0, 1;
    %assign/vec4 v0x8fb128be0_0, 0;
    %pushi/vec4 0, 0, 1;
    %assign/vec4 v0x8fb128460_0, 0;
    %load/vec4 v0x8fb127e80_0;
    %flag_set/vec4 8;
    %jmp/1 T_62.29, 8;
    %load/vec4 v0x8fb127de0_0;
    %flag_set/vec4 9;
    %flag_or 8, 9;
T_62.29;
    %jmp/0 T_62.27, 8;
    %pushi/vec4 0, 0, 3;
    %jmp/1 T_62.28, 8;
T_62.27 ; End of true expr.
    %pushi/vec4 3, 0, 3;
    %jmp/0 T_62.28, 8;
 ; End of false expr.
    %blend;
T_62.28;
    %pad/s 2;
    %assign/vec4 v0x8fb128b40_0, 0;
T_62.25 ;
    %jmp T_62.17;
T_62.15 ;
    %fork TD_tb_loader.dut.cpu.empty_statement, S_0x8fa4d9680;
    %join;
    %fork TD_tb_loader.dut.cpu.empty_statement, S_0x8fa4d9680;
    %join;
    %load/vec4 v0x8fb128e60_0;
    %flag_set/vec4 8;
    %jmp/0xz  T_62.30, 8;
    %pushi/vec4 0, 0, 1;
    %assign/vec4 v0x8fb128be0_0, 0;
    %pushi/vec4 0, 0, 2;
    %assign/vec4 v0x8fb128b40_0, 0;
T_62.30 ;
    %jmp T_62.17;
T_62.16 ;
    %fork TD_tb_loader.dut.cpu.empty_statement, S_0x8fa4d9680;
    %join;
    %fork TD_tb_loader.dut.cpu.empty_statement, S_0x8fa4d9680;
    %join;
    %load/vec4 v0x8fb127e80_0;
    %flag_set/vec4 8;
    %jmp/0xz  T_62.32, 8;
    %pushi/vec4 0, 0, 2;
    %assign/vec4 v0x8fb128b40_0, 0;
T_62.32 ;
    %jmp T_62.17;
T_62.17 ;
    %pop/vec4 1;
T_62.1 ;
    %load/vec4 v0x8fb122bc0_0;
    %flag_set/vec4 8;
    %jmp/0xz  T_62.34, 8;
    %pushi/vec4 0, 0, 1;
    %assign/vec4 v0x8fb129ea0_0, 0;
T_62.34 ;
    %jmp T_62;
    .thread T_62;
    .scope S_0x8fa4d9500;
T_63 ;
    %wait E_0x8fb0d2e80;
    %pushi/vec4 0, 0, 32; draw_string_vec4
    %pushi/vec4 0, 0, 32; draw_string_vec4
    %concat/vec4; draw_string_vec4
    %store/vec4 v0x8fb128f00_0, 0, 64;
    %load/vec4 v0x8fb125540_0;
    %flag_set/vec4 8;
    %jmp/0xz  T_63.0, 8;
    %pushi/vec4 0, 0, 32; draw_string_vec4
    %pushi/vec4 7107945, 0, 32; draw_string_vec4
    %concat/vec4; draw_string_vec4
    %store/vec4 v0x8fb128f00_0, 0, 64;
T_63.0 ;
    %load/vec4 v0x8fb124b40_0;
    %flag_set/vec4 8;
    %jmp/0xz  T_63.2, 8;
    %pushi/vec4 97, 0, 32; draw_string_vec4
    %pushi/vec4 1969844323, 0, 32; draw_string_vec4
    %concat/vec4; draw_string_vec4
    %store/vec4 v0x8fb128f00_0, 0, 64;
T_63.2 ;
    %load/vec4 v0x8fb125180_0;
    %flag_set/vec4 8;
    %jmp/0xz  T_63.4, 8;
    %pushi/vec4 0, 0, 32; draw_string_vec4
    %pushi/vec4 6971756, 0, 32; draw_string_vec4
    %concat/vec4; draw_string_vec4
    %store/vec4 v0x8fb128f00_0, 0, 64;
T_63.4 ;
    %load/vec4 v0x8fb125220_0;
    %flag_set/vec4 8;
    %jmp/0xz  T_63.6, 8;
    %pushi/vec4 0, 0, 32; draw_string_vec4
    %pushi/vec4 1784769650, 0, 32; draw_string_vec4
    %concat/vec4; draw_string_vec4
    %store/vec4 v0x8fb128f00_0, 0, 64;
T_63.6 ;
    %load/vec4 v0x8fb124be0_0;
    %flag_set/vec4 8;
    %jmp/0xz  T_63.8, 8;
    %pushi/vec4 0, 0, 32; draw_string_vec4
    %pushi/vec4 6448497, 0, 32; draw_string_vec4
    %concat/vec4; draw_string_vec4
    %store/vec4 v0x8fb128f00_0, 0, 64;
T_63.8 ;
    %load/vec4 v0x8fb124f00_0;
    %flag_set/vec4 8;
    %jmp/0xz  T_63.10, 8;
    %pushi/vec4 0, 0, 32; draw_string_vec4
    %pushi/vec4 6450789, 0, 32; draw_string_vec4
    %concat/vec4; draw_string_vec4
    %store/vec4 v0x8fb128f00_0, 0, 64;
T_63.10 ;
    %load/vec4 v0x8fb124dc0_0;
    %flag_set/vec4 8;
    %jmp/0xz  T_63.12, 8;
    %pushi/vec4 0, 0, 32; draw_string_vec4
    %pushi/vec4 6450292, 0, 32; draw_string_vec4
    %concat/vec4; draw_string_vec4
    %store/vec4 v0x8fb128f00_0, 0, 64;
T_63.12 ;
    %load/vec4 v0x8fb124c80_0;
    %flag_set/vec4 8;
    %jmp/0xz  T_63.14, 8;
    %pushi/vec4 0, 0, 32; draw_string_vec4
    %pushi/vec4 6448997, 0, 32; draw_string_vec4
    %concat/vec4; draw_string_vec4
    %store/vec4 v0x8fb128f00_0, 0, 64;
T_63.14 ;
    %load/vec4 v0x8fb124e60_0;
    %flag_set/vec4 8;
    %jmp/0xz  T_63.16, 8;
    %pushi/vec4 0, 0, 32; draw_string_vec4
    %pushi/vec4 1651274869, 0, 32; draw_string_vec4
    %concat/vec4; draw_string_vec4
    %store/vec4 v0x8fb128f00_0, 0, 64;
T_63.16 ;
    %load/vec4 v0x8fb124d20_0;
    %flag_set/vec4 8;
    %jmp/0xz  T_63.18, 8;
    %pushi/vec4 0, 0, 32; draw_string_vec4
    %pushi/vec4 1650943349, 0, 32; draw_string_vec4
    %concat/vec4; draw_string_vec4
    %store/vec4 v0x8fb128f00_0, 0, 64;
T_63.18 ;
    %load/vec4 v0x8fb1252c0_0;
    %flag_set/vec4 8;
    %jmp/0xz  T_63.20, 8;
    %pushi/vec4 0, 0, 32; draw_string_vec4
    %pushi/vec4 27746, 0, 32; draw_string_vec4
    %concat/vec4; draw_string_vec4
    %store/vec4 v0x8fb128f00_0, 0, 64;
T_63.20 ;
    %load/vec4 v0x8fb125400_0;
    %flag_set/vec4 8;
    %jmp/0xz  T_63.22, 8;
    %pushi/vec4 0, 0, 32; draw_string_vec4
    %pushi/vec4 27752, 0, 32; draw_string_vec4
    %concat/vec4; draw_string_vec4
    %store/vec4 v0x8fb128f00_0, 0, 64;
T_63.22 ;
    %load/vec4 v0x8fb1255e0_0;
    %flag_set/vec4 8;
    %jmp/0xz  T_63.24, 8;
    %pushi/vec4 0, 0, 32; draw_string_vec4
    %pushi/vec4 27767, 0, 32; draw_string_vec4
    %concat/vec4; draw_string_vec4
    %store/vec4 v0x8fb128f00_0, 0, 64;
T_63.24 ;
    %load/vec4 v0x8fb125360_0;
    %flag_set/vec4 8;
    %jmp/0xz  T_63.26, 8;
    %pushi/vec4 0, 0, 32; draw_string_vec4
    %pushi/vec4 7103093, 0, 32; draw_string_vec4
    %concat/vec4; draw_string_vec4
    %store/vec4 v0x8fb128f00_0, 0, 64;
T_63.26 ;
    %load/vec4 v0x8fb1254a0_0;
    %flag_set/vec4 8;
    %jmp/0xz  T_63.28, 8;
    %pushi/vec4 0, 0, 32; draw_string_vec4
    %pushi/vec4 7104629, 0, 32; draw_string_vec4
    %concat/vec4; draw_string_vec4
    %store/vec4 v0x8fb128f00_0, 0, 64;
T_63.28 ;
    %load/vec4 v0x8fb125b80_0;
    %flag_set/vec4 8;
    %jmp/0xz  T_63.30, 8;
    %pushi/vec4 0, 0, 32; draw_string_vec4
    %pushi/vec4 29538, 0, 32; draw_string_vec4
    %concat/vec4; draw_string_vec4
    %store/vec4 v0x8fb128f00_0, 0, 64;
T_63.30 ;
    %load/vec4 v0x8fb125cc0_0;
    %flag_set/vec4 8;
    %jmp/0xz  T_63.32, 8;
    %pushi/vec4 0, 0, 32; draw_string_vec4
    %pushi/vec4 29544, 0, 32; draw_string_vec4
    %concat/vec4; draw_string_vec4
    %store/vec4 v0x8fb128f00_0, 0, 64;
T_63.32 ;
    %load/vec4 v0x8fb126440_0;
    %flag_set/vec4 8;
    %jmp/0xz  T_63.34, 8;
    %pushi/vec4 0, 0, 32; draw_string_vec4
    %pushi/vec4 29559, 0, 32; draw_string_vec4
    %concat/vec4; draw_string_vec4
    %store/vec4 v0x8fb128f00_0, 0, 64;
T_63.34 ;
    %load/vec4 v0x8fb124960_0;
    %flag_set/vec4 8;
    %jmp/0xz  T_63.36, 8;
    %pushi/vec4 0, 0, 32; draw_string_vec4
    %pushi/vec4 1633969257, 0, 32; draw_string_vec4
    %concat/vec4; draw_string_vec4
    %store/vec4 v0x8fb128f00_0, 0, 64;
T_63.36 ;
    %load/vec4 v0x8fb125f40_0;
    %flag_set/vec4 8;
    %jmp/0xz  T_63.38, 8;
    %pushi/vec4 0, 0, 32; draw_string_vec4
    %pushi/vec4 1936487529, 0, 32; draw_string_vec4
    %concat/vec4; draw_string_vec4
    %store/vec4 v0x8fb128f00_0, 0, 64;
T_63.38 ;
    %load/vec4 v0x8fb125fe0_0;
    %flag_set/vec4 8;
    %jmp/0xz  T_63.40, 8;
    %pushi/vec4 115, 0, 32; draw_string_vec4
    %pushi/vec4 1819568501, 0, 32; draw_string_vec4
    %concat/vec4; draw_string_vec4
    %store/vec4 v0x8fb128f00_0, 0, 64;
T_63.40 ;
    %load/vec4 v0x8fb126760_0;
    %flag_set/vec4 8;
    %jmp/0xz  T_63.42, 8;
    %pushi/vec4 0, 0, 32; draw_string_vec4
    %pushi/vec4 2020569705, 0, 32; draw_string_vec4
    %concat/vec4; draw_string_vec4
    %store/vec4 v0x8fb128f00_0, 0, 64;
T_63.42 ;
    %load/vec4 v0x8fb1257c0_0;
    %flag_set/vec4 8;
    %jmp/0xz  T_63.44, 8;
    %pushi/vec4 0, 0, 32; draw_string_vec4
    %pushi/vec4 7303785, 0, 32; draw_string_vec4
    %concat/vec4; draw_string_vec4
    %store/vec4 v0x8fb128f00_0, 0, 64;
T_63.44 ;
    %load/vec4 v0x8fb124aa0_0;
    %flag_set/vec4 8;
    %jmp/0xz  T_63.46, 8;
    %pushi/vec4 0, 0, 32; draw_string_vec4
    %pushi/vec4 1634624617, 0, 32; draw_string_vec4
    %concat/vec4; draw_string_vec4
    %store/vec4 v0x8fb128f00_0, 0, 64;
T_63.46 ;
    %load/vec4 v0x8fb125e00_0;
    %flag_set/vec4 8;
    %jmp/0xz  T_63.48, 8;
    %pushi/vec4 0, 0, 32; draw_string_vec4
    %pushi/vec4 1936485481, 0, 32; draw_string_vec4
    %concat/vec4; draw_string_vec4
    %store/vec4 v0x8fb128f00_0, 0, 64;
T_63.48 ;
    %load/vec4 v0x8fb126300_0;
    %flag_set/vec4 8;
    %jmp/0xz  T_63.50, 8;
    %pushi/vec4 0, 0, 32; draw_string_vec4
    %pushi/vec4 1936878697, 0, 32; draw_string_vec4
    %concat/vec4; draw_string_vec4
    %store/vec4 v0x8fb128f00_0, 0, 64;
T_63.50 ;
    %load/vec4 v0x8fb1261c0_0;
    %flag_set/vec4 8;
    %jmp/0xz  T_63.52, 8;
    %pushi/vec4 0, 0, 32; draw_string_vec4
    %pushi/vec4 1936875881, 0, 32; draw_string_vec4
    %concat/vec4; draw_string_vec4
    %store/vec4 v0x8fb128f00_0, 0, 64;
T_63.52 ;
    %load/vec4 v0x8fb1248c0_0;
    %flag_set/vec4 8;
    %jmp/0xz  T_63.54, 8;
    %pushi/vec4 0, 0, 32; draw_string_vec4
    %pushi/vec4 6382692, 0, 32; draw_string_vec4
    %concat/vec4; draw_string_vec4
    %store/vec4 v0x8fb128f00_0, 0, 64;
T_63.54 ;
    %load/vec4 v0x8fb1263a0_0;
    %flag_set/vec4 8;
    %jmp/0xz  T_63.56, 8;
    %pushi/vec4 0, 0, 32; draw_string_vec4
    %pushi/vec4 7566690, 0, 32; draw_string_vec4
    %concat/vec4; draw_string_vec4
    %store/vec4 v0x8fb128f00_0, 0, 64;
T_63.56 ;
    %load/vec4 v0x8fb125d60_0;
    %flag_set/vec4 8;
    %jmp/0xz  T_63.58, 8;
    %pushi/vec4 0, 0, 32; draw_string_vec4
    %pushi/vec4 7564396, 0, 32; draw_string_vec4
    %concat/vec4; draw_string_vec4
    %store/vec4 v0x8fb128f00_0, 0, 64;
T_63.58 ;
    %load/vec4 v0x8fb125ea0_0;
    %flag_set/vec4 8;
    %jmp/0xz  T_63.60, 8;
    %pushi/vec4 0, 0, 32; draw_string_vec4
    %pushi/vec4 7564404, 0, 32; draw_string_vec4
    %concat/vec4; draw_string_vec4
    %store/vec4 v0x8fb128f00_0, 0, 64;
T_63.60 ;
    %load/vec4 v0x8fb126080_0;
    %flag_set/vec4 8;
    %jmp/0xz  T_63.62, 8;
    %pushi/vec4 0, 0, 32; draw_string_vec4
    %pushi/vec4 1936487541, 0, 32; draw_string_vec4
    %concat/vec4; draw_string_vec4
    %store/vec4 v0x8fb128f00_0, 0, 64;
T_63.62 ;
    %load/vec4 v0x8fb1266c0_0;
    %flag_set/vec4 8;
    %jmp/0xz  T_63.64, 8;
    %pushi/vec4 0, 0, 32; draw_string_vec4
    %pushi/vec4 7892850, 0, 32; draw_string_vec4
    %concat/vec4; draw_string_vec4
    %store/vec4 v0x8fb128f00_0, 0, 64;
T_63.64 ;
    %load/vec4 v0x8fb126260_0;
    %flag_set/vec4 8;
    %jmp/0xz  T_63.66, 8;
    %pushi/vec4 0, 0, 32; draw_string_vec4
    %pushi/vec4 7565932, 0, 32; draw_string_vec4
    %concat/vec4; draw_string_vec4
    %store/vec4 v0x8fb128f00_0, 0, 64;
T_63.66 ;
    %load/vec4 v0x8fb126120_0;
    %flag_set/vec4 8;
    %jmp/0xz  T_63.68, 8;
    %pushi/vec4 0, 0, 32; draw_string_vec4
    %pushi/vec4 7565921, 0, 32; draw_string_vec4
    %concat/vec4; draw_string_vec4
    %store/vec4 v0x8fb128f00_0, 0, 64;
T_63.68 ;
    %load/vec4 v0x8fb125720_0;
    %flag_set/vec4 8;
    %jmp/0xz  T_63.70, 8;
    %pushi/vec4 0, 0, 32; draw_string_vec4
    %pushi/vec4 28530, 0, 32; draw_string_vec4
    %concat/vec4; draw_string_vec4
    %store/vec4 v0x8fb128f00_0, 0, 64;
T_63.70 ;
    %load/vec4 v0x8fb124a00_0;
    %flag_set/vec4 8;
    %jmp/0xz  T_63.72, 8;
    %pushi/vec4 0, 0, 32; draw_string_vec4
    %pushi/vec4 6385252, 0, 32; draw_string_vec4
    %concat/vec4; draw_string_vec4
    %store/vec4 v0x8fb128f00_0, 0, 64;
T_63.72 ;
    %load/vec4 v0x8fb125860_0;
    %flag_set/vec4 8;
    %jmp/0xz  T_63.74, 8;
    %pushi/vec4 7496803, 0, 32; draw_string_vec4
    %pushi/vec4 2036558949, 0, 32; draw_string_vec4
    %concat/vec4; draw_string_vec4
    %store/vec4 v0x8fb128f00_0, 0, 64;
T_63.74 ;
    %load/vec4 v0x8fb125900_0;
    %flag_set/vec4 8;
    %jmp/0xz  T_63.76, 8;
    %pushi/vec4 1919181689, 0, 32; draw_string_vec4
    %pushi/vec4 1668048232, 0, 32; draw_string_vec4
    %concat/vec4; draw_string_vec4
    %store/vec4 v0x8fb128f00_0, 0, 64;
T_63.76 ;
    %load/vec4 v0x8fb1259a0_0;
    %flag_set/vec4 8;
    %jmp/0xz  T_63.78, 8;
    %pushi/vec4 7496809, 0, 32; draw_string_vec4
    %pushi/vec4 1853060210, 0, 32; draw_string_vec4
    %concat/vec4; draw_string_vec4
    %store/vec4 v0x8fb128f00_0, 0, 64;
T_63.78 ;
    %load/vec4 v0x8fb125a40_0;
    %flag_set/vec4 8;
    %jmp/0xz  T_63.80, 8;
    %pushi/vec4 1919183214, 0, 32; draw_string_vec4
    %pushi/vec4 1937011304, 0, 32; draw_string_vec4
    %concat/vec4; draw_string_vec4
    %store/vec4 v0x8fb128f00_0, 0, 64;
T_63.80 ;
    %load/vec4 v0x8fb125040_0;
    %flag_set/vec4 8;
    %jmp/0xz  T_63.82, 8;
    %pushi/vec4 102, 0, 32; draw_string_vec4
    %pushi/vec4 1701733221, 0, 32; draw_string_vec4
    %concat/vec4; draw_string_vec4
    %store/vec4 v0x8fb128f00_0, 0, 64;
T_63.82 ;
    %load/vec4 v0x8fb1250e0_0;
    %flag_set/vec4 8;
    %jmp/0xz  T_63.84, 8;
    %pushi/vec4 0, 0, 32; draw_string_vec4
    %pushi/vec4 1734702193, 0, 32; draw_string_vec4
    %concat/vec4; draw_string_vec4
    %store/vec4 v0x8fb128f00_0, 0, 64;
T_63.84 ;
    %load/vec4 v0x8fb125c20_0;
    %flag_set/vec4 8;
    %jmp/0xz  T_63.86, 8;
    %pushi/vec4 0, 0, 32; draw_string_vec4
    %pushi/vec4 1936028785, 0, 32; draw_string_vec4
    %concat/vec4; draw_string_vec4
    %store/vec4 v0x8fb128f00_0, 0, 64;
T_63.86 ;
    %load/vec4 v0x8fb125ae0_0;
    %flag_set/vec4 8;
    %jmp/0xz  T_63.88, 8;
    %pushi/vec4 29285, 0, 32; draw_string_vec4
    %pushi/vec4 1953067633, 0, 32; draw_string_vec4
    %concat/vec4; draw_string_vec4
    %store/vec4 v0x8fb128f00_0, 0, 64;
T_63.88 ;
    %load/vec4 v0x8fb125680_0;
    %flag_set/vec4 8;
    %jmp/0xz  T_63.90, 8;
    %pushi/vec4 7168371, 0, 32; draw_string_vec4
    %pushi/vec4 1802072689, 0, 32; draw_string_vec4
    %concat/vec4; draw_string_vec4
    %store/vec4 v0x8fb128f00_0, 0, 64;
T_63.90 ;
    %load/vec4 v0x8fb126620_0;
    %flag_set/vec4 8;
    %jmp/0xz  T_63.92, 8;
    %pushi/vec4 7823721, 0, 32; draw_string_vec4
    %pushi/vec4 1953067633, 0, 32; draw_string_vec4
    %concat/vec4; draw_string_vec4
    %store/vec4 v0x8fb128f00_0, 0, 64;
T_63.92 ;
    %load/vec4 v0x8fb1264e0_0;
    %flag_set/vec4 8;
    %jmp/0xz  T_63.94, 8;
    %pushi/vec4 116, 0, 32; draw_string_vec4
    %pushi/vec4 1768777074, 0, 32; draw_string_vec4
    %concat/vec4; draw_string_vec4
    %store/vec4 v0x8fb128f00_0, 0, 64;
T_63.94 ;
    %jmp T_63;
    .thread T_63, $push;
    .scope S_0x8fa4d9500;
T_64 ;
    %wait E_0x8fb0d2c80;
    %load/vec4 v0x8fb1233e0_0;
    %assign/vec4 v0x8fb129f40_0, 0;
    %load/vec4 v0x8fb1235c0_0;
    %assign/vec4 v0x8fb129fe0_0, 0;
    %load/vec4 v0x8fb123660_0;
    %assign/vec4 v0x8fb12a080_0, 0;
    %load/vec4 v0x8fb1237a0_0;
    %assign/vec4 v0x8fb12a1c0_0, 0;
    %load/vec4 v0x8fb123840_0;
    %assign/vec4 v0x8fb12a260_0, 0;
    %load/vec4 v0x8fb123700_0;
    %assign/vec4 v0x8fb12a120_0, 0;
    %load/vec4 v0x8fb127b60_0;
    %assign/vec4 v0x8fb123d40_0, 0;
    %load/vec4 v0x8fb12a6c0_0;
    %nor/r;
    %flag_set/vec4 8;
    %jmp/1 T_64.2, 8;
    %load/vec4 v0x8fb12ab20_0;
    %flag_set/vec4 9;
    %flag_or 8, 9;
T_64.2;
    %jmp/0xz  T_64.0, 8;
    %pushi/vec4 0, 0, 1;
    %assign/vec4 v0x8fb1240a0_0, 0;
    %jmp T_64.1;
T_64.0 ;
    %load/vec4 v0x8fb127b60_0;
    %flag_set/vec4 8;
    %jmp/0xz  T_64.3, 8;
    %pushi/vec4 1, 0, 1;
    %assign/vec4 v0x8fb1240a0_0, 0;
T_64.3 ;
T_64.1 ;
    %load/vec4 v0x8fb1246e0_0;
    %flag_set/vec4 8;
    %jmp/0xz  T_64.5, 8;
    %load/vec4 v0x8fb128f00_0;
    %assign/vec4 v0x8fb122800_0, 0;
    %load/vec4 v0x8fb124140_0;
    %assign/vec4 v0x8fb1228a0_0, 0;
    %load/vec4 v0x8fb128fa0_0;
    %parti/s 2, 0, 2;
    %and/r;
    %flag_set/vec4 8;
    %jmp/0xz  T_64.7, 8;
    %load/vec4 v0x8fb128fa0_0;
    %assign/vec4 v0x8fb122940_0, 0;
    %jmp T_64.8;
T_64.7 ;
    %pushi/vec4 0, 0, 16;
    %load/vec4 v0x8fb128fa0_0;
    %parti/s 16, 0, 2;
    %concat/vec4; draw_concat_vec4
    %assign/vec4 v0x8fb122940_0, 0;
T_64.8 ;
    %load/vec4 v0x8fb1243c0_0;
    %assign/vec4 v0x8fb122a80_0, 0;
    %load/vec4 v0x8fb124460_0;
    %assign/vec4 v0x8fb122b20_0, 0;
    %load/vec4 v0x8fb124280_0;
    %assign/vec4 v0x8fb1229e0_0, 0;
T_64.5 ;
    %load/vec4 v0x8fb127b60_0;
    %flag_set/vec4 8;
    %jmp/0xz  T_64.9, 8;
    %load/vec4 v0x8fb1290e0_0;
    %assign/vec4 v0x8fb123520_0, 0;
T_64.9 ;
    %jmp T_64;
    .thread T_64;
    .scope S_0x8fa4d9500;
T_65 ;
    %wait E_0x8fb0d2e40;
    %load/vec4 v0x8fb129f40_0;
    %store/vec4 v0x8fb1233e0_0, 0, 64;
    %load/vec4 v0x8fb129fe0_0;
    %store/vec4 v0x8fb1235c0_0, 0, 32;
    %load/vec4 v0x8fb12a080_0;
    %store/vec4 v0x8fb123660_0, 0, 32;
    %load/vec4 v0x8fb12a1c0_0;
    %store/vec4 v0x8fb1237a0_0, 0, 5;
    %load/vec4 v0x8fb12a260_0;
    %store/vec4 v0x8fb123840_0, 0, 5;
    %load/vec4 v0x8fb12a120_0;
    %store/vec4 v0x8fb123700_0, 0, 5;
    %load/vec4 v0x8fb123d40_0;
    %flag_set/vec4 8;
    %jmp/0xz  T_65.0, 8;
    %load/vec4 v0x8fb1245a0_0;
    %flag_set/vec4 8;
    %jmp/0xz  T_65.2, 8;
    %load/vec4 v0x8fb122800_0;
    %store/vec4 v0x8fb1233e0_0, 0, 64;
    %load/vec4 v0x8fb1228a0_0;
    %store/vec4 v0x8fb1235c0_0, 0, 32;
    %load/vec4 v0x8fb122940_0;
    %store/vec4 v0x8fb123660_0, 0, 32;
    %load/vec4 v0x8fb122a80_0;
    %store/vec4 v0x8fb1237a0_0, 0, 5;
    %load/vec4 v0x8fb122b20_0;
    %store/vec4 v0x8fb123840_0, 0, 5;
    %load/vec4 v0x8fb1229e0_0;
    %store/vec4 v0x8fb123700_0, 0, 5;
    %jmp T_65.3;
T_65.2 ;
    %load/vec4 v0x8fb128f00_0;
    %store/vec4 v0x8fb1233e0_0, 0, 64;
    %load/vec4 v0x8fb128fa0_0;
    %parti/s 2, 0, 2;
    %and/r;
    %flag_set/vec4 8;
    %jmp/0xz  T_65.4, 8;
    %load/vec4 v0x8fb128fa0_0;
    %store/vec4 v0x8fb123660_0, 0, 32;
    %jmp T_65.5;
T_65.4 ;
    %pushi/vec4 0, 0, 16;
    %load/vec4 v0x8fb128fa0_0;
    %parti/s 16, 0, 2;
    %concat/vec4; draw_concat_vec4
    %store/vec4 v0x8fb123660_0, 0, 32;
T_65.5 ;
    %load/vec4 v0x8fb124140_0;
    %store/vec4 v0x8fb1235c0_0, 0, 32;
    %load/vec4 v0x8fb1243c0_0;
    %store/vec4 v0x8fb1237a0_0, 0, 5;
    %load/vec4 v0x8fb124460_0;
    %store/vec4 v0x8fb123840_0, 0, 5;
    %load/vec4 v0x8fb124280_0;
    %store/vec4 v0x8fb123700_0, 0, 5;
T_65.3 ;
T_65.0 ;
    %jmp T_65;
    .thread T_65, $push;
    .scope S_0x8fa4d9500;
T_66 ;
    %wait E_0x8fb0d2c80;
    %load/vec4 v0x8fb125540_0;
    %load/vec4 v0x8fb124b40_0;
    %concat/vec4; draw_concat_vec4
    %load/vec4 v0x8fb125180_0;
    %concat/vec4; draw_concat_vec4
    %or/r;
    %assign/vec4 v0x8fb127020_0, 0;
    %load/vec4 v0x8fb125540_0;
    %load/vec4 v0x8fb124b40_0;
    %concat/vec4; draw_concat_vec4
    %load/vec4 v0x8fb125180_0;
    %concat/vec4; draw_concat_vec4
    %load/vec4 v0x8fb125220_0;
    %concat/vec4; draw_concat_vec4
    %load/vec4 v0x8fb124960_0;
    %concat/vec4; draw_concat_vec4
    %load/vec4 v0x8fb1248c0_0;
    %concat/vec4; draw_concat_vec4
    %load/vec4 v0x8fb1263a0_0;
    %concat/vec4; draw_concat_vec4
    %or/r;
    %assign/vec4 v0x8fb1270c0_0, 0;
    %load/vec4 v0x8fb125f40_0;
    %load/vec4 v0x8fb124dc0_0;
    %concat/vec4; draw_concat_vec4
    %load/vec4 v0x8fb125ea0_0;
    %concat/vec4; draw_concat_vec4
    %or/r;
    %assign/vec4 v0x8fb1273e0_0, 0;
    %load/vec4 v0x8fb125fe0_0;
    %load/vec4 v0x8fb124e60_0;
    %concat/vec4; draw_concat_vec4
    %load/vec4 v0x8fb126080_0;
    %concat/vec4; draw_concat_vec4
    %or/r;
    %assign/vec4 v0x8fb127480_0, 0;
    %load/vec4 v0x8fb125360_0;
    %load/vec4 v0x8fb1254a0_0;
    %concat/vec4; draw_concat_vec4
    %load/vec4 v0x8fb1255e0_0;
    %concat/vec4; draw_concat_vec4
    %or/r;
    %assign/vec4 v0x8fb126f80_0, 0;
    %load/vec4 v0x8fb126d00_0;
    %load/vec4 v0x8fb125f40_0;
    %concat/vec4; draw_concat_vec4
    %load/vec4 v0x8fb125ea0_0;
    %concat/vec4; draw_concat_vec4
    %load/vec4 v0x8fb125fe0_0;
    %concat/vec4; draw_concat_vec4
    %load/vec4 v0x8fb126080_0;
    %concat/vec4; draw_concat_vec4
    %or/r;
    %assign/vec4 v0x8fb126da0_0, 0;
    %load/vec4 v0x8fb127e80_0;
    %flag_set/vec4 9;
    %flag_get/vec4 9;
    %jmp/0 T_66.2, 9;
    %load/vec4 v0x8fb128000_0;
    %and;
T_66.2;
    %flag_set/vec4 8;
    %jmp/0xz  T_66.0, 8;
    %load/vec4 v0x8fb128820_0;
    %parti/s 7, 0, 2;
    %pushi/vec4 55, 0, 7;
    %cmp/e;
    %flag_get/vec4 4;
    %assign/vec4 v0x8fb125540_0, 0;
    %load/vec4 v0x8fb128820_0;
    %parti/s 7, 0, 2;
    %pushi/vec4 23, 0, 7;
    %cmp/e;
    %flag_get/vec4 4;
    %assign/vec4 v0x8fb124b40_0, 0;
    %load/vec4 v0x8fb128820_0;
    %parti/s 7, 0, 2;
    %pushi/vec4 111, 0, 7;
    %cmp/e;
    %flag_get/vec4 4;
    %assign/vec4 v0x8fb125180_0, 0;
    %load/vec4 v0x8fb128820_0;
    %parti/s 7, 0, 2;
    %cmpi/e 103, 0, 7;
    %flag_get/vec4 4;
    %jmp/0 T_66.3, 4;
    %load/vec4 v0x8fb128820_0;
    %parti/s 3, 12, 5;
    %pushi/vec4 0, 0, 3;
    %cmp/e;
    %flag_get/vec4 4;
    %and;
T_66.3;
    %assign/vec4 v0x8fb125220_0, 0;
    %load/vec4 v0x8fb128820_0;
    %parti/s 7, 0, 2;
    %cmpi/e 11, 0, 7;
    %flag_get/vec4 4;
    %jmp/0 T_66.5, 4;
    %load/vec4 v0x8fb128820_0;
    %parti/s 7, 25, 6;
    %pushi/vec4 2, 0, 7;
    %cmp/e;
    %flag_get/vec4 4;
    %and;
T_66.5;
    %flag_set/vec4 8;
    %flag_get/vec4 8;
    %jmp/0 T_66.4, 8;
    %pushi/vec4 0, 0, 1;
    %and;
T_66.4;
    %assign/vec4 v0x8fb125ae0_0, 0;
    %load/vec4 v0x8fb128820_0;
    %parti/s 7, 0, 2;
    %cmpi/e 11, 0, 7;
    %flag_get/vec4 4;
    %jmp/0 T_66.7, 4;
    %load/vec4 v0x8fb128820_0;
    %parti/s 7, 25, 6;
    %pushi/vec4 4, 0, 7;
    %cmp/e;
    %flag_get/vec4 4;
    %and;
T_66.7;
    %flag_set/vec4 8;
    %flag_get/vec4 8;
    %jmp/0 T_66.6, 8;
    %pushi/vec4 0, 0, 1;
    %and;
T_66.6;
    %assign/vec4 v0x8fb126620_0, 0;
    %load/vec4 v0x8fb128820_0;
    %parti/s 7, 0, 2;
    %pushi/vec4 99, 0, 7;
    %cmp/e;
    %flag_get/vec4 4;
    %assign/vec4 v0x8fb126d00_0, 0;
    %load/vec4 v0x8fb128820_0;
    %parti/s 7, 0, 2;
    %pushi/vec4 3, 0, 7;
    %cmp/e;
    %flag_get/vec4 4;
    %assign/vec4 v0x8fb126ee0_0, 0;
    %load/vec4 v0x8fb128820_0;
    %parti/s 7, 0, 2;
    %pushi/vec4 35, 0, 7;
    %cmp/e;
    %flag_get/vec4 4;
    %assign/vec4 v0x8fb127200_0, 0;
    %load/vec4 v0x8fb128820_0;
    %parti/s 7, 0, 2;
    %pushi/vec4 19, 0, 7;
    %cmp/e;
    %flag_get/vec4 4;
    %assign/vec4 v0x8fb126bc0_0, 0;
    %load/vec4 v0x8fb128820_0;
    %parti/s 7, 0, 2;
    %pushi/vec4 51, 0, 7;
    %cmp/e;
    %flag_get/vec4 4;
    %assign/vec4 v0x8fb126c60_0, 0;
    %load/vec4 v0x8fb128820_0;
    %parti/s 20, 12, 5;
    %concati/vec4 0, 0, 1;
    %pad/s 32;
    %split/vec4 1;
    %ix/load 5, 0, 0;
    %ix/load 4, 0, 0;
    %flag_set/imm 4, 0;
    %assign/vec4/off/d v0x8fb1241e0_0, 4, 5;
    %split/vec4 8;
    %ix/load 5, 0, 0;
    %ix/load 4, 12, 0;
    %flag_set/imm 4, 0;
    %assign/vec4/off/d v0x8fb1241e0_0, 4, 5;
    %split/vec4 1;
    %ix/load 5, 0, 0;
    %ix/load 4, 11, 0;
    %flag_set/imm 4, 0;
    %assign/vec4/off/d v0x8fb1241e0_0, 4, 5;
    %split/vec4 10;
    %ix/load 5, 0, 0;
    %ix/load 4, 1, 0;
    %flag_set/imm 4, 0;
    %assign/vec4/off/d v0x8fb1241e0_0, 4, 5;
    %ix/load 5, 0, 0;
    %ix/load 4, 20, 0;
    %flag_set/imm 4, 0;
    %assign/vec4/off/d v0x8fb1241e0_0, 4, 5;
    %load/vec4 v0x8fb128820_0;
    %parti/s 5, 7, 4;
    %assign/vec4 v0x8fb124280_0, 0;
    %load/vec4 v0x8fb128820_0;
    %parti/s 5, 15, 5;
    %assign/vec4 v0x8fb1243c0_0, 0;
    %load/vec4 v0x8fb128820_0;
    %parti/s 5, 20, 6;
    %assign/vec4 v0x8fb124460_0, 0;
    %load/vec4 v0x8fb128820_0;
    %parti/s 7, 0, 2;
    %cmpi/e 11, 0, 7;
    %flag_get/vec4 4;
    %jmp/0 T_66.12, 4;
    %load/vec4 v0x8fb128820_0;
    %parti/s 7, 25, 6;
    %pushi/vec4 0, 0, 7;
    %cmp/e;
    %flag_get/vec4 4;
    %and;
T_66.12;
    %flag_set/vec4 10;
    %flag_get/vec4 10;
    %jmp/0 T_66.11, 10;
    %pushi/vec4 0, 0, 1;
    %and;
T_66.11;
    %flag_set/vec4 9;
    %flag_get/vec4 9;
    %jmp/0 T_66.10, 9;
    %pushi/vec4 1, 0, 1;
    %and;
T_66.10;
    %flag_set/vec4 8;
    %jmp/0xz  T_66.8, 8;
    %pushi/vec4 1, 0, 1;
    %ix/load 5, 0, 0;
    %ix/load 4, 4, 0;
    %flag_set/imm 4, 0;
    %assign/vec4/off/d v0x8fb1243c0_0, 4, 5;
T_66.8 ;
    %load/vec4 v0x8fb128820_0;
    %parti/s 7, 0, 2;
    %cmpi/e 11, 0, 7;
    %flag_get/vec4 4;
    %jmp/0 T_66.16, 4;
    %load/vec4 v0x8fb128820_0;
    %parti/s 7, 25, 6;
    %pushi/vec4 2, 0, 7;
    %cmp/e;
    %flag_get/vec4 4;
    %and;
T_66.16;
    %flag_set/vec4 9;
    %flag_get/vec4 9;
    %jmp/0 T_66.15, 9;
    %pushi/vec4 0, 0, 1;
    %and;
T_66.15;
    %flag_set/vec4 8;
    %jmp/0xz  T_66.13, 8;
    %pushi/vec4 0, 0, 5;
    %assign/vec4 v0x8fb1243c0_0, 0;
T_66.13 ;
    %pushi/vec4 0, 0, 1;
    %assign/vec4 v0x8fb122da0_0, 0;
T_66.0 ;
    %load/vec4 v0x8fb124640_0;
    %flag_set/vec4 9;
    %flag_get/vec4 9;
    %jmp/0 T_66.19, 9;
    %load/vec4 v0x8fb124500_0;
    %nor/r;
    %and;
T_66.19;
    %flag_set/vec4 8;
    %jmp/0xz  T_66.17, 8;
    %pushi/vec4 4294967295, 4294967295, 32;
    %assign/vec4 v0x8fb129400_0, 0;
    %load/vec4 v0x8fb126d00_0;
    %flag_set/vec4 8;
    %flag_get/vec4 8;
    %jmp/0 T_66.20, 8;
    %load/vec4 v0x8fb128960_0;
    %parti/s 3, 12, 5;
    %pushi/vec4 0, 0, 3;
    %cmp/e;
    %flag_get/vec4 4;
    %and;
T_66.20;
    %assign/vec4 v0x8fb124be0_0, 0;
    %load/vec4 v0x8fb126d00_0;
    %flag_set/vec4 8;
    %flag_get/vec4 8;
    %jmp/0 T_66.21, 8;
    %load/vec4 v0x8fb128960_0;
    %parti/s 3, 12, 5;
    %pushi/vec4 1, 0, 3;
    %cmp/e;
    %flag_get/vec4 4;
    %and;
T_66.21;
    %assign/vec4 v0x8fb124f00_0, 0;
    %load/vec4 v0x8fb126d00_0;
    %flag_set/vec4 8;
    %flag_get/vec4 8;
    %jmp/0 T_66.22, 8;
    %load/vec4 v0x8fb128960_0;
    %parti/s 3, 12, 5;
    %pushi/vec4 4, 0, 3;
    %cmp/e;
    %flag_get/vec4 4;
    %and;
T_66.22;
    %assign/vec4 v0x8fb124dc0_0, 0;
    %load/vec4 v0x8fb126d00_0;
    %flag_set/vec4 8;
    %flag_get/vec4 8;
    %jmp/0 T_66.23, 8;
    %load/vec4 v0x8fb128960_0;
    %parti/s 3, 12, 5;
    %pushi/vec4 5, 0, 3;
    %cmp/e;
    %flag_get/vec4 4;
    %and;
T_66.23;
    %assign/vec4 v0x8fb124c80_0, 0;
    %load/vec4 v0x8fb126d00_0;
    %flag_set/vec4 8;
    %flag_get/vec4 8;
    %jmp/0 T_66.24, 8;
    %load/vec4 v0x8fb128960_0;
    %parti/s 3, 12, 5;
    %pushi/vec4 6, 0, 3;
    %cmp/e;
    %flag_get/vec4 4;
    %and;
T_66.24;
    %assign/vec4 v0x8fb124e60_0, 0;
    %load/vec4 v0x8fb126d00_0;
    %flag_set/vec4 8;
    %flag_get/vec4 8;
    %jmp/0 T_66.25, 8;
    %load/vec4 v0x8fb128960_0;
    %parti/s 3, 12, 5;
    %pushi/vec4 7, 0, 3;
    %cmp/e;
    %flag_get/vec4 4;
    %and;
T_66.25;
    %assign/vec4 v0x8fb124d20_0, 0;
    %load/vec4 v0x8fb126ee0_0;
    %flag_set/vec4 8;
    %flag_get/vec4 8;
    %jmp/0 T_66.26, 8;
    %load/vec4 v0x8fb128960_0;
    %parti/s 3, 12, 5;
    %pushi/vec4 0, 0, 3;
    %cmp/e;
    %flag_get/vec4 4;
    %and;
T_66.26;
    %assign/vec4 v0x8fb1252c0_0, 0;
    %load/vec4 v0x8fb126ee0_0;
    %flag_set/vec4 8;
    %flag_get/vec4 8;
    %jmp/0 T_66.27, 8;
    %load/vec4 v0x8fb128960_0;
    %parti/s 3, 12, 5;
    %pushi/vec4 1, 0, 3;
    %cmp/e;
    %flag_get/vec4 4;
    %and;
T_66.27;
    %assign/vec4 v0x8fb125400_0, 0;
    %load/vec4 v0x8fb126ee0_0;
    %flag_set/vec4 8;
    %flag_get/vec4 8;
    %jmp/0 T_66.28, 8;
    %load/vec4 v0x8fb128960_0;
    %parti/s 3, 12, 5;
    %pushi/vec4 2, 0, 3;
    %cmp/e;
    %flag_get/vec4 4;
    %and;
T_66.28;
    %assign/vec4 v0x8fb1255e0_0, 0;
    %load/vec4 v0x8fb126ee0_0;
    %flag_set/vec4 8;
    %flag_get/vec4 8;
    %jmp/0 T_66.29, 8;
    %load/vec4 v0x8fb128960_0;
    %parti/s 3, 12, 5;
    %pushi/vec4 4, 0, 3;
    %cmp/e;
    %flag_get/vec4 4;
    %and;
T_66.29;
    %assign/vec4 v0x8fb125360_0, 0;
    %load/vec4 v0x8fb126ee0_0;
    %flag_set/vec4 8;
    %flag_get/vec4 8;
    %jmp/0 T_66.30, 8;
    %load/vec4 v0x8fb128960_0;
    %parti/s 3, 12, 5;
    %pushi/vec4 5, 0, 3;
    %cmp/e;
    %flag_get/vec4 4;
    %and;
T_66.30;
    %assign/vec4 v0x8fb1254a0_0, 0;
    %load/vec4 v0x8fb127200_0;
    %flag_set/vec4 8;
    %flag_get/vec4 8;
    %jmp/0 T_66.31, 8;
    %load/vec4 v0x8fb128960_0;
    %parti/s 3, 12, 5;
    %pushi/vec4 0, 0, 3;
    %cmp/e;
    %flag_get/vec4 4;
    %and;
T_66.31;
    %assign/vec4 v0x8fb125b80_0, 0;
    %load/vec4 v0x8fb127200_0;
    %flag_set/vec4 8;
    %flag_get/vec4 8;
    %jmp/0 T_66.32, 8;
    %load/vec4 v0x8fb128960_0;
    %parti/s 3, 12, 5;
    %pushi/vec4 1, 0, 3;
    %cmp/e;
    %flag_get/vec4 4;
    %and;
T_66.32;
    %assign/vec4 v0x8fb125cc0_0, 0;
    %load/vec4 v0x8fb127200_0;
    %flag_set/vec4 8;
    %flag_get/vec4 8;
    %jmp/0 T_66.33, 8;
    %load/vec4 v0x8fb128960_0;
    %parti/s 3, 12, 5;
    %pushi/vec4 2, 0, 3;
    %cmp/e;
    %flag_get/vec4 4;
    %and;
T_66.33;
    %assign/vec4 v0x8fb126440_0, 0;
    %load/vec4 v0x8fb126bc0_0;
    %flag_set/vec4 8;
    %flag_get/vec4 8;
    %jmp/0 T_66.34, 8;
    %load/vec4 v0x8fb128960_0;
    %parti/s 3, 12, 5;
    %pushi/vec4 0, 0, 3;
    %cmp/e;
    %flag_get/vec4 4;
    %and;
T_66.34;
    %assign/vec4 v0x8fb124960_0, 0;
    %load/vec4 v0x8fb126bc0_0;
    %flag_set/vec4 8;
    %flag_get/vec4 8;
    %jmp/0 T_66.35, 8;
    %load/vec4 v0x8fb128960_0;
    %parti/s 3, 12, 5;
    %pushi/vec4 2, 0, 3;
    %cmp/e;
    %flag_get/vec4 4;
    %and;
T_66.35;
    %assign/vec4 v0x8fb125f40_0, 0;
    %load/vec4 v0x8fb126bc0_0;
    %flag_set/vec4 8;
    %flag_get/vec4 8;
    %jmp/0 T_66.36, 8;
    %load/vec4 v0x8fb128960_0;
    %parti/s 3, 12, 5;
    %pushi/vec4 3, 0, 3;
    %cmp/e;
    %flag_get/vec4 4;
    %and;
T_66.36;
    %assign/vec4 v0x8fb125fe0_0, 0;
    %load/vec4 v0x8fb126bc0_0;
    %flag_set/vec4 8;
    %flag_get/vec4 8;
    %jmp/0 T_66.37, 8;
    %load/vec4 v0x8fb128960_0;
    %parti/s 3, 12, 5;
    %pushi/vec4 4, 0, 3;
    %cmp/e;
    %flag_get/vec4 4;
    %and;
T_66.37;
    %assign/vec4 v0x8fb126760_0, 0;
    %load/vec4 v0x8fb126bc0_0;
    %flag_set/vec4 8;
    %flag_get/vec4 8;
    %jmp/0 T_66.38, 8;
    %load/vec4 v0x8fb128960_0;
    %parti/s 3, 12, 5;
    %pushi/vec4 6, 0, 3;
    %cmp/e;
    %flag_get/vec4 4;
    %and;
T_66.38;
    %assign/vec4 v0x8fb1257c0_0, 0;
    %load/vec4 v0x8fb126bc0_0;
    %flag_set/vec4 8;
    %flag_get/vec4 8;
    %jmp/0 T_66.39, 8;
    %load/vec4 v0x8fb128960_0;
    %parti/s 3, 12, 5;
    %pushi/vec4 7, 0, 3;
    %cmp/e;
    %flag_get/vec4 4;
    %and;
T_66.39;
    %assign/vec4 v0x8fb124aa0_0, 0;
    %load/vec4 v0x8fb126bc0_0;
    %flag_set/vec4 9;
    %flag_get/vec4 9;
    %jmp/0 T_66.41, 9;
    %load/vec4 v0x8fb128960_0;
    %parti/s 3, 12, 5;
    %pushi/vec4 1, 0, 3;
    %cmp/e;
    %flag_get/vec4 4;
    %and;
T_66.41;
    %flag_set/vec4 8;
    %flag_get/vec4 8;
    %jmp/0 T_66.40, 8;
    %load/vec4 v0x8fb128960_0;
    %parti/s 7, 25, 6;
    %pushi/vec4 0, 0, 7;
    %cmp/e;
    %flag_get/vec4 4;
    %and;
T_66.40;
    %assign/vec4 v0x8fb125e00_0, 0;
    %load/vec4 v0x8fb126bc0_0;
    %flag_set/vec4 9;
    %flag_get/vec4 9;
    %jmp/0 T_66.43, 9;
    %load/vec4 v0x8fb128960_0;
    %parti/s 3, 12, 5;
    %pushi/vec4 5, 0, 3;
    %cmp/e;
    %flag_get/vec4 4;
    %and;
T_66.43;
    %flag_set/vec4 8;
    %flag_get/vec4 8;
    %jmp/0 T_66.42, 8;
    %load/vec4 v0x8fb128960_0;
    %parti/s 7, 25, 6;
    %pushi/vec4 0, 0, 7;
    %cmp/e;
    %flag_get/vec4 4;
    %and;
T_66.42;
    %assign/vec4 v0x8fb126300_0, 0;
    %load/vec4 v0x8fb126bc0_0;
    %flag_set/vec4 9;
    %flag_get/vec4 9;
    %jmp/0 T_66.45, 9;
    %load/vec4 v0x8fb128960_0;
    %parti/s 3, 12, 5;
    %pushi/vec4 5, 0, 3;
    %cmp/e;
    %flag_get/vec4 4;
    %and;
T_66.45;
    %flag_set/vec4 8;
    %flag_get/vec4 8;
    %jmp/0 T_66.44, 8;
    %load/vec4 v0x8fb128960_0;
    %parti/s 7, 25, 6;
    %pushi/vec4 32, 0, 7;
    %cmp/e;
    %flag_get/vec4 4;
    %and;
T_66.44;
    %assign/vec4 v0x8fb1261c0_0, 0;
    %load/vec4 v0x8fb126c60_0;
    %flag_set/vec4 9;
    %flag_get/vec4 9;
    %jmp/0 T_66.47, 9;
    %load/vec4 v0x8fb128960_0;
    %parti/s 3, 12, 5;
    %pushi/vec4 0, 0, 3;
    %cmp/e;
    %flag_get/vec4 4;
    %and;
T_66.47;
    %flag_set/vec4 8;
    %flag_get/vec4 8;
    %jmp/0 T_66.46, 8;
    %load/vec4 v0x8fb128960_0;
    %parti/s 7, 25, 6;
    %pushi/vec4 0, 0, 7;
    %cmp/e;
    %flag_get/vec4 4;
    %and;
T_66.46;
    %assign/vec4 v0x8fb1248c0_0, 0;
    %load/vec4 v0x8fb126c60_0;
    %flag_set/vec4 9;
    %flag_get/vec4 9;
    %jmp/0 T_66.49, 9;
    %load/vec4 v0x8fb128960_0;
    %parti/s 3, 12, 5;
    %pushi/vec4 0, 0, 3;
    %cmp/e;
    %flag_get/vec4 4;
    %and;
T_66.49;
    %flag_set/vec4 8;
    %flag_get/vec4 8;
    %jmp/0 T_66.48, 8;
    %load/vec4 v0x8fb128960_0;
    %parti/s 7, 25, 6;
    %pushi/vec4 32, 0, 7;
    %cmp/e;
    %flag_get/vec4 4;
    %and;
T_66.48;
    %assign/vec4 v0x8fb1263a0_0, 0;
    %load/vec4 v0x8fb126c60_0;
    %flag_set/vec4 9;
    %flag_get/vec4 9;
    %jmp/0 T_66.51, 9;
    %load/vec4 v0x8fb128960_0;
    %parti/s 3, 12, 5;
    %pushi/vec4 1, 0, 3;
    %cmp/e;
    %flag_get/vec4 4;
    %and;
T_66.51;
    %flag_set/vec4 8;
    %flag_get/vec4 8;
    %jmp/0 T_66.50, 8;
    %load/vec4 v0x8fb128960_0;
    %parti/s 7, 25, 6;
    %pushi/vec4 0, 0, 7;
    %cmp/e;
    %flag_get/vec4 4;
    %and;
T_66.50;
    %assign/vec4 v0x8fb125d60_0, 0;
    %load/vec4 v0x8fb126c60_0;
    %flag_set/vec4 9;
    %flag_get/vec4 9;
    %jmp/0 T_66.53, 9;
    %load/vec4 v0x8fb128960_0;
    %parti/s 3, 12, 5;
    %pushi/vec4 2, 0, 3;
    %cmp/e;
    %flag_get/vec4 4;
    %and;
T_66.53;
    %flag_set/vec4 8;
    %flag_get/vec4 8;
    %jmp/0 T_66.52, 8;
    %load/vec4 v0x8fb128960_0;
    %parti/s 7, 25, 6;
    %pushi/vec4 0, 0, 7;
    %cmp/e;
    %flag_get/vec4 4;
    %and;
T_66.52;
    %assign/vec4 v0x8fb125ea0_0, 0;
    %load/vec4 v0x8fb126c60_0;
    %flag_set/vec4 9;
    %flag_get/vec4 9;
    %jmp/0 T_66.55, 9;
    %load/vec4 v0x8fb128960_0;
    %parti/s 3, 12, 5;
    %pushi/vec4 3, 0, 3;
    %cmp/e;
    %flag_get/vec4 4;
    %and;
T_66.55;
    %flag_set/vec4 8;
    %flag_get/vec4 8;
    %jmp/0 T_66.54, 8;
    %load/vec4 v0x8fb128960_0;
    %parti/s 7, 25, 6;
    %pushi/vec4 0, 0, 7;
    %cmp/e;
    %flag_get/vec4 4;
    %and;
T_66.54;
    %assign/vec4 v0x8fb126080_0, 0;
    %load/vec4 v0x8fb126c60_0;
    %flag_set/vec4 9;
    %flag_get/vec4 9;
    %jmp/0 T_66.57, 9;
    %load/vec4 v0x8fb128960_0;
    %parti/s 3, 12, 5;
    %pushi/vec4 4, 0, 3;
    %cmp/e;
    %flag_get/vec4 4;
    %and;
T_66.57;
    %flag_set/vec4 8;
    %flag_get/vec4 8;
    %jmp/0 T_66.56, 8;
    %load/vec4 v0x8fb128960_0;
    %parti/s 7, 25, 6;
    %pushi/vec4 0, 0, 7;
    %cmp/e;
    %flag_get/vec4 4;
    %and;
T_66.56;
    %assign/vec4 v0x8fb1266c0_0, 0;
    %load/vec4 v0x8fb126c60_0;
    %flag_set/vec4 9;
    %flag_get/vec4 9;
    %jmp/0 T_66.59, 9;
    %load/vec4 v0x8fb128960_0;
    %parti/s 3, 12, 5;
    %pushi/vec4 5, 0, 3;
    %cmp/e;
    %flag_get/vec4 4;
    %and;
T_66.59;
    %flag_set/vec4 8;
    %flag_get/vec4 8;
    %jmp/0 T_66.58, 8;
    %load/vec4 v0x8fb128960_0;
    %parti/s 7, 25, 6;
    %pushi/vec4 0, 0, 7;
    %cmp/e;
    %flag_get/vec4 4;
    %and;
T_66.58;
    %assign/vec4 v0x8fb126260_0, 0;
    %load/vec4 v0x8fb126c60_0;
    %flag_set/vec4 9;
    %flag_get/vec4 9;
    %jmp/0 T_66.61, 9;
    %load/vec4 v0x8fb128960_0;
    %parti/s 3, 12, 5;
    %pushi/vec4 5, 0, 3;
    %cmp/e;
    %flag_get/vec4 4;
    %and;
T_66.61;
    %flag_set/vec4 8;
    %flag_get/vec4 8;
    %jmp/0 T_66.60, 8;
    %load/vec4 v0x8fb128960_0;
    %parti/s 7, 25, 6;
    %pushi/vec4 32, 0, 7;
    %cmp/e;
    %flag_get/vec4 4;
    %and;
T_66.60;
    %assign/vec4 v0x8fb126120_0, 0;
    %load/vec4 v0x8fb126c60_0;
    %flag_set/vec4 9;
    %flag_get/vec4 9;
    %jmp/0 T_66.63, 9;
    %load/vec4 v0x8fb128960_0;
    %parti/s 3, 12, 5;
    %pushi/vec4 6, 0, 3;
    %cmp/e;
    %flag_get/vec4 4;
    %and;
T_66.63;
    %flag_set/vec4 8;
    %flag_get/vec4 8;
    %jmp/0 T_66.62, 8;
    %load/vec4 v0x8fb128960_0;
    %parti/s 7, 25, 6;
    %pushi/vec4 0, 0, 7;
    %cmp/e;
    %flag_get/vec4 4;
    %and;
T_66.62;
    %assign/vec4 v0x8fb125720_0, 0;
    %load/vec4 v0x8fb126c60_0;
    %flag_set/vec4 9;
    %flag_get/vec4 9;
    %jmp/0 T_66.65, 9;
    %load/vec4 v0x8fb128960_0;
    %parti/s 3, 12, 5;
    %pushi/vec4 7, 0, 3;
    %cmp/e;
    %flag_get/vec4 4;
    %and;
T_66.65;
    %flag_set/vec4 8;
    %flag_get/vec4 8;
    %jmp/0 T_66.64, 8;
    %load/vec4 v0x8fb128960_0;
    %parti/s 7, 25, 6;
    %pushi/vec4 0, 0, 7;
    %cmp/e;
    %flag_get/vec4 4;
    %and;
T_66.64;
    %assign/vec4 v0x8fb124a00_0, 0;
    %load/vec4 v0x8fb128960_0;
    %parti/s 7, 0, 2;
    %cmpi/e 115, 0, 7;
    %flag_get/vec4 4;
    %jmp/0 T_66.68, 4;
    %load/vec4 v0x8fb128960_0;
    %parti/s 20, 12, 5;
    %pad/u 32;
    %pushi/vec4 786434, 0, 32;
    %cmp/e;
    %flag_get/vec4 4;
    %and;
T_66.68;
    %flag_set/vec4 8;
    %jmp/1 T_66.67, 8;
    %load/vec4 v0x8fb128960_0;
    %parti/s 7, 0, 2;
    %cmpi/e 115, 0, 7;
    %flag_get/vec4 4;
    %jmp/0 T_66.69, 4;
    %load/vec4 v0x8fb128960_0;
    %parti/s 20, 12, 5;
    %pad/u 32;
    %pushi/vec4 786690, 0, 32;
    %cmp/e;
    %flag_get/vec4 4;
    %and;
T_66.69;
    %flag_set/vec4 9;
    %flag_or 8, 9;
T_66.67;
    %flag_get/vec4 8;
    %jmp/0 T_66.66, 8;
    %pushi/vec4 1, 0, 1;
    %and;
T_66.66;
    %assign/vec4 v0x8fb125860_0, 0;
    %load/vec4 v0x8fb128960_0;
    %parti/s 7, 0, 2;
    %cmpi/e 115, 0, 7;
    %flag_get/vec4 4;
    %jmp/0 T_66.73, 4;
    %load/vec4 v0x8fb128960_0;
    %parti/s 20, 12, 5;
    %pad/u 32;
    %pushi/vec4 819202, 0, 32;
    %cmp/e;
    %flag_get/vec4 4;
    %and;
T_66.73;
    %flag_set/vec4 9;
    %jmp/1 T_66.72, 9;
    %load/vec4 v0x8fb128960_0;
    %parti/s 7, 0, 2;
    %cmpi/e 115, 0, 7;
    %flag_get/vec4 4;
    %jmp/0 T_66.74, 4;
    %load/vec4 v0x8fb128960_0;
    %parti/s 20, 12, 5;
    %pad/u 32;
    %pushi/vec4 819458, 0, 32;
    %cmp/e;
    %flag_get/vec4 4;
    %and;
T_66.74;
    %flag_set/vec4 10;
    %flag_or 9, 10;
T_66.72;
    %flag_get/vec4 9;
    %jmp/0 T_66.71, 9;
    %pushi/vec4 1, 0, 1;
    %and;
T_66.71;
    %flag_set/vec4 8;
    %flag_get/vec4 8;
    %jmp/0 T_66.70, 8;
    %pushi/vec4 1, 0, 1;
    %and;
T_66.70;
    %assign/vec4 v0x8fb125900_0, 0;
    %load/vec4 v0x8fb128960_0;
    %parti/s 7, 0, 2;
    %cmpi/e 115, 0, 7;
    %flag_get/vec4 4;
    %jmp/0 T_66.76, 4;
    %load/vec4 v0x8fb128960_0;
    %parti/s 20, 12, 5;
    %pad/u 32;
    %pushi/vec4 786946, 0, 32;
    %cmp/e;
    %flag_get/vec4 4;
    %and;
T_66.76;
    %flag_set/vec4 8;
    %flag_get/vec4 8;
    %jmp/0 T_66.75, 8;
    %pushi/vec4 1, 0, 1;
    %and;
T_66.75;
    %assign/vec4 v0x8fb1259a0_0, 0;
    %load/vec4 v0x8fb128960_0;
    %parti/s 7, 0, 2;
    %cmpi/e 115, 0, 7;
    %flag_get/vec4 4;
    %jmp/0 T_66.79, 4;
    %load/vec4 v0x8fb128960_0;
    %parti/s 20, 12, 5;
    %pad/u 32;
    %pushi/vec4 819714, 0, 32;
    %cmp/e;
    %flag_get/vec4 4;
    %and;
T_66.79;
    %flag_set/vec4 9;
    %flag_get/vec4 9;
    %jmp/0 T_66.78, 9;
    %pushi/vec4 1, 0, 1;
    %and;
T_66.78;
    %flag_set/vec4 8;
    %flag_get/vec4 8;
    %jmp/0 T_66.77, 8;
    %pushi/vec4 1, 0, 1;
    %and;
T_66.77;
    %assign/vec4 v0x8fb125a40_0, 0;
    %load/vec4 v0x8fb128960_0;
    %parti/s 7, 0, 2;
    %cmpi/e 115, 0, 7;
    %flag_get/vec4 4;
    %jmp/0 T_66.82, 4;
    %load/vec4 v0x8fb128960_0;
    %parti/s 11, 21, 6;
    %nor/r;
    %and;
T_66.82;
    %flag_set/vec4 9;
    %flag_get/vec4 9;
    %jmp/0 T_66.81, 9;
    %load/vec4 v0x8fb128960_0;
    %parti/s 13, 7, 4;
    %nor/r;
    %and;
T_66.81;
    %flag_set/vec4 8;
    %flag_get/vec4 8;
    %jmp/1 T_66.80, 8;
    %pushi/vec4 0, 0, 1;
    %or;
T_66.80;
    %assign/vec4 v0x8fb124fa0_0, 0;
    %load/vec4 v0x8fb128960_0;
    %parti/s 7, 0, 2;
    %cmpi/e 15, 0, 7;
    %flag_get/vec4 4;
    %jmp/0 T_66.83, 4;
    %load/vec4 v0x8fb128960_0;
    %parti/s 3, 12, 5;
    %nor/r;
    %and;
T_66.83;
    %assign/vec4 v0x8fb125040_0, 0;
    %load/vec4 v0x8fb128960_0;
    %parti/s 7, 0, 2;
    %cmpi/e 11, 0, 7;
    %flag_get/vec4 4;
    %jmp/0 T_66.86, 4;
    %load/vec4 v0x8fb128960_0;
    %parti/s 7, 25, 6;
    %pushi/vec4 0, 0, 7;
    %cmp/e;
    %flag_get/vec4 4;
    %and;
T_66.86;
    %flag_set/vec4 9;
    %flag_get/vec4 9;
    %jmp/0 T_66.85, 9;
    %pushi/vec4 0, 0, 1;
    %and;
T_66.85;
    %flag_set/vec4 8;
    %flag_get/vec4 8;
    %jmp/0 T_66.84, 8;
    %pushi/vec4 1, 0, 1;
    %and;
T_66.84;
    %assign/vec4 v0x8fb1250e0_0, 0;
    %load/vec4 v0x8fb128960_0;
    %parti/s 7, 0, 2;
    %cmpi/e 11, 0, 7;
    %flag_get/vec4 4;
    %jmp/0 T_66.89, 4;
    %load/vec4 v0x8fb128960_0;
    %parti/s 7, 25, 6;
    %pushi/vec4 1, 0, 7;
    %cmp/e;
    %flag_get/vec4 4;
    %and;
T_66.89;
    %flag_set/vec4 9;
    %flag_get/vec4 9;
    %jmp/0 T_66.88, 9;
    %pushi/vec4 0, 0, 1;
    %and;
T_66.88;
    %flag_set/vec4 8;
    %flag_get/vec4 8;
    %jmp/0 T_66.87, 8;
    %pushi/vec4 1, 0, 1;
    %and;
T_66.87;
    %assign/vec4 v0x8fb125c20_0, 0;
    %load/vec4 v0x8fb128960_0;
    %parti/s 7, 0, 2;
    %cmpi/e 11, 0, 7;
    %flag_get/vec4 4;
    %jmp/0 T_66.91, 4;
    %load/vec4 v0x8fb128960_0;
    %parti/s 7, 25, 6;
    %pushi/vec4 3, 0, 7;
    %cmp/e;
    %flag_get/vec4 4;
    %and;
T_66.91;
    %flag_set/vec4 8;
    %flag_get/vec4 8;
    %jmp/0 T_66.90, 8;
    %pushi/vec4 0, 0, 1;
    %and;
T_66.90;
    %assign/vec4 v0x8fb125680_0, 0;
    %load/vec4 v0x8fb128960_0;
    %parti/s 7, 0, 2;
    %cmpi/e 11, 0, 7;
    %flag_get/vec4 4;
    %jmp/0 T_66.94, 4;
    %load/vec4 v0x8fb128960_0;
    %parti/s 7, 25, 6;
    %pushi/vec4 5, 0, 7;
    %cmp/e;
    %flag_get/vec4 4;
    %and;
T_66.94;
    %flag_set/vec4 9;
    %flag_get/vec4 9;
    %jmp/0 T_66.93, 9;
    %pushi/vec4 0, 0, 1;
    %and;
T_66.93;
    %flag_set/vec4 8;
    %flag_get/vec4 8;
    %jmp/0 T_66.92, 8;
    %pushi/vec4 1, 0, 1;
    %and;
T_66.92;
    %assign/vec4 v0x8fb1264e0_0, 0;
    %load/vec4 v0x8fb126bc0_0;
    %flag_set/vec4 8;
    %flag_get/vec4 8;
    %jmp/0 T_66.95, 8;
    %load/vec4 v0x8fb128960_0;
    %parti/s 3, 12, 5;
    %cmpi/e 1, 0, 3;
    %flag_get/vec4 4;
    %jmp/0 T_66.96, 4;
    %load/vec4 v0x8fb128960_0;
    %parti/s 7, 25, 6;
    %pushi/vec4 0, 0, 7;
    %cmp/e;
    %flag_get/vec4 4;
    %and;
T_66.96;
    %load/vec4 v0x8fb128960_0;
    %parti/s 3, 12, 5;
    %cmpi/e 5, 0, 3;
    %flag_get/vec4 4;
    %jmp/0 T_66.97, 4;
    %load/vec4 v0x8fb128960_0;
    %parti/s 7, 25, 6;
    %pushi/vec4 0, 0, 7;
    %cmp/e;
    %flag_get/vec4 4;
    %and;
T_66.97;
    %concat/vec4; draw_concat_vec4
    %load/vec4 v0x8fb128960_0;
    %parti/s 3, 12, 5;
    %cmpi/e 5, 0, 3;
    %flag_get/vec4 4;
    %jmp/0 T_66.98, 4;
    %load/vec4 v0x8fb128960_0;
    %parti/s 7, 25, 6;
    %pushi/vec4 32, 0, 7;
    %cmp/e;
    %flag_get/vec4 4;
    %and;
T_66.98;
    %concat/vec4; draw_concat_vec4
    %or/r;
    %and;
T_66.95;
    %assign/vec4 v0x8fb127340_0, 0;
    %load/vec4 v0x8fb125220_0;
    %flag_set/vec4 8;
    %flag_get/vec4 8;
    %jmp/1 T_66.99, 8;
    %load/vec4 v0x8fb126bc0_0;
    %flag_set/vec4 8;
    %flag_get/vec4 8;
    %jmp/0 T_66.100, 8;
    %load/vec4 v0x8fb128960_0;
    %parti/s 3, 12, 5;
    %pushi/vec4 0, 0, 3;
    %cmp/e;
    %flag_get/vec4 4;
    %load/vec4 v0x8fb128960_0;
    %parti/s 3, 12, 5;
    %pushi/vec4 2, 0, 3;
    %cmp/e;
    %flag_get/vec4 4;
    %concat/vec4; draw_concat_vec4
    %load/vec4 v0x8fb128960_0;
    %parti/s 3, 12, 5;
    %pushi/vec4 3, 0, 3;
    %cmp/e;
    %flag_get/vec4 4;
    %concat/vec4; draw_concat_vec4
    %load/vec4 v0x8fb128960_0;
    %parti/s 3, 12, 5;
    %pushi/vec4 4, 0, 3;
    %cmp/e;
    %flag_get/vec4 4;
    %concat/vec4; draw_concat_vec4
    %load/vec4 v0x8fb128960_0;
    %parti/s 3, 12, 5;
    %pushi/vec4 6, 0, 3;
    %cmp/e;
    %flag_get/vec4 4;
    %concat/vec4; draw_concat_vec4
    %load/vec4 v0x8fb128960_0;
    %parti/s 3, 12, 5;
    %pushi/vec4 7, 0, 3;
    %cmp/e;
    %flag_get/vec4 4;
    %concat/vec4; draw_concat_vec4
    %or/r;
    %and;
T_66.100;
    %or;
T_66.99;
    %assign/vec4 v0x8fb126e40_0, 0;
    %load/vec4 v0x8fb126c60_0;
    %flag_set/vec4 8;
    %flag_get/vec4 8;
    %jmp/0 T_66.101, 8;
    %load/vec4 v0x8fb128960_0;
    %parti/s 3, 12, 5;
    %cmpi/e 1, 0, 3;
    %flag_get/vec4 4;
    %jmp/0 T_66.102, 4;
    %load/vec4 v0x8fb128960_0;
    %parti/s 7, 25, 6;
    %pushi/vec4 0, 0, 7;
    %cmp/e;
    %flag_get/vec4 4;
    %and;
T_66.102;
    %load/vec4 v0x8fb128960_0;
    %parti/s 3, 12, 5;
    %cmpi/e 5, 0, 3;
    %flag_get/vec4 4;
    %jmp/0 T_66.103, 4;
    %load/vec4 v0x8fb128960_0;
    %parti/s 7, 25, 6;
    %pushi/vec4 0, 0, 7;
    %cmp/e;
    %flag_get/vec4 4;
    %and;
T_66.103;
    %concat/vec4; draw_concat_vec4
    %load/vec4 v0x8fb128960_0;
    %parti/s 3, 12, 5;
    %cmpi/e 5, 0, 3;
    %flag_get/vec4 4;
    %jmp/0 T_66.104, 4;
    %load/vec4 v0x8fb128960_0;
    %parti/s 7, 25, 6;
    %pushi/vec4 32, 0, 7;
    %cmp/e;
    %flag_get/vec4 4;
    %and;
T_66.104;
    %concat/vec4; draw_concat_vec4
    %or/r;
    %and;
T_66.101;
    %assign/vec4 v0x8fb1272a0_0, 0;
    %pushi/vec4 0, 0, 1;
    %assign/vec4 v0x8fb1270c0_0, 0;
    %pushi/vec4 0, 0, 1;
    %assign/vec4 v0x8fb126da0_0, 0;
    %pushi/vec4 1, 0, 1;
    %dup/vec4;
    %load/vec4 v0x8fb125180_0;
    %cmp/u;
    %jmp/1 T_66.105, 6;
    %dup/vec4;
    %load/vec4 v0x8fb125540_0;
    %load/vec4 v0x8fb124b40_0;
    %concat/vec4; draw_concat_vec4
    %or/r;
    %cmp/u;
    %jmp/1 T_66.106, 6;
    %dup/vec4;
    %load/vec4 v0x8fb125220_0;
    %load/vec4 v0x8fb126ee0_0;
    %concat/vec4; draw_concat_vec4
    %load/vec4 v0x8fb126bc0_0;
    %concat/vec4; draw_concat_vec4
    %or/r;
    %cmp/u;
    %jmp/1 T_66.107, 6;
    %dup/vec4;
    %load/vec4 v0x8fb126d00_0;
    %cmp/u;
    %jmp/1 T_66.108, 6;
    %dup/vec4;
    %load/vec4 v0x8fb127200_0;
    %cmp/u;
    %jmp/1 T_66.109, 6;
    %pushi/vec4 1, 1, 32;
    %assign/vec4 v0x8fb124140_0, 0;
    %jmp T_66.111;
T_66.105 ;
    %load/vec4 v0x8fb1241e0_0;
    %assign/vec4 v0x8fb124140_0, 0;
    %jmp T_66.111;
T_66.106 ;
    %load/vec4 v0x8fb128960_0;
    %parti/s 20, 12, 5;
    %pad/u 32;
    %ix/load 4, 12, 0;
    %flag_set/imm 4, 0;
    %shiftl 4;
    %assign/vec4 v0x8fb124140_0, 0;
    %jmp T_66.111;
T_66.107 ;
    %load/vec4 v0x8fb128960_0;
    %parti/s 12, 20, 6;
    %pad/s 32;
    %assign/vec4 v0x8fb124140_0, 0;
    %jmp T_66.111;
T_66.108 ;
    %load/vec4 v0x8fb128960_0;
    %parti/s 1, 31, 6;
    %load/vec4 v0x8fb128960_0;
    %parti/s 1, 7, 4;
    %concat/vec4; draw_concat_vec4
    %load/vec4 v0x8fb128960_0;
    %parti/s 6, 25, 6;
    %concat/vec4; draw_concat_vec4
    %load/vec4 v0x8fb128960_0;
    %parti/s 4, 8, 5;
    %concat/vec4; draw_concat_vec4
    %concati/vec4 0, 0, 1;
    %pad/s 32;
    %assign/vec4 v0x8fb124140_0, 0;
    %jmp T_66.111;
T_66.109 ;
    %load/vec4 v0x8fb128960_0;
    %parti/s 7, 25, 6;
    %load/vec4 v0x8fb128960_0;
    %parti/s 5, 7, 4;
    %concat/vec4; draw_concat_vec4
    %pad/s 32;
    %assign/vec4 v0x8fb124140_0, 0;
    %jmp T_66.111;
T_66.111 ;
    %pop/vec4 1;
T_66.17 ;
    %load/vec4 v0x8fb12a6c0_0;
    %nor/r;
    %flag_set/vec4 8;
    %jmp/0xz  T_66.112, 8;
    %pushi/vec4 0, 0, 1;
    %assign/vec4 v0x8fb126d00_0, 0;
    %pushi/vec4 0, 0, 1;
    %assign/vec4 v0x8fb126da0_0, 0;
    %pushi/vec4 0, 0, 1;
    %assign/vec4 v0x8fb124be0_0, 0;
    %pushi/vec4 0, 0, 1;
    %assign/vec4 v0x8fb124f00_0, 0;
    %pushi/vec4 0, 0, 1;
    %assign/vec4 v0x8fb124dc0_0, 0;
    %pushi/vec4 0, 0, 1;
    %assign/vec4 v0x8fb124c80_0, 0;
    %pushi/vec4 0, 0, 1;
    %assign/vec4 v0x8fb124e60_0, 0;
    %pushi/vec4 0, 0, 1;
    %assign/vec4 v0x8fb124d20_0, 0;
    %pushi/vec4 0, 0, 1;
    %assign/vec4 v0x8fb124960_0, 0;
    %pushi/vec4 0, 0, 1;
    %assign/vec4 v0x8fb125f40_0, 0;
    %pushi/vec4 0, 0, 1;
    %assign/vec4 v0x8fb125fe0_0, 0;
    %pushi/vec4 0, 0, 1;
    %assign/vec4 v0x8fb126760_0, 0;
    %pushi/vec4 0, 0, 1;
    %assign/vec4 v0x8fb1257c0_0, 0;
    %pushi/vec4 0, 0, 1;
    %assign/vec4 v0x8fb124aa0_0, 0;
    %pushi/vec4 0, 0, 1;
    %assign/vec4 v0x8fb1248c0_0, 0;
    %pushi/vec4 0, 0, 1;
    %assign/vec4 v0x8fb1263a0_0, 0;
    %pushi/vec4 0, 0, 1;
    %assign/vec4 v0x8fb125d60_0, 0;
    %pushi/vec4 0, 0, 1;
    %assign/vec4 v0x8fb125ea0_0, 0;
    %pushi/vec4 0, 0, 1;
    %assign/vec4 v0x8fb126080_0, 0;
    %pushi/vec4 0, 0, 1;
    %assign/vec4 v0x8fb1266c0_0, 0;
    %pushi/vec4 0, 0, 1;
    %assign/vec4 v0x8fb126260_0, 0;
    %pushi/vec4 0, 0, 1;
    %assign/vec4 v0x8fb126120_0, 0;
    %pushi/vec4 0, 0, 1;
    %assign/vec4 v0x8fb125720_0, 0;
    %pushi/vec4 0, 0, 1;
    %assign/vec4 v0x8fb124a00_0, 0;
    %pushi/vec4 0, 0, 1;
    %assign/vec4 v0x8fb125040_0, 0;
T_66.112 ;
    %jmp T_66;
    .thread T_66;
    .scope S_0x8fa4d9500;
T_67 ;
    %wait E_0x8fb0d2e00;
    %pushi/vec4 0, 0, 32; draw_string_vec4
    %pushi/vec4 0, 0, 32; draw_string_vec4
    %concat/vec4; draw_string_vec4
    %pushi/vec4 0, 0, 32; draw_string_vec4
    %concat/vec4; draw_string_vec4
    %pushi/vec4 0, 0, 32; draw_string_vec4
    %concat/vec4; draw_string_vec4
    %store/vec4 v0x8fb123480_0, 0, 128;
    %load/vec4 v0x8fb122f80_0;
    %cmpi/e 128, 0, 8;
    %jmp/0xz  T_67.0, 4;
    %pushi/vec4 0, 0, 32; draw_string_vec4
    %pushi/vec4 0, 0, 32; draw_string_vec4
    %concat/vec4; draw_string_vec4
    %pushi/vec4 0, 0, 32; draw_string_vec4
    %concat/vec4; draw_string_vec4
    %pushi/vec4 1953653104, 0, 32; draw_string_vec4
    %concat/vec4; draw_string_vec4
    %store/vec4 v0x8fb123480_0, 0, 128;
T_67.0 ;
    %load/vec4 v0x8fb122f80_0;
    %cmpi/e 64, 0, 8;
    %jmp/0xz  T_67.2, 4;
    %pushi/vec4 0, 0, 32; draw_string_vec4
    %pushi/vec4 0, 0, 32; draw_string_vec4
    %concat/vec4; draw_string_vec4
    %pushi/vec4 102, 0, 32; draw_string_vec4
    %concat/vec4; draw_string_vec4
    %pushi/vec4 1702126440, 0, 32; draw_string_vec4
    %concat/vec4; draw_string_vec4
    %store/vec4 v0x8fb123480_0, 0, 128;
T_67.2 ;
    %load/vec4 v0x8fb122f80_0;
    %cmpi/e 32, 0, 8;
    %jmp/0xz  T_67.4, 4;
    %pushi/vec4 0, 0, 32; draw_string_vec4
    %pushi/vec4 0, 0, 32; draw_string_vec4
    %concat/vec4; draw_string_vec4
    %pushi/vec4 27748, 0, 32; draw_string_vec4
    %concat/vec4; draw_string_vec4
    %pushi/vec4 1601336113, 0, 32; draw_string_vec4
    %concat/vec4; draw_string_vec4
    %store/vec4 v0x8fb123480_0, 0, 128;
T_67.4 ;
    %load/vec4 v0x8fb122f80_0;
    %cmpi/e 16, 0, 8;
    %jmp/0xz  T_67.6, 4;
    %pushi/vec4 0, 0, 32; draw_string_vec4
    %pushi/vec4 0, 0, 32; draw_string_vec4
    %concat/vec4; draw_string_vec4
    %pushi/vec4 27748, 0, 32; draw_string_vec4
    %concat/vec4; draw_string_vec4
    %pushi/vec4 1601336114, 0, 32; draw_string_vec4
    %concat/vec4; draw_string_vec4
    %store/vec4 v0x8fb123480_0, 0, 128;
T_67.6 ;
    %load/vec4 v0x8fb122f80_0;
    %cmpi/e 8, 0, 8;
    %jmp/0xz  T_67.8, 4;
    %pushi/vec4 0, 0, 32; draw_string_vec4
    %pushi/vec4 0, 0, 32; draw_string_vec4
    %concat/vec4; draw_string_vec4
    %pushi/vec4 0, 0, 32; draw_string_vec4
    %concat/vec4; draw_string_vec4
    %pushi/vec4 1702389091, 0, 32; draw_string_vec4
    %concat/vec4; draw_string_vec4
    %store/vec4 v0x8fb123480_0, 0, 128;
T_67.8 ;
    %load/vec4 v0x8fb122f80_0;
    %cmpi/e 4, 0, 8;
    %jmp/0xz  T_67.10, 4;
    %pushi/vec4 0, 0, 32; draw_string_vec4
    %pushi/vec4 0, 0, 32; draw_string_vec4
    %concat/vec4; draw_string_vec4
    %pushi/vec4 115, 0, 32; draw_string_vec4
    %concat/vec4; draw_string_vec4
    %pushi/vec4 1751737972, 0, 32; draw_string_vec4
    %concat/vec4; draw_string_vec4
    %store/vec4 v0x8fb123480_0, 0, 128;
T_67.10 ;
    %load/vec4 v0x8fb122f80_0;
    %cmpi/e 2, 0, 8;
    %jmp/0xz  T_67.12, 4;
    %pushi/vec4 0, 0, 32; draw_string_vec4
    %pushi/vec4 0, 0, 32; draw_string_vec4
    %concat/vec4; draw_string_vec4
    %pushi/vec4 115, 0, 32; draw_string_vec4
    %concat/vec4; draw_string_vec4
    %pushi/vec4 1953326445, 0, 32; draw_string_vec4
    %concat/vec4; draw_string_vec4
    %store/vec4 v0x8fb123480_0, 0, 128;
T_67.12 ;
    %load/vec4 v0x8fb122f80_0;
    %cmpi/e 1, 0, 8;
    %jmp/0xz  T_67.14, 4;
    %pushi/vec4 0, 0, 32; draw_string_vec4
    %pushi/vec4 0, 0, 32; draw_string_vec4
    %concat/vec4; draw_string_vec4
    %pushi/vec4 108, 0, 32; draw_string_vec4
    %concat/vec4; draw_string_vec4
    %pushi/vec4 1684890989, 0, 32; draw_string_vec4
    %concat/vec4; draw_string_vec4
    %store/vec4 v0x8fb123480_0, 0, 128;
T_67.14 ;
    %jmp T_67;
    .thread T_67, $push;
    .scope S_0x8fa4d9500;
T_68 ;
    %wait E_0x8fb0d2dc0;
    %pushi/vec4 1, 1, 1;
    %store/vec4 v0x8fb1223a0_0, 0, 1;
    %pushi/vec4 1, 0, 1;
    %dup/vec4;
    %load/vec4 v0x8fb124be0_0;
    %cmp/u;
    %jmp/1 T_68.0, 6;
    %dup/vec4;
    %load/vec4 v0x8fb124f00_0;
    %cmp/u;
    %jmp/1 T_68.1, 6;
    %dup/vec4;
    %load/vec4 v0x8fb124c80_0;
    %cmp/u;
    %jmp/1 T_68.2, 6;
    %dup/vec4;
    %load/vec4 v0x8fb124d20_0;
    %cmp/u;
    %jmp/1 T_68.3, 6;
    %dup/vec4;
    %load/vec4 v0x8fb1273e0_0;
    %flag_set/vec4 8;
    %flag_get/vec4 8;
    %jmp/0 T_68.7, 8;
    %pushi/vec4 1, 0, 1;
    %and;
T_68.7;
    %cmp/u;
    %jmp/1 T_68.4, 6;
    %dup/vec4;
    %load/vec4 v0x8fb127480_0;
    %flag_set/vec4 8;
    %flag_get/vec4 8;
    %jmp/0 T_68.8, 8;
    %pushi/vec4 1, 0, 1;
    %and;
T_68.8;
    %cmp/u;
    %jmp/1 T_68.5, 6;
    %jmp T_68.6;
T_68.0 ;
    %load/vec4 v0x8fb122120_0;
    %store/vec4 v0x8fb1223a0_0, 0, 1;
    %jmp T_68.6;
T_68.1 ;
    %load/vec4 v0x8fb122120_0;
    %nor/r;
    %store/vec4 v0x8fb1223a0_0, 0, 1;
    %jmp T_68.6;
T_68.2 ;
    %load/vec4 v0x8fb1221c0_0;
    %nor/r;
    %store/vec4 v0x8fb1223a0_0, 0, 1;
    %jmp T_68.6;
T_68.3 ;
    %load/vec4 v0x8fb122260_0;
    %nor/r;
    %store/vec4 v0x8fb1223a0_0, 0, 1;
    %jmp T_68.6;
T_68.4 ;
    %load/vec4 v0x8fb1221c0_0;
    %store/vec4 v0x8fb1223a0_0, 0, 1;
    %jmp T_68.6;
T_68.5 ;
    %load/vec4 v0x8fb122260_0;
    %store/vec4 v0x8fb1223a0_0, 0, 1;
    %jmp T_68.6;
T_68.6 ;
    %pop/vec4 1;
    %pushi/vec4 4294967295, 4294967295, 32;
    %store/vec4 v0x8fb122300_0, 0, 32;
    %pushi/vec4 1, 0, 1;
    %dup/vec4;
    %load/vec4 v0x8fb1270c0_0;
    %cmp/u;
    %jmp/1 T_68.9, 6;
    %dup/vec4;
    %load/vec4 v0x8fb126da0_0;
    %cmp/u;
    %jmp/1 T_68.10, 6;
    %dup/vec4;
    %load/vec4 v0x8fb126760_0;
    %flag_set/vec4 8;
    %flag_get/vec4 8;
    %jmp/1 T_68.17, 8;
    %load/vec4 v0x8fb1266c0_0;
    %or;
T_68.17;
    %cmp/u;
    %jmp/1 T_68.11, 6;
    %dup/vec4;
    %load/vec4 v0x8fb1257c0_0;
    %flag_set/vec4 8;
    %flag_get/vec4 8;
    %jmp/1 T_68.18, 8;
    %load/vec4 v0x8fb125720_0;
    %or;
T_68.18;
    %cmp/u;
    %jmp/1 T_68.12, 6;
    %dup/vec4;
    %load/vec4 v0x8fb124aa0_0;
    %flag_set/vec4 8;
    %flag_get/vec4 8;
    %jmp/1 T_68.19, 8;
    %load/vec4 v0x8fb124a00_0;
    %or;
T_68.19;
    %cmp/u;
    %jmp/1 T_68.13, 6;
    %dup/vec4;
    %pushi/vec4 0, 0, 1;
    %cmp/u;
    %jmp/1 T_68.14, 6;
    %dup/vec4;
    %pushi/vec4 0, 0, 1;
    %cmp/u;
    %jmp/1 T_68.15, 6;
    %jmp T_68.16;
T_68.9 ;
    %load/vec4 v0x8fb122080_0;
    %store/vec4 v0x8fb122300_0, 0, 32;
    %jmp T_68.16;
T_68.10 ;
    %load/vec4 v0x8fb1223a0_0;
    %pad/u 32;
    %store/vec4 v0x8fb122300_0, 0, 32;
    %jmp T_68.16;
T_68.11 ;
    %load/vec4 v0x8fb12a3a0_0;
    %load/vec4 v0x8fb12a440_0;
    %xor;
    %store/vec4 v0x8fb122300_0, 0, 32;
    %jmp T_68.16;
T_68.12 ;
    %load/vec4 v0x8fb12a3a0_0;
    %load/vec4 v0x8fb12a440_0;
    %or;
    %store/vec4 v0x8fb122300_0, 0, 32;
    %jmp T_68.16;
T_68.13 ;
    %load/vec4 v0x8fb12a3a0_0;
    %load/vec4 v0x8fb12a440_0;
    %and;
    %store/vec4 v0x8fb122300_0, 0, 32;
    %jmp T_68.16;
T_68.14 ;
    %load/vec4 v0x8fb122580_0;
    %store/vec4 v0x8fb122300_0, 0, 32;
    %jmp T_68.16;
T_68.15 ;
    %load/vec4 v0x8fb122620_0;
    %store/vec4 v0x8fb122300_0, 0, 32;
    %jmp T_68.16;
T_68.16 ;
    %pop/vec4 1;
    %jmp T_68;
    .thread T_68, $push;
    .scope S_0x8fa4d9500;
T_69 ;
    %wait E_0x8fb0d2c80;
    %load/vec4 v0x8fb122bc0_0;
    %assign/vec4 v0x8fb122c60_0, 0;
    %jmp T_69;
    .thread T_69;
    .scope S_0x8fa4d9500;
T_70 ;
    %wait E_0x8fb0d2d80;
    %load/vec4 v0x8fb122c60_0;
    %store/vec4 v0x8fb122bc0_0, 0, 1;
    %load/vec4 v0x8fb129ea0_0;
    %nor/r;
    %flag_set/vec4 8;
    %jmp/0xz  T_70.0, 8;
    %pushi/vec4 0, 0, 1;
    %store/vec4 v0x8fb122bc0_0, 0, 1;
T_70.0 ;
    %load/vec4 v0x8fb1275c0_0;
    %flag_set/vec4 8;
    %jmp/1 T_70.5, 8;
    %load/vec4 v0x8fb126b20_0;
    %cmpi/ne 0, 0, 2;
    %flag_or 8, 4;
T_70.5;
    %jmp/1 T_70.4, 8;
    %load/vec4 v0x8fb12a6c0_0;
    %nor/r;
    %flag_set/vec4 9;
    %flag_or 8, 9;
T_70.4;
    %jmp/0xz  T_70.2, 8;
    %pushi/vec4 0, 0, 1;
    %store/vec4 v0x8fb122bc0_0, 0, 1;
T_70.2 ;
    %jmp T_70;
    .thread T_70, $push;
    .scope S_0x8fa4d9500;
T_71 ;
    %wait E_0x8fb0d2d40;
    %pushi/vec4 0, 0, 1;
    %store/vec4 v0x8fb1232a0_0, 0, 1;
    %pushi/vec4 4294967295, 4294967295, 32;
    %store/vec4 v0x8fb123200_0, 0, 32;
    %load/vec4 v0x8fb122f80_0;
    %cmpi/e 64, 0, 8;
    %jmp/0xz  T_71.0, 4;
    %pushi/vec4 1, 0, 1;
    %dup/vec4;
    %load/vec4 v0x8fb1275c0_0;
    %cmp/u;
    %jmp/1 T_71.2, 6;
    %dup/vec4;
    %load/vec4 v0x8fb127a20_0;
    %flag_set/vec4 8;
    %flag_get/vec4 8;
    %jmp/0 T_71.7, 8;
    %load/vec4 v0x8fb1275c0_0;
    %nor/r;
    %and;
T_71.7;
    %cmp/u;
    %jmp/1 T_71.3, 6;
    %dup/vec4;
    %pushi/vec4 0, 0, 1;
    %cmp/u;
    %jmp/1 T_71.4, 6;
    %dup/vec4;
    %pushi/vec4 0, 0, 1;
    %cmp/u;
    %jmp/1 T_71.5, 6;
    %jmp T_71.6;
T_71.2 ;
    %load/vec4 v0x8fb12a580_0;
    %load/vec4 v0x8fb127660_0;
    %flag_set/vec4 8;
    %jmp/0 T_71.8, 8;
    %pushi/vec4 2, 0, 32;
    %jmp/1 T_71.9, 8;
T_71.8 ; End of true expr.
    %pushi/vec4 4, 0, 32;
    %jmp/0 T_71.9, 8;
 ; End of false expr.
    %blend;
T_71.9;
    %add;
    %store/vec4 v0x8fb123200_0, 0, 32;
    %pushi/vec4 1, 0, 1;
    %store/vec4 v0x8fb1232a0_0, 0, 1;
    %jmp T_71.6;
T_71.3 ;
    %load/vec4 v0x8fb127980_0;
    %flag_set/vec4 8;
    %jmp/0 T_71.10, 8;
    %load/vec4 v0x8fb1224e0_0;
    %jmp/1 T_71.11, 8;
T_71.10 ; End of true expr.
    %load/vec4 v0x8fb12a4e0_0;
    %jmp/0 T_71.11, 8;
 ; End of false expr.
    %blend;
T_71.11;
    %store/vec4 v0x8fb123200_0, 0, 32;
    %pushi/vec4 1, 0, 1;
    %store/vec4 v0x8fb1232a0_0, 0, 1;
    %jmp T_71.6;
T_71.4 ;
    %load/vec4 v0x8fb12a300_0;
    %load/vec4 v0x8fb127660_0;
    %pad/u 32;
    %or;
    %store/vec4 v0x8fb123200_0, 0, 32;
    %pushi/vec4 1, 0, 1;
    %store/vec4 v0x8fb1232a0_0, 0, 1;
    %jmp T_71.6;
T_71.5 ;
    %load/vec4 v0x8fb126a80_0;
    %load/vec4 v0x8fb1269e0_0;
    %inv;
    %and;
    %store/vec4 v0x8fb123200_0, 0, 32;
    %pushi/vec4 1, 0, 1;
    %store/vec4 v0x8fb1232a0_0, 0, 1;
    %jmp T_71.6;
T_71.6 ;
    %pop/vec4 1;
T_71.0 ;
    %jmp T_71;
    .thread T_71, $push;
    .scope S_0x8fa4d9500;
T_72 ;
    %wait E_0x8fb0d2c80;
    %load/vec4 v0x8fb12a6c0_0;
    %flag_set/vec4 10;
    %flag_get/vec4 10;
    %jmp/0 T_72.3, 10;
    %load/vec4 v0x8fb1232a0_0;
    %and;
T_72.3;
    %flag_set/vec4 9;
    %flag_get/vec4 9;
    %jmp/0 T_72.2, 9;
    %load/vec4 v0x8fb1278e0_0;
    %pushi/vec4 0, 0, 5;
    %cmp/ne;
    %flag_get/vec4 4;
    %and;
T_72.2;
    %flag_set/vec4 8;
    %jmp/0xz  T_72.0, 8;
    %load/vec4 v0x8fb123200_0;
    %load/vec4 v0x8fb1278e0_0;
    %pad/u 7;
    %ix/vec4 3;
    %ix/load 4, 0, 0; Constant delay
    %assign/vec4/a/d v0x8fb123020, 0, 4;
T_72.0 ;
    %jmp T_72;
    .thread T_72;
    .scope S_0x8fa4d9500;
T_73 ;
    %wait E_0x8fb0d2d00;
    %pushi/vec4 31, 31, 5;
    %store/vec4 v0x8fb124320_0, 0, 5;
    %load/vec4 v0x8fb1243c0_0;
    %cmpi/ne 0, 0, 5;
    %flag_mov 8, 4;
    %jmp/0 T_73.0, 8;
    %load/vec4 v0x8fb1243c0_0;
    %pad/u 7;
    %ix/vec4 4;
    %load/vec4a v0x8fb123020, 4;
    %jmp/1 T_73.1, 8;
T_73.0 ; End of true expr.
    %pushi/vec4 0, 0, 32;
    %jmp/0 T_73.1, 8;
 ; End of false expr.
    %blend;
T_73.1;
    %store/vec4 v0x8fb1230c0_0, 0, 32;
    %load/vec4 v0x8fb124460_0;
    %cmpi/ne 0, 0, 5;
    %flag_mov 8, 4;
    %jmp/0 T_73.2, 8;
    %load/vec4 v0x8fb124460_0;
    %pad/u 7;
    %ix/vec4 4;
    %load/vec4a v0x8fb123020, 4;
    %jmp/1 T_73.3, 8;
T_73.2 ; End of true expr.
    %pushi/vec4 0, 0, 32;
    %jmp/0 T_73.3, 8;
 ; End of false expr.
    %blend;
T_73.3;
    %store/vec4 v0x8fb123160_0, 0, 32;
    %jmp T_73;
    .thread T_73, $push;
    .scope S_0x8fa4d9500;
T_74 ;
    %wait E_0x8fb0d2c80;
    %pushi/vec4 0, 0, 1;
    %assign/vec4 v0x8fb12ab20_0, 0;
    %pushi/vec4 31, 31, 5;
    %assign/vec4 v0x8fb12a620_0, 0;
    %pushi/vec4 4294967295, 4294967295, 32;
    %assign/vec4 v0x8fb12a4e0_0, 0;
    %pushi/vec4 0, 0, 1;
    %store/vec4 v0x8fb12a800_0, 0, 1;
    %pushi/vec4 0, 0, 1;
    %store/vec4 v0x8fb12a760_0, 0, 1;
    %pushi/vec4 0, 0, 1;
    %store/vec4 v0x8fb12a8a0_0, 0, 1;
    %load/vec4 v0x8fb1223a0_0;
    %assign/vec4 v0x8fb122440_0, 0;
    %load/vec4 v0x8fb122300_0;
    %assign/vec4 v0x8fb1224e0_0, 0;
    %pushi/vec4 0, 0, 1;
    %assign/vec4 v0x8fb1226c0_0, 0;
    %pushi/vec4 0, 0, 1;
    %assign/vec4 v0x8fb122760_0, 0;
    %load/vec4 v0x8fb127b60_0;
    %flag_set/vec4 8;
    %jmp/0xz  T_74.0, 8;
    %pushi/vec4 4294967295, 4294967295, 32;
    %assign/vec4 v0x8fb123de0_0, 0;
    %pushi/vec4 4294967295, 4294967295, 32;
    %assign/vec4 v0x8fb123f20_0, 0;
    %pushi/vec4 0, 0, 1;
    %assign/vec4 v0x8fb123e80_0, 0;
    %pushi/vec4 0, 0, 1;
    %assign/vec4 v0x8fb124000_0, 0;
T_74.0 ;
    %load/vec4 v0x8fb12a6c0_0;
    %flag_set/vec4 8;
    %jmp/0 T_74.2, 8;
    %load/vec4 v0x8fb122e40_0;
    %addi 1, 0, 64;
    %jmp/1 T_74.3, 8;
T_74.2 ; End of true expr.
    %pushi/vec4 0, 0, 64;
    %jmp/0 T_74.3, 8;
 ; End of false expr.
    %blend;
T_74.3;
    %assign/vec4 v0x8fb122e40_0, 0;
    %pushi/vec4 4294967295, 4294967295, 32;
    %store/vec4 v0x8fb129040_0, 0, 32;
    %load/vec4 v0x8fb127e80_0;
    %flag_set/vec4 8;
    %flag_get/vec4 8;
    %jmp/0 T_74.4, 8;
    %load/vec4 v0x8fb128000_0;
    %and;
T_74.4;
    %assign/vec4 v0x8fb124640_0, 0;
    %load/vec4 v0x8fb124640_0;
    %assign/vec4 v0x8fb1246e0_0, 0;
    %pushi/vec4 0, 0, 1;
    %assign/vec4 v0x8fb124500_0, 0;
    %load/vec4 v0x8fb124500_0;
    %assign/vec4 v0x8fb1245a0_0, 0;
    %pushi/vec4 0, 0, 1;
    %assign/vec4 v0x8fb124780_0, 0;
    %pushi/vec4 0, 0, 1;
    %assign/vec4 v0x8fb12aa80_0, 0;
    %pushi/vec4 4294967295, 4294967295, 32;
    %concati/vec4 15, 15, 4;
    %assign/vec4 v0x8fb12a9e0_0, 0;
    %load/vec4 v0x8fb12a6c0_0;
    %nor/r;
    %flag_set/vec4 8;
    %jmp/0xz  T_74.5, 8;
    %pushi/vec4 0, 0, 32;
    %assign/vec4 v0x8fb12a580_0, 0;
    %pushi/vec4 0, 0, 32;
    %assign/vec4 v0x8fb12a300_0, 0;
    %pushi/vec4 0, 0, 64;
    %assign/vec4 v0x8fb122ee0_0, 0;
    %pushi/vec4 0, 0, 1;
    %assign/vec4 v0x8fb127a20_0, 0;
    %pushi/vec4 0, 0, 1;
    %assign/vec4 v0x8fb127980_0, 0;
    %pushi/vec4 0, 0, 1;
    %assign/vec4 v0x8fb1275c0_0, 0;
    %pushi/vec4 0, 0, 1;
    %assign/vec4 v0x8fb127ac0_0, 0;
    %pushi/vec4 0, 0, 1;
    %assign/vec4 v0x8fb127840_0, 0;
    %pushi/vec4 0, 0, 1;
    %assign/vec4 v0x8fb1277a0_0, 0;
    %pushi/vec4 0, 0, 1;
    %assign/vec4 v0x8fb127700_0, 0;
    %pushi/vec4 0, 0, 1;
    %assign/vec4 v0x8fb129cc0_0, 0;
    %pushi/vec4 0, 0, 1;
    %assign/vec4 v0x8fb129c20_0, 0;
    %pushi/vec4 0, 0, 1;
    %assign/vec4 v0x8fb1268a0_0, 0;
    %pushi/vec4 0, 0, 1;
    %assign/vec4 v0x8fb126940_0, 0;
    %pushi/vec4 4294967295, 0, 32;
    %assign/vec4 v0x8fb1269e0_0, 0;
    %pushi/vec4 0, 0, 32;
    %store/vec4 v0x8fb129040_0, 0, 32;
    %pushi/vec4 0, 0, 2;
    %assign/vec4 v0x8fb126b20_0, 0;
    %pushi/vec4 0, 0, 32;
    %assign/vec4 v0x8fb124820_0, 0;
    %pushi/vec4 0, 0, 32;
    %assign/vec4 v0x8fb12a940_0, 0;
    %pushi/vec4 1, 0, 1;
    %assign/vec4 v0x8fb127a20_0, 0;
    %pushi/vec4 2, 0, 5;
    %assign/vec4 v0x8fb1278e0_0, 0;
    %pushi/vec4 1008, 0, 32;
    %assign/vec4 v0x8fb12a4e0_0, 0;
    %pushi/vec4 64, 0, 8;
    %assign/vec4 v0x8fb122f80_0, 0;
    %jmp T_74.6;
T_74.5 ;
    %load/vec4 v0x8fb122f80_0;
    %dup/vec4;
    %pushi/vec4 128, 0, 8;
    %cmp/u;
    %jmp/1 T_74.7, 6;
    %dup/vec4;
    %pushi/vec4 64, 0, 8;
    %cmp/u;
    %jmp/1 T_74.8, 6;
    %dup/vec4;
    %pushi/vec4 32, 0, 8;
    %cmp/u;
    %jmp/1 T_74.9, 6;
    %dup/vec4;
    %pushi/vec4 16, 0, 8;
    %cmp/u;
    %jmp/1 T_74.10, 6;
    %dup/vec4;
    %pushi/vec4 8, 0, 8;
    %cmp/u;
    %jmp/1 T_74.11, 6;
    %dup/vec4;
    %pushi/vec4 4, 0, 8;
    %cmp/u;
    %jmp/1 T_74.12, 6;
    %dup/vec4;
    %pushi/vec4 2, 0, 8;
    %cmp/u;
    %jmp/1 T_74.13, 6;
    %dup/vec4;
    %pushi/vec4 1, 0, 8;
    %cmp/u;
    %jmp/1 T_74.14, 6;
    %jmp T_74.15;
T_74.7 ;
    %pushi/vec4 1, 0, 1;
    %assign/vec4 v0x8fb12ab20_0, 0;
    %jmp T_74.15;
T_74.8 ;
    %load/vec4 v0x8fb124640_0;
    %nor/r;
    %flag_set/vec4 8;
    %flag_get/vec4 8;
    %jmp/0 T_74.16, 8;
    %load/vec4 v0x8fb124780_0;
    %nor/r;
    %and;
T_74.16;
    %assign/vec4 v0x8fb127e80_0, 0;
    %pushi/vec4 0, 0, 2;
    %assign/vec4 v0x8fb128d20_0, 0;
    %load/vec4 v0x8fb12a300_0;
    %store/vec4 v0x8fb123340_0, 0, 32;
    %pushi/vec4 1, 0, 1;
    %dup/vec4;
    %load/vec4 v0x8fb1275c0_0;
    %cmp/u;
    %jmp/1 T_74.17, 6;
    %dup/vec4;
    %load/vec4 v0x8fb127a20_0;
    %flag_set/vec4 8;
    %flag_get/vec4 8;
    %jmp/0 T_74.22, 8;
    %load/vec4 v0x8fb1275c0_0;
    %nor/r;
    %and;
T_74.22;
    %cmp/u;
    %jmp/1 T_74.18, 6;
    %dup/vec4;
    %pushi/vec4 0, 0, 1;
    %cmp/u;
    %jmp/1 T_74.19, 6;
    %dup/vec4;
    %pushi/vec4 0, 0, 1;
    %cmp/u;
    %jmp/1 T_74.20, 6;
    %jmp T_74.21;
T_74.17 ;
    %load/vec4 v0x8fb127a20_0;
    %flag_set/vec4 8;
    %jmp/0 T_74.23, 8;
    %load/vec4 v0x8fb127980_0;
    %flag_set/vec4 9;
    %jmp/0 T_74.25, 9;
    %load/vec4 v0x8fb1224e0_0;
    %jmp/1 T_74.26, 9;
T_74.25 ; End of true expr.
    %load/vec4 v0x8fb12a4e0_0;
    %jmp/0 T_74.26, 9;
 ; End of false expr.
    %blend;
T_74.26;
    %pushi/vec4 4294967294, 0, 32;
    %and;
    %jmp/1 T_74.24, 8;
T_74.23 ; End of true expr.
    %load/vec4 v0x8fb12a300_0;
    %jmp/0 T_74.24, 8;
 ; End of false expr.
    %blend;
T_74.24;
    %store/vec4 v0x8fb123340_0, 0, 32;
    %jmp T_74.21;
T_74.18 ;
    %jmp T_74.21;
T_74.19 ;
    %pushi/vec4 16, 0, 32;
    %store/vec4 v0x8fb123340_0, 0, 32;
    %pushi/vec4 1, 0, 1;
    %assign/vec4 v0x8fb1268a0_0, 0;
    %pushi/vec4 1, 0, 1;
    %assign/vec4 v0x8fb127e80_0, 0;
    %jmp T_74.21;
T_74.20 ;
    %load/vec4 v0x8fb126a80_0;
    %load/vec4 v0x8fb1269e0_0;
    %inv;
    %and;
    %assign/vec4 v0x8fb124820_0, 0;
    %load/vec4 v0x8fb129040_0;
    %load/vec4 v0x8fb1269e0_0;
    %and;
    %store/vec4 v0x8fb129040_0, 0, 32;
    %jmp T_74.21;
T_74.21 ;
    %pop/vec4 1;
    %load/vec4 v0x8fb123340_0;
    %assign/vec4 v0x8fb12a580_0, 0;
    %load/vec4 v0x8fb123340_0;
    %assign/vec4 v0x8fb12a300_0, 0;
    %pushi/vec4 0, 0, 1;
    %assign/vec4 v0x8fb127a20_0, 0;
    %pushi/vec4 0, 0, 1;
    %assign/vec4 v0x8fb127980_0, 0;
    %pushi/vec4 0, 0, 1;
    %assign/vec4 v0x8fb1275c0_0, 0;
    %pushi/vec4 0, 0, 1;
    %assign/vec4 v0x8fb127840_0, 0;
    %pushi/vec4 0, 0, 1;
    %assign/vec4 v0x8fb1277a0_0, 0;
    %pushi/vec4 0, 0, 1;
    %assign/vec4 v0x8fb127700_0, 0;
    %load/vec4 v0x8fb124280_0;
    %assign/vec4 v0x8fb1278e0_0, 0;
    %load/vec4 v0x8fb122da0_0;
    %assign/vec4 v0x8fb127660_0, 0;
    %load/vec4 v0x8fb124640_0;
    %flag_set/vec4 8;
    %jmp/0xz  T_74.27, 8;
    %load/vec4 v0x8fb1268a0_0;
    %assign/vec4 v0x8fb126940_0, 0;
    %load/vec4 v0x8fb123340_0;
    %load/vec4 v0x8fb122da0_0;
    %flag_set/vec4 8;
    %jmp/0 T_74.29, 8;
    %pushi/vec4 2, 0, 32;
    %jmp/1 T_74.30, 8;
T_74.29 ; End of true expr.
    %pushi/vec4 4, 0, 32;
    %jmp/0 T_74.30, 8;
 ; End of false expr.
    %blend;
T_74.30;
    %add;
    %assign/vec4 v0x8fb12a300_0, 0;
    %load/vec4 v0x8fb122ee0_0;
    %addi 1, 0, 64;
    %assign/vec4 v0x8fb122ee0_0, 0;
    %load/vec4 v0x8fb125180_0;
    %flag_set/vec4 8;
    %jmp/0xz  T_74.31, 8;
    %pushi/vec4 1, 0, 1;
    %assign/vec4 v0x8fb127e80_0, 0;
    %load/vec4 v0x8fb123340_0;
    %load/vec4 v0x8fb1241e0_0;
    %add;
    %assign/vec4 v0x8fb12a300_0, 0;
    %pushi/vec4 1, 0, 1;
    %assign/vec4 v0x8fb1275c0_0, 0;
    %jmp T_74.32;
T_74.31 ;
    %pushi/vec4 0, 0, 1;
    %assign/vec4 v0x8fb127e80_0, 0;
    %load/vec4 v0x8fb125220_0;
    %nor/r;
    %flag_set/vec4 8;
    %flag_get/vec4 8;
    %jmp/0 T_74.33, 8;
    %load/vec4 v0x8fb125ae0_0;
    %nor/r;
    %and;
T_74.33;
    %assign/vec4 v0x8fb127d40_0, 0;
    %pushi/vec4 32, 0, 8;
    %assign/vec4 v0x8fb122f80_0, 0;
T_74.32 ;
T_74.27 ;
    %jmp T_74.15;
T_74.9 ;
    %pushi/vec4 4294967295, 4294967295, 32;
    %assign/vec4 v0x8fb12a3a0_0, 0;
    %pushi/vec4 4294967295, 4294967295, 32;
    %assign/vec4 v0x8fb12a440_0, 0;
    %pushi/vec4 1, 0, 1;
    %dup/vec4;
    %pushi/vec4 1, 0, 1;
    %flag_set/vec4 8;
    %flag_get/vec4 8;
    %jmp/0 T_74.48, 8;
    %load/vec4 v0x8fb126580_0;
    %and;
T_74.48;
    %cmp/u;
    %jmp/1 T_74.34, 6;
    %dup/vec4;
    %pushi/vec4 1, 0, 1;
    %flag_set/vec4 8;
    %flag_get/vec4 8;
    %jmp/0 T_74.49, 8;
    %load/vec4 v0x8fb127160_0;
    %and;
T_74.49;
    %cmp/u;
    %jmp/1 T_74.35, 6;
    %dup/vec4;
    %load/vec4 v0x8fb127020_0;
    %cmp/u;
    %jmp/1 T_74.36, 6;
    %dup/vec4;
    %pushi/vec4 0, 0, 1;
    %cmp/u;
    %jmp/1 T_74.37, 6;
    %dup/vec4;
    %pushi/vec4 0, 0, 1;
    %cmp/u;
    %jmp/1 T_74.38, 6;
    %dup/vec4;
    %pushi/vec4 0, 0, 1;
    %cmp/u;
    %jmp/1 T_74.39, 6;
    %dup/vec4;
    %pushi/vec4 0, 0, 1;
    %cmp/u;
    %jmp/1 T_74.40, 6;
    %dup/vec4;
    %pushi/vec4 0, 0, 1;
    %cmp/u;
    %jmp/1 T_74.41, 6;
    %dup/vec4;
    %load/vec4 v0x8fb126ee0_0;
    %flag_set/vec4 8;
    %flag_get/vec4 8;
    %jmp/0 T_74.50, 8;
    %load/vec4 v0x8fb126580_0;
    %nor/r;
    %and;
T_74.50;
    %cmp/u;
    %jmp/1 T_74.42, 6;
    %dup/vec4;
    %load/vec4 v0x8fb127340_0;
    %flag_set/vec4 8;
    %flag_get/vec4 8;
    %jmp/0 T_74.51, 8;
    %pushi/vec4 1, 0, 1;
    %and;
T_74.51;
    %cmp/u;
    %jmp/1 T_74.43, 6;
    %dup/vec4;
    %load/vec4 v0x8fb126e40_0;
    %cmp/u;
    %jmp/1 T_74.44, 6;
    %dup/vec4;
    %load/vec4 v0x8fb127340_0;
    %flag_set/vec4 8;
    %flag_get/vec4 8;
    %jmp/0 T_74.52, 8;
    %pushi/vec4 0, 0, 1;
    %and;
T_74.52;
    %cmp/u;
    %jmp/1 T_74.45, 6;
    %load/vec4 v0x8fb1230c0_0;
    %assign/vec4 v0x8fb12a3a0_0, 0;
    %load/vec4 v0x8fb1230c0_0;
    %assign/vec4 v0x8fb123de0_0, 0;
    %pushi/vec4 1, 0, 1;
    %assign/vec4 v0x8fb123e80_0, 0;
    %load/vec4 v0x8fb123160_0;
    %pad/u 5;
    %assign/vec4 v0x8fb12a620_0, 0;
    %load/vec4 v0x8fb123160_0;
    %assign/vec4 v0x8fb12a440_0, 0;
    %load/vec4 v0x8fb123160_0;
    %assign/vec4 v0x8fb123f20_0, 0;
    %pushi/vec4 1, 0, 1;
    %assign/vec4 v0x8fb124000_0, 0;
    %pushi/vec4 1, 0, 1;
    %dup/vec4;
    %load/vec4 v0x8fb127200_0;
    %cmp/u;
    %jmp/1 T_74.53, 6;
    %dup/vec4;
    %load/vec4 v0x8fb1272a0_0;
    %flag_set/vec4 8;
    %flag_get/vec4 8;
    %jmp/0 T_74.57, 8;
    %pushi/vec4 1, 0, 1;
    %and;
T_74.57;
    %cmp/u;
    %jmp/1 T_74.54, 6;
    %load/vec4 v0x8fb127d40_0;
    %assign/vec4 v0x8fb127e80_0, 0;
    %pushi/vec4 8, 0, 8;
    %assign/vec4 v0x8fb122f80_0, 0;
    %jmp T_74.56;
T_74.53 ;
    %pushi/vec4 2, 0, 8;
    %assign/vec4 v0x8fb122f80_0, 0;
    %pushi/vec4 1, 0, 1;
    %assign/vec4 v0x8fb127e80_0, 0;
    %jmp T_74.56;
T_74.54 ;
    %pushi/vec4 4, 0, 8;
    %assign/vec4 v0x8fb122f80_0, 0;
    %jmp T_74.56;
T_74.56 ;
    %pop/vec4 1;
    %jmp T_74.47;
T_74.34 ;
    %pushi/vec4 128, 0, 8;
    %assign/vec4 v0x8fb122f80_0, 0;
    %jmp T_74.47;
T_74.35 ;
    %pushi/vec4 1, 0, 1;
    %dup/vec4;
    %load/vec4 v0x8fb125860_0;
    %cmp/u;
    %jmp/1 T_74.58, 6;
    %dup/vec4;
    %load/vec4 v0x8fb125900_0;
    %flag_set/vec4 8;
    %flag_get/vec4 8;
    %jmp/0 T_74.63, 8;
    %pushi/vec4 1, 0, 1;
    %and;
T_74.63;
    %cmp/u;
    %jmp/1 T_74.59, 6;
    %dup/vec4;
    %load/vec4 v0x8fb1259a0_0;
    %cmp/u;
    %jmp/1 T_74.60, 6;
    %dup/vec4;
    %load/vec4 v0x8fb125a40_0;
    %flag_set/vec4 8;
    %flag_get/vec4 8;
    %jmp/0 T_74.64, 8;
    %pushi/vec4 1, 0, 1;
    %and;
T_74.64;
    %cmp/u;
    %jmp/1 T_74.61, 6;
    %jmp T_74.62;
T_74.58 ;
    %load/vec4 v0x8fb122e40_0;
    %parti/s 32, 0, 2;
    %assign/vec4 v0x8fb12a4e0_0, 0;
    %jmp T_74.62;
T_74.59 ;
    %load/vec4 v0x8fb122e40_0;
    %parti/s 32, 32, 7;
    %assign/vec4 v0x8fb12a4e0_0, 0;
    %jmp T_74.62;
T_74.60 ;
    %load/vec4 v0x8fb122ee0_0;
    %parti/s 32, 0, 2;
    %assign/vec4 v0x8fb12a4e0_0, 0;
    %jmp T_74.62;
T_74.61 ;
    %load/vec4 v0x8fb122ee0_0;
    %parti/s 32, 32, 7;
    %assign/vec4 v0x8fb12a4e0_0, 0;
    %jmp T_74.62;
T_74.62 ;
    %pop/vec4 1;
    %pushi/vec4 1, 0, 1;
    %assign/vec4 v0x8fb127a20_0, 0;
    %pushi/vec4 64, 0, 8;
    %assign/vec4 v0x8fb122f80_0, 0;
    %jmp T_74.47;
T_74.36 ;
    %load/vec4 v0x8fb125540_0;
    %flag_set/vec4 8;
    %jmp/0 T_74.65, 8;
    %pushi/vec4 0, 0, 32;
    %jmp/1 T_74.66, 8;
T_74.65 ; End of true expr.
    %load/vec4 v0x8fb12a580_0;
    %jmp/0 T_74.66, 8;
 ; End of false expr.
    %blend;
T_74.66;
    %assign/vec4 v0x8fb12a3a0_0, 0;
    %load/vec4 v0x8fb124140_0;
    %assign/vec4 v0x8fb12a440_0, 0;
    %load/vec4 v0x8fb127d40_0;
    %assign/vec4 v0x8fb127e80_0, 0;
    %pushi/vec4 8, 0, 8;
    %assign/vec4 v0x8fb122f80_0, 0;
    %jmp T_74.47;
T_74.37 ;
    %load/vec4 v0x8fb1230c0_0;
    %assign/vec4 v0x8fb12a4e0_0, 0;
    %load/vec4 v0x8fb1230c0_0;
    %assign/vec4 v0x8fb123de0_0, 0;
    %pushi/vec4 1, 0, 1;
    %assign/vec4 v0x8fb123e80_0, 0;
    %pushi/vec4 1, 0, 1;
    %assign/vec4 v0x8fb127a20_0, 0;
    %pushi/vec4 64, 0, 8;
    %assign/vec4 v0x8fb122f80_0, 0;
    %jmp T_74.47;
T_74.38 ;
    %load/vec4 v0x8fb1230c0_0;
    %assign/vec4 v0x8fb12a4e0_0, 0;
    %load/vec4 v0x8fb1230c0_0;
    %assign/vec4 v0x8fb123de0_0, 0;
    %pushi/vec4 1, 0, 1;
    %assign/vec4 v0x8fb123e80_0, 0;
    %load/vec4 v0x8fb1278e0_0;
    %pad/u 32;
    %pushi/vec4 32, 0, 32;
    %or;
    %pad/u 5;
    %assign/vec4 v0x8fb1278e0_0, 0;
    %pushi/vec4 1, 0, 1;
    %assign/vec4 v0x8fb127a20_0, 0;
    %pushi/vec4 64, 0, 8;
    %assign/vec4 v0x8fb122f80_0, 0;
    %jmp T_74.47;
T_74.39 ;
    %pushi/vec4 0, 0, 32;
    %assign/vec4 v0x8fb124820_0, 0;
    %pushi/vec4 0, 0, 1;
    %assign/vec4 v0x8fb1268a0_0, 0;
    %pushi/vec4 1, 0, 1;
    %assign/vec4 v0x8fb1275c0_0, 0;
    %pushi/vec4 1, 0, 1;
    %assign/vec4 v0x8fb127a20_0, 0;
    %load/vec4 v0x8fb1230c0_0;
    %pushi/vec4 4294967294, 0, 32;
    %and;
    %assign/vec4 v0x8fb12a4e0_0, 0;
    %load/vec4 v0x8fb1230c0_0;
    %assign/vec4 v0x8fb123de0_0, 0;
    %pushi/vec4 1, 0, 1;
    %assign/vec4 v0x8fb123e80_0, 0;
    %pushi/vec4 64, 0, 8;
    %assign/vec4 v0x8fb122f80_0, 0;
    %jmp T_74.47;
T_74.40 ;
    %pushi/vec4 1, 0, 1;
    %assign/vec4 v0x8fb127a20_0, 0;
    %load/vec4 v0x8fb1269e0_0;
    %assign/vec4 v0x8fb12a4e0_0, 0;
    %load/vec4 v0x8fb1230c0_0;
    %pushi/vec4 0, 0, 32;
    %or;
    %assign/vec4 v0x8fb1269e0_0, 0;
    %load/vec4 v0x8fb1230c0_0;
    %assign/vec4 v0x8fb123de0_0, 0;
    %pushi/vec4 1, 0, 1;
    %assign/vec4 v0x8fb123e80_0, 0;
    %pushi/vec4 64, 0, 8;
    %assign/vec4 v0x8fb122f80_0, 0;
    %jmp T_74.47;
T_74.41 ;
    %pushi/vec4 1, 0, 1;
    %assign/vec4 v0x8fb127a20_0, 0;
    %load/vec4 v0x8fb12a940_0;
    %assign/vec4 v0x8fb12a4e0_0, 0;
    %load/vec4 v0x8fb1230c0_0;
    %assign/vec4 v0x8fb12a940_0, 0;
    %load/vec4 v0x8fb1230c0_0;
    %assign/vec4 v0x8fb123de0_0, 0;
    %pushi/vec4 1, 0, 1;
    %assign/vec4 v0x8fb123e80_0, 0;
    %pushi/vec4 64, 0, 8;
    %assign/vec4 v0x8fb122f80_0, 0;
    %jmp T_74.47;
T_74.42 ;
    %load/vec4 v0x8fb1230c0_0;
    %assign/vec4 v0x8fb12a3a0_0, 0;
    %load/vec4 v0x8fb1230c0_0;
    %assign/vec4 v0x8fb123de0_0, 0;
    %pushi/vec4 1, 0, 1;
    %assign/vec4 v0x8fb123e80_0, 0;
    %pushi/vec4 1, 0, 8;
    %assign/vec4 v0x8fb122f80_0, 0;
    %pushi/vec4 1, 0, 1;
    %assign/vec4 v0x8fb127e80_0, 0;
    %jmp T_74.47;
T_74.43 ;
    %load/vec4 v0x8fb1230c0_0;
    %assign/vec4 v0x8fb12a3a0_0, 0;
    %load/vec4 v0x8fb1230c0_0;
    %assign/vec4 v0x8fb123de0_0, 0;
    %pushi/vec4 1, 0, 1;
    %assign/vec4 v0x8fb123e80_0, 0;
    %load/vec4 v0x8fb124460_0;
    %assign/vec4 v0x8fb12a620_0, 0;
    %pushi/vec4 4, 0, 8;
    %assign/vec4 v0x8fb122f80_0, 0;
    %jmp T_74.47;
T_74.44 ;
    %load/vec4 v0x8fb1230c0_0;
    %assign/vec4 v0x8fb12a3a0_0, 0;
    %load/vec4 v0x8fb1230c0_0;
    %assign/vec4 v0x8fb123de0_0, 0;
    %pushi/vec4 1, 0, 1;
    %assign/vec4 v0x8fb123e80_0, 0;
    %load/vec4 v0x8fb127340_0;
    %flag_set/vec4 9;
    %flag_get/vec4 9;
    %jmp/0 T_74.69, 9;
    %pushi/vec4 0, 0, 1;
    %and;
T_74.69;
    %flag_set/vec4 8;
    %jmp/0 T_74.67, 8;
    %load/vec4 v0x8fb124460_0;
    %pad/u 32;
    %jmp/1 T_74.68, 8;
T_74.67 ; End of true expr.
    %load/vec4 v0x8fb124140_0;
    %jmp/0 T_74.68, 8;
 ; End of false expr.
    %blend;
T_74.68;
    %assign/vec4 v0x8fb12a440_0, 0;
    %load/vec4 v0x8fb127d40_0;
    %assign/vec4 v0x8fb127e80_0, 0;
    %pushi/vec4 8, 0, 8;
    %assign/vec4 v0x8fb122f80_0, 0;
    %jmp T_74.47;
T_74.45 ;
    %load/vec4 v0x8fb1230c0_0;
    %assign/vec4 v0x8fb12a3a0_0, 0;
    %load/vec4 v0x8fb1230c0_0;
    %assign/vec4 v0x8fb123de0_0, 0;
    %pushi/vec4 1, 0, 1;
    %assign/vec4 v0x8fb123e80_0, 0;
    %load/vec4 v0x8fb127340_0;
    %flag_set/vec4 9;
    %flag_get/vec4 9;
    %jmp/0 T_74.72, 9;
    %pushi/vec4 0, 0, 1;
    %and;
T_74.72;
    %flag_set/vec4 8;
    %jmp/0 T_74.70, 8;
    %load/vec4 v0x8fb124460_0;
    %pad/u 32;
    %jmp/1 T_74.71, 8;
T_74.70 ; End of true expr.
    %load/vec4 v0x8fb124140_0;
    %jmp/0 T_74.71, 8;
 ; End of false expr.
    %blend;
T_74.71;
    %assign/vec4 v0x8fb12a440_0, 0;
    %load/vec4 v0x8fb127d40_0;
    %assign/vec4 v0x8fb127e80_0, 0;
    %pushi/vec4 8, 0, 8;
    %assign/vec4 v0x8fb122f80_0, 0;
    %jmp T_74.47;
T_74.47 ;
    %pop/vec4 1;
    %jmp T_74.15;
T_74.10 ;
    %load/vec4 v0x8fb123160_0;
    %pad/u 5;
    %assign/vec4 v0x8fb12a620_0, 0;
    %load/vec4 v0x8fb123160_0;
    %assign/vec4 v0x8fb12a440_0, 0;
    %load/vec4 v0x8fb123160_0;
    %assign/vec4 v0x8fb123f20_0, 0;
    %pushi/vec4 1, 0, 1;
    %assign/vec4 v0x8fb124000_0, 0;
    %pushi/vec4 1, 0, 1;
    %dup/vec4;
    %pushi/vec4 0, 0, 1;
    %cmp/u;
    %jmp/1 T_74.73, 6;
    %dup/vec4;
    %load/vec4 v0x8fb127200_0;
    %cmp/u;
    %jmp/1 T_74.74, 6;
    %dup/vec4;
    %load/vec4 v0x8fb1272a0_0;
    %flag_set/vec4 8;
    %flag_get/vec4 8;
    %jmp/0 T_74.78, 8;
    %pushi/vec4 1, 0, 1;
    %and;
T_74.78;
    %cmp/u;
    %jmp/1 T_74.75, 6;
    %load/vec4 v0x8fb127d40_0;
    %assign/vec4 v0x8fb127e80_0, 0;
    %pushi/vec4 8, 0, 8;
    %assign/vec4 v0x8fb122f80_0, 0;
    %jmp T_74.77;
T_74.73 ;
    %pushi/vec4 1, 0, 1;
    %assign/vec4 v0x8fb129cc0_0, 0;
    %load/vec4 v0x8fb129540_0;
    %flag_set/vec4 8;
    %jmp/0xz  T_74.79, 8;
    %pushi/vec4 1, 0, 1;
    %assign/vec4 v0x8fb127e80_0, 0;
    %pushi/vec4 0, 0, 1;
    %assign/vec4 v0x8fb129cc0_0, 0;
    %load/vec4 v0x8fb1294a0_0;
    %assign/vec4 v0x8fb12a4e0_0, 0;
    %load/vec4 v0x8fb129680_0;
    %assign/vec4 v0x8fb127a20_0, 0;
    %pushi/vec4 64, 0, 8;
    %assign/vec4 v0x8fb122f80_0, 0;
    %jmp T_74.80;
T_74.79 ;
    %pushi/vec4 1, 0, 1;
    %flag_set/vec4 9;
    %flag_get/vec4 9;
    %jmp/0 T_74.83, 9;
    %load/vec4 v0x8fb129c20_0;
    %flag_set/vec4 9;
    %flag_get/vec4 9;
    %jmp/1 T_74.84, 9;
    %load/vec4 v0x8fb124fa0_0;
    %or;
T_74.84;
    %and;
T_74.83;
    %flag_set/vec4 8;
    %jmp/0xz  T_74.81, 8;
    %pushi/vec4 0, 0, 1;
    %assign/vec4 v0x8fb129cc0_0, 0;
    %pushi/vec4 128, 0, 8;
    %assign/vec4 v0x8fb122f80_0, 0;
T_74.81 ;
T_74.80 ;
    %jmp T_74.77;
T_74.74 ;
    %pushi/vec4 2, 0, 8;
    %assign/vec4 v0x8fb122f80_0, 0;
    %pushi/vec4 1, 0, 1;
    %assign/vec4 v0x8fb127e80_0, 0;
    %jmp T_74.77;
T_74.75 ;
    %pushi/vec4 4, 0, 8;
    %assign/vec4 v0x8fb122f80_0, 0;
    %jmp T_74.77;
T_74.77 ;
    %pop/vec4 1;
    %jmp T_74.15;
T_74.11 ;
    %load/vec4 v0x8fb12a580_0;
    %load/vec4 v0x8fb124140_0;
    %add;
    %assign/vec4 v0x8fb12a4e0_0, 0;
    %load/vec4 v0x8fb126d00_0;
    %flag_set/vec4 8;
    %jmp/0xz  T_74.85, 8;
    %pushi/vec4 0, 0, 5;
    %assign/vec4 v0x8fb1278e0_0, 0;
    %load/vec4 v0x8fb1223a0_0;
    %assign/vec4 v0x8fb127a20_0, 0;
    %load/vec4 v0x8fb1223a0_0;
    %assign/vec4 v0x8fb1275c0_0, 0;
    %load/vec4 v0x8fb128000_0;
    %flag_set/vec4 8;
    %jmp/0xz  T_74.87, 8;
    %pushi/vec4 64, 0, 8;
    %assign/vec4 v0x8fb122f80_0, 0;
T_74.87 ;
    %load/vec4 v0x8fb1223a0_0;
    %flag_set/vec4 8;
    %jmp/0xz  T_74.89, 8;
    %pushi/vec4 0, 0, 1;
    %assign/vec4 v0x8fb124640_0, 0;
    %pushi/vec4 1, 0, 1;
    %store/vec4 v0x8fb12a800_0, 0, 1;
T_74.89 ;
    %jmp T_74.86;
T_74.85 ;
    %load/vec4 v0x8fb125220_0;
    %assign/vec4 v0x8fb1275c0_0, 0;
    %pushi/vec4 1, 0, 1;
    %assign/vec4 v0x8fb127a20_0, 0;
    %pushi/vec4 1, 0, 1;
    %assign/vec4 v0x8fb127980_0, 0;
    %pushi/vec4 64, 0, 8;
    %assign/vec4 v0x8fb122f80_0, 0;
T_74.86 ;
    %jmp T_74.15;
T_74.12 ;
    %pushi/vec4 1, 0, 1;
    %assign/vec4 v0x8fb127a20_0, 0;
    %load/vec4 v0x8fb12a620_0;
    %pad/u 32;
    %cmpi/e 0, 0, 32;
    %jmp/0xz  T_74.91, 4;
    %load/vec4 v0x8fb12a3a0_0;
    %assign/vec4 v0x8fb12a4e0_0, 0;
    %load/vec4 v0x8fb127d40_0;
    %assign/vec4 v0x8fb127e80_0, 0;
    %pushi/vec4 64, 0, 8;
    %assign/vec4 v0x8fb122f80_0, 0;
    %jmp T_74.92;
T_74.91 ;
    %pushi/vec4 1, 0, 1;
    %flag_set/vec4 9;
    %flag_get/vec4 9;
    %jmp/0 T_74.95, 9;
    %pushi/vec4 4, 0, 32;
    %load/vec4 v0x8fb12a620_0;
    %pad/u 32;
    %cmp/u;
    %flag_get/vec4 4;
    %flag_get/vec4 5;
    %or;
    %and;
T_74.95;
    %flag_set/vec4 8;
    %jmp/0xz  T_74.93, 8;
    %pushi/vec4 1, 0, 1;
    %dup/vec4;
    %load/vec4 v0x8fb125e00_0;
    %flag_set/vec4 8;
    %flag_get/vec4 8;
    %jmp/1 T_74.100, 8;
    %load/vec4 v0x8fb125d60_0;
    %or;
T_74.100;
    %cmp/u;
    %jmp/1 T_74.96, 6;
    %dup/vec4;
    %load/vec4 v0x8fb126300_0;
    %flag_set/vec4 8;
    %flag_get/vec4 8;
    %jmp/1 T_74.101, 8;
    %load/vec4 v0x8fb126260_0;
    %or;
T_74.101;
    %cmp/u;
    %jmp/1 T_74.97, 6;
    %dup/vec4;
    %load/vec4 v0x8fb1261c0_0;
    %flag_set/vec4 8;
    %flag_get/vec4 8;
    %jmp/1 T_74.102, 8;
    %load/vec4 v0x8fb126120_0;
    %or;
T_74.102;
    %cmp/u;
    %jmp/1 T_74.98, 6;
    %jmp T_74.99;
T_74.96 ;
    %load/vec4 v0x8fb12a3a0_0;
    %ix/load 4, 4, 0;
    %flag_set/imm 4, 0;
    %shiftl 4;
    %assign/vec4 v0x8fb12a3a0_0, 0;
    %jmp T_74.99;
T_74.97 ;
    %load/vec4 v0x8fb12a3a0_0;
    %ix/load 4, 4, 0;
    %flag_set/imm 4, 0;
    %shiftr 4;
    %assign/vec4 v0x8fb12a3a0_0, 0;
    %jmp T_74.99;
T_74.98 ;
    %load/vec4 v0x8fb12a3a0_0;
    %ix/load 4, 4, 0;
    %flag_set/imm 4, 0;
    %shiftr/s 4;
    %assign/vec4 v0x8fb12a3a0_0, 0;
    %jmp T_74.99;
T_74.99 ;
    %pop/vec4 1;
    %load/vec4 v0x8fb12a620_0;
    %subi 4, 0, 5;
    %assign/vec4 v0x8fb12a620_0, 0;
    %jmp T_74.94;
T_74.93 ;
    %pushi/vec4 1, 0, 1;
    %dup/vec4;
    %load/vec4 v0x8fb125e00_0;
    %flag_set/vec4 8;
    %flag_get/vec4 8;
    %jmp/1 T_74.107, 8;
    %load/vec4 v0x8fb125d60_0;
    %or;
T_74.107;
    %cmp/u;
    %jmp/1 T_74.103, 6;
    %dup/vec4;
    %load/vec4 v0x8fb126300_0;
    %flag_set/vec4 8;
    %flag_get/vec4 8;
    %jmp/1 T_74.108, 8;
    %load/vec4 v0x8fb126260_0;
    %or;
T_74.108;
    %cmp/u;
    %jmp/1 T_74.104, 6;
    %dup/vec4;
    %load/vec4 v0x8fb1261c0_0;
    %flag_set/vec4 8;
    %flag_get/vec4 8;
    %jmp/1 T_74.109, 8;
    %load/vec4 v0x8fb126120_0;
    %or;
T_74.109;
    %cmp/u;
    %jmp/1 T_74.105, 6;
    %jmp T_74.106;
T_74.103 ;
    %load/vec4 v0x8fb12a3a0_0;
    %ix/load 4, 1, 0;
    %flag_set/imm 4, 0;
    %shiftl 4;
    %assign/vec4 v0x8fb12a3a0_0, 0;
    %jmp T_74.106;
T_74.104 ;
    %load/vec4 v0x8fb12a3a0_0;
    %ix/load 4, 1, 0;
    %flag_set/imm 4, 0;
    %shiftr 4;
    %assign/vec4 v0x8fb12a3a0_0, 0;
    %jmp T_74.106;
T_74.105 ;
    %load/vec4 v0x8fb12a3a0_0;
    %ix/load 4, 1, 0;
    %flag_set/imm 4, 0;
    %shiftr/s 4;
    %assign/vec4 v0x8fb12a3a0_0, 0;
    %jmp T_74.106;
T_74.106 ;
    %pop/vec4 1;
    %load/vec4 v0x8fb12a620_0;
    %subi 1, 0, 5;
    %assign/vec4 v0x8fb12a620_0, 0;
T_74.94 ;
T_74.92 ;
    %jmp T_74.15;
T_74.13 ;
    %load/vec4 v0x8fb127d40_0;
    %nor/r;
    %flag_set/vec4 8;
    %jmp/1 T_74.112, 8;
    %load/vec4 v0x8fb128000_0;
    %flag_set/vec4 9;
    %flag_or 8, 9;
T_74.112;
    %jmp/0xz  T_74.110, 8;
    %load/vec4 v0x8fb127f20_0;
    %nor/r;
    %flag_set/vec4 8;
    %jmp/0xz  T_74.113, 8;
    %pushi/vec4 1, 0, 1;
    %dup/vec4;
    %load/vec4 v0x8fb125b80_0;
    %cmp/u;
    %jmp/1 T_74.115, 6;
    %dup/vec4;
    %load/vec4 v0x8fb125cc0_0;
    %cmp/u;
    %jmp/1 T_74.116, 6;
    %dup/vec4;
    %load/vec4 v0x8fb126440_0;
    %cmp/u;
    %jmp/1 T_74.117, 6;
    %jmp T_74.118;
T_74.115 ;
    %pushi/vec4 2, 0, 2;
    %assign/vec4 v0x8fb128d20_0, 0;
    %jmp T_74.118;
T_74.116 ;
    %pushi/vec4 1, 0, 2;
    %assign/vec4 v0x8fb128d20_0, 0;
    %jmp T_74.118;
T_74.117 ;
    %pushi/vec4 0, 0, 2;
    %assign/vec4 v0x8fb128d20_0, 0;
    %jmp T_74.118;
T_74.118 ;
    %pop/vec4 1;
    %load/vec4 v0x8fb12a3a0_0;
    %load/vec4 v0x8fb124140_0;
    %add;
    %assign/vec4 v0x8fb12a3a0_0, 0;
    %pushi/vec4 1, 0, 1;
    %store/vec4 v0x8fb12a8a0_0, 0, 1;
T_74.113 ;
    %load/vec4 v0x8fb127d40_0;
    %nor/r;
    %flag_set/vec4 9;
    %flag_get/vec4 9;
    %jmp/0 T_74.121, 9;
    %load/vec4 v0x8fb128000_0;
    %and;
T_74.121;
    %flag_set/vec4 8;
    %jmp/0xz  T_74.119, 8;
    %pushi/vec4 64, 0, 8;
    %assign/vec4 v0x8fb122f80_0, 0;
    %pushi/vec4 1, 0, 1;
    %assign/vec4 v0x8fb124640_0, 0;
    %pushi/vec4 1, 0, 1;
    %assign/vec4 v0x8fb124500_0, 0;
T_74.119 ;
T_74.110 ;
    %jmp T_74.15;
T_74.14 ;
    %pushi/vec4 1, 0, 1;
    %assign/vec4 v0x8fb127a20_0, 0;
    %load/vec4 v0x8fb127d40_0;
    %nor/r;
    %flag_set/vec4 8;
    %jmp/1 T_74.124, 8;
    %load/vec4 v0x8fb128000_0;
    %flag_set/vec4 9;
    %flag_or 8, 9;
T_74.124;
    %jmp/0xz  T_74.122, 8;
    %load/vec4 v0x8fb127de0_0;
    %nor/r;
    %flag_set/vec4 8;
    %jmp/0xz  T_74.125, 8;
    %pushi/vec4 1, 0, 1;
    %dup/vec4;
    %load/vec4 v0x8fb1252c0_0;
    %flag_set/vec4 8;
    %flag_get/vec4 8;
    %jmp/1 T_74.131, 8;
    %load/vec4 v0x8fb125360_0;
    %or;
T_74.131;
    %cmp/u;
    %jmp/1 T_74.127, 6;
    %dup/vec4;
    %load/vec4 v0x8fb125400_0;
    %flag_set/vec4 8;
    %flag_get/vec4 8;
    %jmp/1 T_74.132, 8;
    %load/vec4 v0x8fb1254a0_0;
    %or;
T_74.132;
    %cmp/u;
    %jmp/1 T_74.128, 6;
    %dup/vec4;
    %load/vec4 v0x8fb1255e0_0;
    %cmp/u;
    %jmp/1 T_74.129, 6;
    %jmp T_74.130;
T_74.127 ;
    %pushi/vec4 2, 0, 2;
    %assign/vec4 v0x8fb128d20_0, 0;
    %jmp T_74.130;
T_74.128 ;
    %pushi/vec4 1, 0, 2;
    %assign/vec4 v0x8fb128d20_0, 0;
    %jmp T_74.130;
T_74.129 ;
    %pushi/vec4 0, 0, 2;
    %assign/vec4 v0x8fb128d20_0, 0;
    %jmp T_74.130;
T_74.130 ;
    %pop/vec4 1;
    %load/vec4 v0x8fb126f80_0;
    %assign/vec4 v0x8fb127840_0, 0;
    %load/vec4 v0x8fb125400_0;
    %assign/vec4 v0x8fb1277a0_0, 0;
    %load/vec4 v0x8fb1252c0_0;
    %assign/vec4 v0x8fb127700_0, 0;
    %load/vec4 v0x8fb12a3a0_0;
    %load/vec4 v0x8fb124140_0;
    %add;
    %assign/vec4 v0x8fb12a3a0_0, 0;
    %pushi/vec4 1, 0, 1;
    %store/vec4 v0x8fb12a760_0, 0, 1;
T_74.125 ;
    %load/vec4 v0x8fb127d40_0;
    %nor/r;
    %flag_set/vec4 9;
    %flag_get/vec4 9;
    %jmp/0 T_74.135, 9;
    %load/vec4 v0x8fb128000_0;
    %and;
T_74.135;
    %flag_set/vec4 8;
    %jmp/0xz  T_74.133, 8;
    %pushi/vec4 1, 0, 1;
    %dup/vec4;
    %load/vec4 v0x8fb127840_0;
    %cmp/u;
    %jmp/1 T_74.136, 6;
    %dup/vec4;
    %load/vec4 v0x8fb1277a0_0;
    %cmp/u;
    %jmp/1 T_74.137, 6;
    %dup/vec4;
    %load/vec4 v0x8fb127700_0;
    %cmp/u;
    %jmp/1 T_74.138, 6;
    %jmp T_74.139;
T_74.136 ;
    %load/vec4 v0x8fb128a00_0;
    %assign/vec4 v0x8fb12a4e0_0, 0;
    %jmp T_74.139;
T_74.137 ;
    %load/vec4 v0x8fb128a00_0;
    %parti/s 16, 0, 2;
    %pad/s 32;
    %assign/vec4 v0x8fb12a4e0_0, 0;
    %jmp T_74.139;
T_74.138 ;
    %load/vec4 v0x8fb128a00_0;
    %parti/s 8, 0, 2;
    %pad/s 32;
    %assign/vec4 v0x8fb12a4e0_0, 0;
    %jmp T_74.139;
T_74.139 ;
    %pop/vec4 1;
    %pushi/vec4 1, 0, 1;
    %assign/vec4 v0x8fb124640_0, 0;
    %pushi/vec4 1, 0, 1;
    %assign/vec4 v0x8fb124500_0, 0;
    %pushi/vec4 64, 0, 8;
    %assign/vec4 v0x8fb122f80_0, 0;
T_74.133 ;
T_74.122 ;
    %jmp T_74.15;
T_74.15 ;
    %pop/vec4 1;
T_74.6 ;
    %pushi/vec4 1, 0, 1;
    %flag_set/vec4 10;
    %flag_get/vec4 10;
    %jmp/0 T_74.143, 10;
    %load/vec4 v0x8fb12a6c0_0;
    %and;
T_74.143;
    %flag_set/vec4 9;
    %flag_get/vec4 9;
    %jmp/0 T_74.142, 9;
    %load/vec4 v0x8fb127de0_0;
    %flag_set/vec4 9;
    %flag_get/vec4 9;
    %jmp/1 T_74.144, 9;
    %load/vec4 v0x8fb127f20_0;
    %or;
T_74.144;
    %and;
T_74.142;
    %flag_set/vec4 8;
    %jmp/0xz  T_74.140, 8;
    %load/vec4 v0x8fb128d20_0;
    %pad/u 32;
    %cmpi/e 0, 0, 32;
    %flag_get/vec4 4;
    %jmp/0 T_74.147, 4;
    %load/vec4 v0x8fb12a3a0_0;
    %parti/s 2, 0, 2;
    %pad/u 32;
    %pushi/vec4 0, 0, 32;
    %cmp/ne;
    %flag_get/vec4 4;
    %and;
T_74.147;
    %flag_set/vec4 8;
    %jmp/0xz  T_74.145, 8;
    %pushi/vec4 128, 0, 8;
    %assign/vec4 v0x8fb122f80_0, 0;
T_74.145 ;
    %load/vec4 v0x8fb128d20_0;
    %pad/u 32;
    %cmpi/e 1, 0, 32;
    %flag_get/vec4 4;
    %jmp/0 T_74.150, 4;
    %load/vec4 v0x8fb12a3a0_0;
    %parti/s 1, 0, 2;
    %pad/u 32;
    %pushi/vec4 0, 0, 32;
    %cmp/ne;
    %flag_get/vec4 4;
    %and;
T_74.150;
    %flag_set/vec4 8;
    %jmp/0xz  T_74.148, 8;
    %pushi/vec4 128, 0, 8;
    %assign/vec4 v0x8fb122f80_0, 0;
T_74.148 ;
T_74.140 ;
    %pushi/vec4 1, 0, 1;
    %flag_set/vec4 11;
    %flag_get/vec4 11;
    %jmp/0 T_74.155, 11;
    %load/vec4 v0x8fb12a6c0_0;
    %and;
T_74.155;
    %flag_set/vec4 10;
    %flag_get/vec4 10;
    %jmp/0 T_74.154, 10;
    %load/vec4 v0x8fb127e80_0;
    %and;
T_74.154;
    %flag_set/vec4 9;
    %flag_get/vec4 9;
    %jmp/0 T_74.153, 9;
    %load/vec4 v0x8fb12a580_0;
    %parti/s 2, 0, 2;
    %or/r;
    %and;
T_74.153;
    %flag_set/vec4 8;
    %jmp/0xz  T_74.151, 8;
    %pushi/vec4 128, 0, 8;
    %assign/vec4 v0x8fb122f80_0, 0;
T_74.151 ;
    %load/vec4 v0x8fb12a6c0_0;
    %nor/r;
    %flag_set/vec4 8;
    %jmp/1 T_74.158, 8;
    %load/vec4 v0x8fb128000_0;
    %flag_set/vec4 9;
    %flag_or 8, 9;
T_74.158;
    %jmp/0xz  T_74.156, 8;
    %pushi/vec4 0, 0, 1;
    %assign/vec4 v0x8fb127d40_0, 0;
    %pushi/vec4 0, 0, 1;
    %assign/vec4 v0x8fb127e80_0, 0;
    %pushi/vec4 0, 0, 1;
    %assign/vec4 v0x8fb127de0_0, 0;
    %pushi/vec4 0, 0, 1;
    %assign/vec4 v0x8fb127f20_0, 0;
T_74.156 ;
    %load/vec4 v0x8fb12a800_0;
    %flag_set/vec4 8;
    %jmp/0xz  T_74.159, 8;
    %pushi/vec4 1, 0, 1;
    %assign/vec4 v0x8fb127e80_0, 0;
T_74.159 ;
    %load/vec4 v0x8fb12a760_0;
    %flag_set/vec4 8;
    %jmp/0xz  T_74.161, 8;
    %pushi/vec4 1, 0, 1;
    %assign/vec4 v0x8fb127de0_0, 0;
T_74.161 ;
    %load/vec4 v0x8fb12a8a0_0;
    %flag_set/vec4 8;
    %jmp/0xz  T_74.163, 8;
    %pushi/vec4 1, 0, 1;
    %assign/vec4 v0x8fb127f20_0, 0;
T_74.163 ;
    %load/vec4 v0x8fb129040_0;
    %pushi/vec4 4294967295, 0, 32;
    %and;
    %assign/vec4 v0x8fb126a80_0, 0;
    %pushi/vec4 4294967295, 4294967295, 32;
    %store/vec4 v0x8fb123340_0, 0, 32;
    %jmp T_74;
    .thread T_74;
    .scope S_0x8fa4d9380;
T_75 ;
    %wait E_0x8fb0d2c80;
    %load/vec4 v0x8fb120140_0;
    %parti/s 1, 0, 2;
    %flag_set/vec4 8;
    %jmp/0xz  T_75.0, 8;
    %load/vec4 v0x8fb11bf20_0;
    %parti/s 8, 0, 2;
    %load/vec4 v0x8fb11bde0_0;
    %pad/u 10;
    %ix/vec4 3;
    %ix/load 4, 0, 0; Constant delay
    %assign/vec4/a/d v0x8fb1200a0, 0, 4;
T_75.0 ;
    %load/vec4 v0x8fb120140_0;
    %parti/s 1, 1, 2;
    %flag_set/vec4 8;
    %jmp/0xz  T_75.2, 8;
    %load/vec4 v0x8fb11bf20_0;
    %parti/s 8, 8, 5;
    %load/vec4 v0x8fb11bde0_0;
    %pad/u 10;
    %ix/vec4 3;
    %ix/load 4, 8, 0; part off
    %ix/load 5, 0, 0; Constant delay
    %assign/vec4/a/d v0x8fb1200a0, 4, 5;
T_75.2 ;
    %load/vec4 v0x8fb120140_0;
    %parti/s 1, 2, 3;
    %flag_set/vec4 8;
    %jmp/0xz  T_75.4, 8;
    %load/vec4 v0x8fb11bf20_0;
    %parti/s 8, 16, 6;
    %load/vec4 v0x8fb11bde0_0;
    %pad/u 10;
    %ix/vec4 3;
    %ix/load 4, 16, 0; part off
    %ix/load 5, 0, 0; Constant delay
    %assign/vec4/a/d v0x8fb1200a0, 4, 5;
T_75.4 ;
    %load/vec4 v0x8fb120140_0;
    %parti/s 1, 3, 3;
    %flag_set/vec4 8;
    %jmp/0xz  T_75.6, 8;
    %load/vec4 v0x8fb11bf20_0;
    %parti/s 8, 24, 6;
    %load/vec4 v0x8fb11bde0_0;
    %pad/u 10;
    %ix/vec4 3;
    %ix/load 4, 24, 0; part off
    %ix/load 5, 0, 0; Constant delay
    %assign/vec4/a/d v0x8fb1200a0, 4, 5;
T_75.6 ;
    %load/vec4 v0x8fb11bde0_0;
    %pad/u 10;
    %ix/vec4 4;
    %load/vec4a v0x8fb1200a0, 4;
    %assign/vec4 v0x8fb120000_0, 0;
    %jmp T_75;
    .thread T_75;
    .scope S_0x8fa4da100;
T_76 ;
    %pushi/vec4 0, 0, 2;
    %store/vec4 v0x8fb12c960_0, 0, 2;
    %pushi/vec4 0, 0, 9;
    %store/vec4 v0x8fb12c640_0, 0, 9;
    %pushi/vec4 0, 0, 3;
    %store/vec4 v0x8fb12c460_0, 0, 3;
    %pushi/vec4 0, 0, 8;
    %store/vec4 v0x8fb12c820_0, 0, 8;
    %end;
    .thread T_76, $init;
    .scope S_0x8fa4da100;
T_77 ;
    %wait E_0x8fb0d2f80;
    %load/vec4 v0x8fb12c780_0;
    %nor/r;
    %flag_set/vec4 8;
    %jmp/0xz  T_77.0, 8;
    %pushi/vec4 0, 0, 2;
    %assign/vec4 v0x8fb12c960_0, 0;
    %pushi/vec4 1, 0, 1;
    %assign/vec4 v0x8fb12ca00_0, 0;
    %pushi/vec4 0, 0, 1;
    %assign/vec4 v0x8fb12c500_0, 0;
    %jmp T_77.1;
T_77.0 ;
    %load/vec4 v0x8fb12c960_0;
    %dup/vec4;
    %pushi/vec4 0, 0, 2;
    %cmp/u;
    %jmp/1 T_77.2, 6;
    %dup/vec4;
    %pushi/vec4 1, 0, 2;
    %cmp/u;
    %jmp/1 T_77.3, 6;
    %dup/vec4;
    %pushi/vec4 2, 0, 2;
    %cmp/u;
    %jmp/1 T_77.4, 6;
    %dup/vec4;
    %pushi/vec4 3, 0, 2;
    %cmp/u;
    %jmp/1 T_77.5, 6;
    %jmp T_77.6;
T_77.2 ;
    %pushi/vec4 1, 0, 1;
    %assign/vec4 v0x8fb12ca00_0, 0;
    %pushi/vec4 0, 0, 1;
    %assign/vec4 v0x8fb12c500_0, 0;
    %load/vec4 v0x8fb12c8c0_0;
    %flag_set/vec4 8;
    %jmp/0xz  T_77.7, 8;
    %load/vec4 v0x8fb12c6e0_0;
    %assign/vec4 v0x8fb12c820_0, 0;
    %pushi/vec4 7, 0, 9;
    %assign/vec4 v0x8fb12c640_0, 0;
    %pushi/vec4 1, 0, 1;
    %assign/vec4 v0x8fb12c500_0, 0;
    %pushi/vec4 0, 0, 1;
    %assign/vec4 v0x8fb12ca00_0, 0;
    %pushi/vec4 1, 0, 2;
    %assign/vec4 v0x8fb12c960_0, 0;
T_77.7 ;
    %jmp T_77.6;
T_77.3 ;
    %load/vec4 v0x8fb12c640_0;
    %pad/u 32;
    %cmpi/e 0, 0, 32;
    %jmp/0xz  T_77.9, 4;
    %load/vec4 v0x8fb12c820_0;
    %parti/s 1, 0, 2;
    %assign/vec4 v0x8fb12ca00_0, 0;
    %pushi/vec4 1, 0, 1;
    %load/vec4 v0x8fb12c820_0;
    %parti/s 7, 1, 2;
    %concat/vec4; draw_concat_vec4
    %assign/vec4 v0x8fb12c820_0, 0;
    %pushi/vec4 7, 0, 9;
    %assign/vec4 v0x8fb12c640_0, 0;
    %pushi/vec4 0, 0, 3;
    %assign/vec4 v0x8fb12c460_0, 0;
    %pushi/vec4 2, 0, 2;
    %assign/vec4 v0x8fb12c960_0, 0;
    %jmp T_77.10;
T_77.9 ;
    %load/vec4 v0x8fb12c640_0;
    %subi 1, 0, 9;
    %assign/vec4 v0x8fb12c640_0, 0;
T_77.10 ;
    %jmp T_77.6;
T_77.4 ;
    %load/vec4 v0x8fb12c640_0;
    %pad/u 32;
    %cmpi/e 0, 0, 32;
    %jmp/0xz  T_77.11, 4;
    %load/vec4 v0x8fb12c460_0;
    %pad/u 32;
    %cmpi/e 7, 0, 32;
    %jmp/0xz  T_77.13, 4;
    %pushi/vec4 1, 0, 1;
    %assign/vec4 v0x8fb12ca00_0, 0;
    %pushi/vec4 7, 0, 9;
    %assign/vec4 v0x8fb12c640_0, 0;
    %pushi/vec4 3, 0, 2;
    %assign/vec4 v0x8fb12c960_0, 0;
    %jmp T_77.14;
T_77.13 ;
    %load/vec4 v0x8fb12c460_0;
    %addi 1, 0, 3;
    %assign/vec4 v0x8fb12c460_0, 0;
    %load/vec4 v0x8fb12c820_0;
    %parti/s 1, 0, 2;
    %assign/vec4 v0x8fb12ca00_0, 0;
    %pushi/vec4 1, 0, 1;
    %load/vec4 v0x8fb12c820_0;
    %parti/s 7, 1, 2;
    %concat/vec4; draw_concat_vec4
    %assign/vec4 v0x8fb12c820_0, 0;
    %pushi/vec4 7, 0, 9;
    %assign/vec4 v0x8fb12c640_0, 0;
T_77.14 ;
    %jmp T_77.12;
T_77.11 ;
    %load/vec4 v0x8fb12c640_0;
    %subi 1, 0, 9;
    %assign/vec4 v0x8fb12c640_0, 0;
T_77.12 ;
    %jmp T_77.6;
T_77.5 ;
    %load/vec4 v0x8fb12c640_0;
    %pad/u 32;
    %cmpi/e 0, 0, 32;
    %jmp/0xz  T_77.15, 4;
    %pushi/vec4 1, 0, 1;
    %assign/vec4 v0x8fb12ca00_0, 0;
    %pushi/vec4 0, 0, 1;
    %assign/vec4 v0x8fb12c500_0, 0;
    %pushi/vec4 0, 0, 2;
    %assign/vec4 v0x8fb12c960_0, 0;
    %jmp T_77.16;
T_77.15 ;
    %load/vec4 v0x8fb12c640_0;
    %subi 1, 0, 9;
    %assign/vec4 v0x8fb12c640_0, 0;
T_77.16 ;
    %jmp T_77.6;
T_77.6 ;
    %pop/vec4 1;
T_77.1 ;
    %jmp T_77;
    .thread T_77;
    .scope S_0x8fa4d9200;
T_78 ;
    %pushi/vec4 0, 0, 4;
    %store/vec4 v0x8fb12e760_0, 0, 4;
    %pushi/vec4 0, 0, 1;
    %store/vec4 v0x8fb12db80_0, 0, 1;
    %pushi/vec4 63, 0, 6;
    %store/vec4 v0x8fb12dea0_0, 0, 6;
    %pushi/vec4 0, 0, 1;
    %store/vec4 v0x8fb12e9e0_0, 0, 1;
    %pushi/vec4 0, 0, 1;
    %store/vec4 v0x8fb12da40_0, 0, 1;
    %pushi/vec4 0, 0, 8;
    %store/vec4 v0x8fb12d9a0_0, 0, 8;
    %end;
    .thread T_78, $init;
    .scope S_0x8fa4d9200;
T_79 ;
    %wait E_0x8fb0d2c80;
    %load/vec4 v0x8fb12e760_0;
    %parti/s 3, 0, 2;
    %load/vec4 v0x8fb12e620_0;
    %concat/vec4; draw_concat_vec4
    %assign/vec4 v0x8fb12e760_0, 0;
    %jmp T_79;
    .thread T_79;
    .scope S_0x8fa4d9200;
T_80 ;
    %wait E_0x8fb0d2c80;
    %load/vec4 v0x8fb12d860_0;
    %assign/vec4 v0x8fb12d680_0, 0;
    %jmp T_80;
    .thread T_80;
    .scope S_0x8fa4d9200;
T_81 ;
    %wait E_0x8fb0d2c80;
    %pushi/vec4 0, 0, 1;
    %assign/vec4 v0x8fb12db80_0, 0;
    %load/vec4 v0x8fb12dae0_0;
    %load/vec4 v0x8fb12dc20_0;
    %and;
    %flag_set/vec4 8;
    %jmp/0xz  T_81.0, 8;
    %pushi/vec4 1, 0, 1;
    %assign/vec4 v0x8fb12db80_0, 0;
    %load/vec4 v0x8fb12e3a0_0;
    %parti/s 1, 0, 2;
    %flag_set/vec4 8;
    %jmp/0xz  T_81.2, 8;
    %load/vec4 v0x8fb12e1c0_0;
    %parti/s 6, 0, 2;
    %assign/vec4 v0x8fb12dea0_0, 0;
T_81.2 ;
T_81.0 ;
    %jmp T_81;
    .thread T_81;
    .scope S_0x8fa4d9200;
T_82 ;
    %wait E_0x8fb0d2c80;
    %pushi/vec4 0, 0, 1;
    %assign/vec4 v0x8fb12e9e0_0, 0;
    %pushi/vec4 0, 0, 1;
    %assign/vec4 v0x8fb12da40_0, 0;
    %load/vec4 v0x8fb12dae0_0;
    %load/vec4 v0x8fb12eb20_0;
    %and;
    %flag_set/vec4 8;
    %jmp/0xz  T_82.0, 8;
    %pushi/vec4 1, 0, 1;
    %assign/vec4 v0x8fb12e9e0_0, 0;
    %load/vec4 v0x8fb12e3a0_0;
    %parti/s 1, 0, 2;
    %flag_set/vec4 9;
    %flag_get/vec4 9;
    %jmp/0 T_82.4, 9;
    %load/vec4 v0x8fb12e940_0;
    %nor/r;
    %and;
T_82.4;
    %flag_set/vec4 8;
    %jmp/0xz  T_82.2, 8;
    %load/vec4 v0x8fb12e1c0_0;
    %parti/s 8, 0, 2;
    %assign/vec4 v0x8fb12d9a0_0, 0;
    %pushi/vec4 1, 0, 1;
    %assign/vec4 v0x8fb12da40_0, 0;
T_82.2 ;
T_82.0 ;
    %jmp T_82;
    .thread T_82;
    .scope S_0x104e061a0;
T_83 ;
    %pushi/vec4 0, 0, 1;
    %store/vec4 v0x8fb12f480_0, 0, 1;
    %pushi/vec4 0, 0, 1;
    %store/vec4 v0x8fb12fa20_0, 0, 1;
    %pushi/vec4 1, 0, 1;
    %store/vec4 v0x8fb12fb60_0, 0, 1;
    %end;
    .thread T_83, $init;
    .scope S_0x104e061a0;
T_84 ;
    %delay 5000, 0;
    %load/vec4 v0x8fb12f480_0;
    %inv;
    %store/vec4 v0x8fb12f480_0, 0, 1;
    %jmp T_84;
    .thread T_84;
    .scope S_0x104e061a0;
T_85 ;
    %pushi/vec4 0, 0, 32;
    %store/vec4 v0x8fb12f660_0, 0, 32;
    %vpi_func 4 137 "$value$plusargs" 32, "PROG=%s", v0x8fb12f8e0_0 {0 0 0};
    %nor/r;
    %flag_set/vec4 8;
    %jmp/0xz  T_85.0, 8;
    %pushi/vec4 0, 0, 32; draw_string_vec4
    %pushi/vec4 0, 0, 32; draw_string_vec4
    %concat/vec4; draw_string_vec4
    %pushi/vec4 0, 0, 32; draw_string_vec4
    %concat/vec4; draw_string_vec4
    %pushi/vec4 0, 0, 32; draw_string_vec4
    %concat/vec4; draw_string_vec4
    %pushi/vec4 0, 0, 32; draw_string_vec4
    %concat/vec4; draw_string_vec4
    %pushi/vec4 0, 0, 32; draw_string_vec4
    %concat/vec4; draw_string_vec4
    %pushi/vec4 0, 0, 32; draw_string_vec4
    %concat/vec4; draw_string_vec4
    %pushi/vec4 0, 0, 32; draw_string_vec4
    %concat/vec4; draw_string_vec4
    %pushi/vec4 0, 0, 32; draw_string_vec4
    %concat/vec4; draw_string_vec4
    %pushi/vec4 0, 0, 32; draw_string_vec4
    %concat/vec4; draw_string_vec4
    %pushi/vec4 0, 0, 32; draw_string_vec4
    %concat/vec4; draw_string_vec4
    %pushi/vec4 0, 0, 32; draw_string_vec4
    %concat/vec4; draw_string_vec4
    %pushi/vec4 0, 0, 32; draw_string_vec4
    %concat/vec4; draw_string_vec4
    %pushi/vec4 0, 0, 32; draw_string_vec4
    %concat/vec4; draw_string_vec4
    %pushi/vec4 0, 0, 32; draw_string_vec4
    %concat/vec4; draw_string_vec4
    %pushi/vec4 0, 0, 32; draw_string_vec4
    %concat/vec4; draw_string_vec4
    %pushi/vec4 0, 0, 32; draw_string_vec4
    %concat/vec4; draw_string_vec4
    %pushi/vec4 0, 0, 32; draw_string_vec4
    %concat/vec4; draw_string_vec4
    %pushi/vec4 0, 0, 32; draw_string_vec4
    %concat/vec4; draw_string_vec4
    %pushi/vec4 0, 0, 32; draw_string_vec4
    %concat/vec4; draw_string_vec4
    %pushi/vec4 0, 0, 32; draw_string_vec4
    %concat/vec4; draw_string_vec4
    %pushi/vec4 0, 0, 32; draw_string_vec4
    %concat/vec4; draw_string_vec4
    %pushi/vec4 0, 0, 32; draw_string_vec4
    %concat/vec4; draw_string_vec4
    %pushi/vec4 0, 0, 32; draw_string_vec4
    %concat/vec4; draw_string_vec4
    %pushi/vec4 46, 0, 32; draw_string_vec4
    %concat/vec4; draw_string_vec4
    %pushi/vec4 774857333, 0, 32; draw_string_vec4
    %concat/vec4; draw_string_vec4
    %pushi/vec4 1768711215, 0, 32; draw_string_vec4
    %concat/vec4; draw_string_vec4
    %pushi/vec4 1952805748, 0, 32; draw_string_vec4
    %concat/vec4; draw_string_vec4
    %pushi/vec4 828337505, 0, 32; draw_string_vec4
    %concat/vec4; draw_string_vec4
    %pushi/vec4 1952984695, 0, 32; draw_string_vec4
    %concat/vec4; draw_string_vec4
    %pushi/vec4 1869767795, 0, 32; draw_string_vec4
    %concat/vec4; draw_string_vec4
    %pushi/vec4 778593656, 0, 32; draw_string_vec4
    %concat/vec4; draw_string_vec4
    %store/vec4 v0x8fb12f8e0_0, 0, 1024;
T_85.0 ;
    %vpi_func 4 138 "$value$plusargs" 32, "WORDS=%d", v0x8fb12fac0_0 {0 0 0};
    %nor/r;
    %flag_set/vec4 8;
    %jmp/0xz  T_85.2, 8;
    %pushi/vec4 11, 0, 32;
    %store/vec4 v0x8fb12fac0_0, 0, 32;
T_85.2 ;
    %vpi_func 4 139 "$value$plusargs" 32, "EXP=%d", v0x8fb12f700_0 {0 0 0};
    %nor/r;
    %flag_set/vec4 8;
    %jmp/0xz  T_85.4, 8;
    %pushi/vec4 13, 0, 32;
    %store/vec4 v0x8fb12f700_0, 0, 32;
T_85.4 ;
    %vpi_call/w 4 141 "$dumpfile", "tb_loader.vcd" {0 0 0};
    %vpi_call/w 4 141 "$dumpvars", 32'sb00000000000000000000000000000000, S_0x104e061a0 {0 0 0};
    %fork t_1, S_0x8fa4da280;
    %jmp t_0;
    .scope S_0x8fa4da280;
t_1 ;
    %pushi/vec4 0, 0, 32;
    %store/vec4 v0x8fb12ec60_0, 0, 32;
T_85.6 ; Top of for-loop
    %load/vec4 v0x8fb12ec60_0;
    %cmpi/s 2048, 0, 32;
	  %jmp/0xz T_85.7, 5;
    %pushi/vec4 0, 0, 32;
    %ix/getv/s 4, v0x8fb12ec60_0;
    %store/vec4a v0x8fb12f840, 4, 0;
T_85.8 ; for-loop step statement
    %load/vec4 v0x8fb12ec60_0;
    %addi 1, 0, 32;
    %store/vec4 v0x8fb12ec60_0, 0, 32;
    %jmp T_85.6;
T_85.7 ; for-loop exit label
    %end;
    .scope S_0x104e061a0;
t_0 %join;
    %vpi_call/w 4 148 "$readmemh", v0x8fb12f8e0_0, v0x8fb12f840 {0 0 0};
    %vpi_call/w 4 150 "$display", "\012============================================================" {0 0 0};
    %vpi_call/w 4 151 "$display", " LOADER TESTI  prog=%0s  words=%0d  beklenen=%0d", v0x8fb12f8e0_0, v0x8fb12fac0_0, v0x8fb12f700_0 {0 0 0};
    %vpi_call/w 4 153 "$display", "============================================================" {0 0 0};
    %pushi/vec4 0, 0, 1;
    %store/vec4 v0x8fb12fa20_0, 0, 1;
    %pushi/vec4 10, 0, 32;
T_85.9 %dup/vec4;
    %cmpi/s 0, 0, 32;
    %jmp/1xz T_85.10, 5;
    %jmp/1 T_85.10, 4;
    %subi 1, 0, 32;
    %wait E_0x8fb0d2c80;
    %jmp T_85.9;
T_85.10 ;
    %pop/vec4 1;
    %pushi/vec4 1, 0, 1;
    %store/vec4 v0x8fb12fa20_0, 0, 1;
    %pushi/vec4 10, 0, 32;
T_85.11 %dup/vec4;
    %cmpi/s 0, 0, 32;
    %jmp/1xz T_85.12, 5;
    %jmp/1 T_85.12, 4;
    %subi 1, 0, 32;
    %wait E_0x8fb0d2c80;
    %jmp T_85.11;
T_85.12 ;
    %pop/vec4 1;
    %fork t_3, S_0x8fa4da400;
    %jmp t_2;
    .scope S_0x8fa4da400;
t_3 ;
    %pushi/vec4 0, 0, 32;
    %store/vec4 v0x8fb12ed00_0, 0, 32;
T_85.13 ; Top of for-loop
    %load/vec4 v0x8fb12ed00_0;
    %load/vec4 v0x8fb12fac0_0;
    %cmp/s;
	  %jmp/0xz T_85.14, 5;
    %load/vec4 v0x8fb12fac0_0;
    %load/vec4 v0x8fb12ed00_0;
    %sub;
    %cmpi/s 8, 0, 32;
    %flag_mov 8, 5;
    %jmp/0 T_85.16, 8;
    %load/vec4 v0x8fb12fac0_0;
    %load/vec4 v0x8fb12ed00_0;
    %sub;
    %jmp/1 T_85.17, 8;
T_85.16 ; End of true expr.
    %pushi/vec4 8, 0, 32;
    %jmp/0 T_85.17, 8;
 ; End of false expr.
    %blend;
T_85.17;
    %store/vec4 v0x8fb12f3e0_0, 0, 32;
    %load/vec4 v0x8fb12ed00_0;
    %muli 4, 0, 32;
    %store/vec4 v0x8fb12f160_0, 0, 32;
    %load/vec4 v0x8fb12ed00_0;
    %store/vec4 v0x8fb12f340_0, 0, 32;
    %load/vec4 v0x8fb12f3e0_0;
    %store/vec4 v0x8fb12f200_0, 0, 32;
    %fork TD_tb_loader.send_write_chunk, S_0x8fa4daa00;
    %join;
T_85.15 ; for-loop step statement
    %load/vec4 v0x8fb12ed00_0;
    %addi 8, 0, 32;
    %store/vec4 v0x8fb12ed00_0, 0, 32;
    %jmp T_85.13;
T_85.14 ; for-loop exit label
    %end;
    .scope S_0x104e061a0;
t_2 %join;
    %fork TD_tb_loader.send_run, S_0x8fa4da880;
    %join;
    %fork TD_tb_loader.recv_byte, S_0x8fa4da580;
    %join;
    %load/vec4 v0x8fb12eda0_0;
    %store/vec4 v0x8fb12f980_0, 0, 8;
    %vpi_call/w 4 171 "$display", "  [<-]  CPU UART sonucu = %0d (0x%02x)  LED = %b", v0x8fb12f980_0, v0x8fb12f980_0, v0x8fb12f7a0_0 {0 0 0};
    %load/vec4 v0x8fb12f980_0;
    %load/vec4 v0x8fb12f700_0;
    %parti/s 8, 0, 2;
    %cmp/ne;
    %jmp/0xz  T_85.18, 6;
    %vpi_call/w 4 175 "$display", "  [HATA] Beklenen %0d, gelen %0d", v0x8fb12f700_0, v0x8fb12f980_0 {0 0 0};
    %load/vec4 v0x8fb12f660_0;
    %addi 1, 0, 32;
    %store/vec4 v0x8fb12f660_0, 0, 32;
T_85.18 ;
    %vpi_call/w 4 179 "$display", "------------------------------------------------------------" {0 0 0};
    %load/vec4 v0x8fb12f660_0;
    %cmpi/e 0, 0, 32;
    %jmp/0xz  T_85.20, 4;
    %vpi_call/w 4 181 "$display", " SONUC: GECTI" {0 0 0};
    %jmp T_85.21;
T_85.20 ;
    %vpi_call/w 4 183 "$display", " SONUC: KALDI (%0d hata)", v0x8fb12f660_0 {0 0 0};
T_85.21 ;
    %vpi_call/w 4 184 "$display", "============================================================\012" {0 0 0};
    %vpi_call/w 4 185 "$finish" {0 0 0};
    %end;
    .thread T_85;
    .scope S_0x104e061a0;
T_86 ;
    %delay 2755359744, 11;
    %vpi_call/w 4 188 "$display", "HATA: WATCHDOG zaman asimi!" {0 0 0};
    %vpi_call/w 4 188 "$finish" {0 0 0};
    %end;
    .thread T_86;
# The file index is used to find the file name in the following table.
:file_names 10;
    "N/A";
    "<interactive>";
    "-";
    "../rtl/picorv32.v";
    "tb_loader.v";
    "../rtl/top_loader.v";
    "../rtl/bram_mem.v";
    "../rtl/loader.v";
    "../rtl/uart_rx.v";
    "../rtl/uart_tx.v";
